id,orig_correct,para_correct,idiom_correct,x,gold_answer
93632c,True,False,False,Make-believe roles are not equally pleasurable'a feature of cooperation that is as true in everyday life as it is in fantasy play.,
22593c,False,True,False,One wonders whether the marriage had secretly taken place between the consecutive chapters!,
77820n,True,True,True,"They grew up in Lewisburg, NC, which is a little small town it's east of Raleigh.",
51847e,True,True,True,This usage points to yadda yadda yadda 's larger social It suggests that an ever-larger percentage of the content of everyday communication can be correctly anticipated--probably owing in part to the sheer repetition of words and arguments in the various public media.,
116377c,False,True,False,"China could never trump the warhead blizzard Washington would send in retaliation against any atomic attack, though the country would be loath to cede to U.S. missile defenses the deterrence afforded by its handfuls of warheads.",
75197e,True,True,True,"I shamelessly and freely borrowed the concept, making adaptations to fit our needs and used it as a direct mail appeal last fall...samples enclosed.",
125594n,False,False,False,Another White House murder mystery and a chance to bash the genre.,
18301n,True,False,False,Bin Ladin agreed to help Turabi in an ongoing war against African Christian separatists in southern Sudan and also to do some road building.,
145258e,True,True,True,"These processes are often reinforced with such comments from parents and teachers as, You'll never get anywhere nowadays without a college education.",
114745e,True,True,True,"As a result, 60 percent of our budget comes from United Way of Central Indiana, 10 percent from schools, and the remaining 30 percent from the generosity of business, our own fundraising activities and individual gifts.",
10974n,False,True,True,Any subsequent alterations to the data can be readily detected.,
107078e,True,True,True,I watched her hips shift in and out of the sides of her wrap.,
24091n,True,True,True,i guess it's just you know and when i think about that lady this this particular lady who wrote me a check for twelve dollars and it bounced and i sent it through you know sent it through the check through the bank once and she incurred at least a fifteen dollar fee,
3755n,True,True,True,"According to Miyares' wife, JoAnn, the decision changed his life.",
96733n,False,False,False,"For Johnson's Frenchie this becomes, Bid him go to hell, to hell he goes.",
51036e,True,True,False,"Similarly, OIM revised the electronic Grant Renewal Application to accommodate new information sought by LSC and to ensure greater ease for users.",
41052c,True,True,True,"HCFA published a Notice of Proposed Rulemaking on March 28, 1997 (62 Fed.",
39146e,True,True,True,"I am happy, by the way, that Abate did not say that studying Latin helps you to think clearly'an erroneous notion still often heard.",
122971e,True,False,False,"Consider Dickens' sharp image in Bleak House (Chapter LIV) when he describes how Sir Leicester leans back in his chair, and breathlessly ejaculates.",
17264n,True,True,True,"So after two or three days he called Callgrove and said, Don't bother coming in I found a guy better than you.",
28909n,True,True,True,I wanted to briefly share with you some of the specific uses of the funds that are donated each year.,
107577e,True,True,True,"The arches that flank the nave are filled with tiers of columns and the walls with windows, while the arches above the entrance and the apse are backed by semi-domes, further increasing the interior space.",
144272e,True,True,True,Workers are also represented in civil rights and retaliation claims.,
65388e,True,True,True,"At 9:24, Ballinger's warning to United 93 was received in the cockpit.",
97019c,True,True,True,"But what about a reference by MacNeil's partner, Jim Lehrer, to some ten thousand black gold and diamond miners [on strike in South Africa].",
131084n,True,True,True,Grantees statistically sample the cases closed in the previous year to determine if the sampled cases generally meet the requirements for reporting cases to LSC.,
74922c,True,True,True,"Penrith and Blencathra are also Celtic names, established during this early period of settlement.",
146070e,False,False,False,Game-trackers will be out by this time in an attempt to locate the tiger's hunting ground for the evening safari.,
141703c,True,True,True,"Keep young skins safe by covering them with sunblock or a T-shirt, even when in the water.",
114980n,False,False,False,San'doro's blood ran over Stark's blade and into Stark's other cupped hand.,
103922e,True,True,True,We cannot accomplish this goal without the financial help of our alumni and friends.,
141225c,True,True,True,The whole idea of such a procedure is enough to make one sweat bullets.,
30085n,True,True,True,someone else noticed it and i said well i guess that's true and it was somewhat melodio us in other words it wasn't just you know it was really funny,
106334n,False,False,False,Another commercial aircraft in the vicinity then radioed in with reports over the radio of a commuter plane hitting the World Trade Center.,
112208n,True,True,True,The Data Warehousing Institute provides education and training in the data warehousing and business intelligence industry.,
56524c,True,False,False,"It is difficult for the nonspecialist reader (like me) to assess the validity of his arguments, which are based on his contention that the language (and its congeners) were carried along by the spread of nomad pastoralism.",
73156e,False,True,False,and once we came here it was like gosh i just miss that because it really is exciting to be around people of different,
32946e,True,True,True,"One of the most significant changes in retail inventory management in recent years has been the introduction of vendor-managed inventory?(VMI) programs, also known as Continuous Replenishment Programs (CRP) or Continuous Product Replenishment (CPR).",
73585n,False,False,False,Many Greeks in Asia Minor were forced to leave their homes and brought an influence of eastern cadences with them.,
79952c,True,True,True,"For example, Bruce Barton's The Man Nobody Knows , a best seller in 1925-26, portrays Jesus as the ultimate businessman.",
48413e,True,True,True,"Audit committees should not only oversee both internal and external auditors, but also be proactively involved in understanding issues related to the complexity of the business, and, when appropriate, challenge management through discussion of choices regarding complex accounting, financial reporting, and auditing issues.",
35809c,True,True,True,"Evaluating the intent of the six principles, we observed that they naturally fell into three distinct sets, which we refer to as critical success factors.",
83914e,False,True,True,"He tried the radios, first calling the aircraft directly, then the airline.",
95338e,True,True,True,"Trump, who said he would decide by March whether to run for president, would likely spend $100 million to $200 million of his own money on a campaign.",
67106e,True,True,True,Control activities occur at all levels and functions of the entity.,
94110e,True,False,True,"-- After my infant son has done one of those cute things that portend a definitely-not-ordinary childhood, my mother-in-law asks, What would Mr. [ sic ] Spock say?",
47121c,True,True,True,"The castle itself comprises an early 17th-century tower house, restored with Irish oak from the park which is held together without a single nail.",
131675n,True,False,True,"To check this, the central bank has tripled interest rates and used hard currency reserves (now reduced to $10 billion in ready cash) to buy back rubles.",
124167n,True,True,True,"Among the sights in Beziers are the ancient Eglise Saint Jacques and Eglise Sainte Madeleine, the 19th-century Halles (covered market), and the massive Cathedrale Saint-Nazaire, from which there is a good view over the river valley.",
27213e,True,True,True,Projects which enliven and enrich the student experience and draw some of our finest scholars and teachers to our campus--and to our city.,
116663c,True,True,True,"Bin Ladin flew on a leased aircraft from Khartoum to Jalalabad, with a refueling stopover in the United Arab Emirates.",
78946e,True,True,True,"Beside the fortress lies an 18th-century caravanserai, or inn, which has been converted into a hotel, and now hosts regular folklore evenings of Turkish dance and music.",
20087n,True,True,True,uh wasn't that Jane Eyre no he wrote Jane Eyre too,
83910n,False,False,False,"The controller tracking American 77 told us he noticed the aircraft turning to the southwest, and then saw the data disappear.",
72032c,True,True,True,The best place to view the spring azaleas is at the Azalea Festival in the last week of April at Tokyo's Nezu shrine.,
124149e,True,True,True,"Lancame has begun to market a line of cosmetics called Nios??me, which lexics (opposite of dyslexics) may read as Noisame, a singularly unimaginative name for a it ranks with product names like Anusol (regardless of its pronunciation in commercials).",
62815c,True,True,True,and they're illegal so i don't think it would do us any good to outlaw them all together,
43876c,True,True,True,") Juvenal wrote his satire on Rome in the early years of the second century, during the reign of the Emperor Trajan.",
126829e,False,False,True,"To a Western ear, the most predictable of language traits, perhaps, is the well-advertised Japanese use of r for our l . Indeed, in my travels about Honshu during a three-month visit, I did hear coinrocker, see you rater, Adurt Graphics (dirty books), blackwrrants (hit-and-miss rendering of black walnuts), Coffee Corombia (a chain of coffee shops), and Coconut Glove.",
19291n,True,True,True,"In fact, not only was the scramble prompted by the mistaken information about American 11, but NEADS never received notice that American 77 was hijacked.",
141041e,True,True,True,"In 392 the Emperor Theodosius proclaimed Christianity to be the official religion of the Roman Empire, and on his death in 395 the empire was split once more, between his two sons, and was never again to be reunited.",
45769e,True,False,True,"Therefore, many leading finance organizations have calculated and compared these percentages as a general indication of how well they supported the organization's business objectives.",
40867n,False,True,False,so well i think we've taken up at least five minutes,
6792c,True,True,True,"Back to the subject of celebrity interviews, British magazines have published a huge number with actress Kate Winslet, the star of Titanic , to promote a new British film she has made.",
56829e,False,True,True,'I don't suppose you could forget I ever said that?',
97773n,True,True,True,"The park is a graceful and elegant expanse with fine views of the mountains, much loved by Dubliners since it was first opened to the public in 1747.",
28026e,True,False,True,"Clearly, true quality time for children is quantity time and more!",
49440c,True,True,True,"Many are based on industry-recognized models such as the Constructive Cost Model (COCOMO), PRICE, Putnam, and Jensen.",
60128e,False,False,True,You can help make this valuable program available to many persons who are not currently benefiting from dental care.,
136158e,True,True,True,"I was on this earth you know, I've lived on this earth for some reason, I just don't know what it is yet.",
89936c,True,True,True,"The second radio transmission, 35 seconds later, indicated that the fight was continuing.",
107302n,False,True,True,but like they always say you know got a good profit sharing plan just no profit,
39967n,False,False,False,The final rule contains a Federalism Assessment under Executive Order,
132837c,True,True,True,i also use my PC to emulate a mainframe terminal for our IBM mainframe and also to emulate a deck terminal for our deck machine,
84171c,True,True,True,"To foster productivity (physical output per worker) and constrain supervisory costs, wages are paid on a piece-rate basis, providing incentives for rapid completion of the operation.",
84934e,False,False,False,"Each year Cathedral High School makes a general solicitation of parents, alumni and friends.",
131443e,True,True,True,"But while the effort failed, it shows what Bin Ladin and his associates hoped to do.",
69580c,True,True,True,"This can lead to a condition called imprinting, where the baby grows up thinking it is a people instead of a duck.",
45921e,False,False,False,"Moreover, significant increases in state financial support for public higher education are extremely unlikely during the remainder of this decade.",
10229e,True,True,True,"The governing statute provides that a committee consisting of the Comptroller General, the Speaker of the House and President Pro Tempore of the Senate, the Majority and Minority leaders, and the Chairmen and Ranking Minority Members of the Senate Governmental Affairs and House Government Reform Committees recommend an individual to the President for appointment.",
123221e,True,True,True,Your gift to Goodwill will help the many people who want to tell their own stories of success.,
51742e,True,True,True,The materials then are searched for counterevidence and subsidiary or branching paths are laid out.,
75708c,True,True,True,"Societies seldom see what is central in their own cultures, having much less trouble identifying it in the cultures of others.",
17692c,True,True,True,"Crosethe Rue de Rivoli to the Palais-Royal, built for Car?­di?­nal Richelieu as his Paris residence in 1639, and originally named Palais-Cardinal.",
52171c,False,False,False,"For such a governmentwide review, an entrance conference is generally held with applicable central agencies, such as the Office of Management and Budget (OMB) or the Office of Personnel Management.",
101253c,False,False,False,"In his effort to build nationalism across Turkey in the 1920s, Ataterk instituted a campaign to suppress Kurdish identity that continues today.",
77238e,True,True,True,i voted in the last national one yeah i'm not sure if i got the last local one,
124855n,True,True,True,"Chennai, known until 1996 as Madras, is easy-going, pleasant, and remarkably uncrowded.",
4015c,True,True,True,NORAD would receive tracking information for the hijacked aircraft either from joint use radar or from the relevant FAA air traffic control facility.,
127759e,True,False,True,"This means that after sewing a bundle of items of one color, an operator must not only change the needle thread but also put in a new bobbin for each new color of fabric.",
90037c,True,True,True,"If you help me, I said, to move my livestock to Chapeltique.",
141272e,True,True,True,"The total was approximately 2800, but that is probably only a vague he undoubtedly missed some; some have sprung up since his time (modern Hebrew, for instance); and some have vanished.",
13316c,True,True,True,"She has exchanged a hollow life for a heightened life, and has tried to comprehend all its turns, get its possibilities.",
26460n,False,False,False,"While it's probably true that democracies are unlikely to go to war unless they're attacked, sometimes they are the first to take the offensive.",
86650e,True,True,True,"While headquarters staffing is to be streamlined, the staffing levels at the ports are to be maintained or increased.",
117487n,False,False,True,"3) Dare you rise to the occasion, like Raskolnikov, and reject the petty rules that govern lesser men?",
34872n,True,True,False,We have taken a number of steps to empower and invest in our employees.,
8269c,True,True,True,With a little practice almost anyone can flip off to an interesting rock formation and watch the multi-coloured fish pass in review.,
66754n,True,True,True,Any point you failed to win by rigging the questions and categories can be cleaned up in the executive summary (the pollster's spin) and the press release and news conference (the client's spin on the pollster's spin).,
31899n,False,False,False,"True, there is an occasional mention in his column of a point raised by a correspondent, and the Letters section of the Magazine prints a comment from time to time, but an important feature of the books is their inclusion of far more writer-reader interaction than one might suspect from reading the column alone.",
61308n,False,False,False,"In some cases, members initially participated because of an existing trust relationship with individual leaders or sponsors, and it was a challenge to keep them returning until they saw value in participating and had built trust with other members.",
83767n,True,True,True,Monsters have had starring roles in SF from its early years.,
92562c,True,True,True,"Representatives also came from organizations such as the Palestine Liberation Organization, Hamas, and Hezbollah.",
116552c,True,True,True,"In general, six elements appear purpose, type of data collected, method of data collection, design, method of data analysis, and reporting.",
108067c,True,True,True,"So, fill out the enclosed form and we'll be delighted to hear from you.",
12343c,True,True,True,"A little past the small theater built for local dramatic performances, there's a fine view across the bay to Basse-Terre.",
90100c,True,True,True,"They touch an object, hold it up, or point to it while looking at another person to make sure he or she notices.",
19639n,True,True,True,"Although I'm certain it amused Scott Shuger (an amusing guy, to judge by the terrific Today's Papers) to join the ranks of those who have publicly disparaged Linda Tripp, the fact remains that nothing in his piece, , reflects at all on Tripp herself.",
34920e,True,True,True,i mean that's a real attractive option if you have the the technology for it all it was was you know i mean she just used a phone modem and she was like she was sitting in the office,
8377n,False,False,False,Tax dollars that would have been spent on public assistance are saved.,
56101n,True,True,True,"Conversely, an increase in government saving adds to the supply of resources available for investment and may put downward pressure on interest rates.",
82823n,True,True,True,Miyares spent the next four months in hospitals in Japan and the U.S. before being medically discharged from the Army with as service-connected disability for diabetes.,
65012n,False,False,False,She boldly marched into a bookstore and asked the salesclerk for a copy each of Hemingway's The Sun Come Up Again and Throw Away the Gun and Steinbeck's The Angry Grape . Is there a term for the errors that creep in while translating a passage back into the original tongue?,
113053n,False,False,False,that's right you can work yourself to death well i'm sorry to hear your color didn't come out so good over the weekend,
23057c,True,True,True,Enclosed is a specially prepared and entertaining crossword puzzle that challenges your knowledge about the law school.,
9147e,True,True,True,you know some of the really the really emotional ones have you followed the Dallas elections on zoning,
107015e,True,True,True,Your gift to Goodwill will help us do even more this year because your gift will be used to directly support our work.,
17932n,True,True,True,The first President Bush had authorized the use of U.S. military forces to ensure humanitarian relief in war-torn Somalia.,
40117n,True,True,True,"Well, as a teacher, do you see reading as something that is still important in families today?",
55561n,False,False,False,"Cultural festivals are one opportunity, but the better way is at a private wedding or feast day when the performances are set in their true context.",
39390c,True,True,True,yeah most mine generally stay in the windows they're they're,
86909c,True,True,True,"Regulation M is adopted under the Securities Act, 15 U.S.C.",
101918c,True,True,True,"Given the volatile nature of demand in many industries, an assumption of stability is suspect, meaning that forecasts based on historical sales data may be less accurate than the historical data suggest.",
12226c,True,True,True,"As the Tokugawa shoguns had feared, this opening of the floodgates of Western culture after such prolonged isolation had a traumatic effect on Japanese society.",
42527e,False,False,False,"Most of the book is an A-Z listing of words that are, for the most part, sexist, but, as the author sets forth in the User's Guide, Some words are included here because they are Is a belly dancer always a woman?",
138500n,False,False,False,"I think as soon as they get you, they'll come for me.",
32252e,True,True,True,"In the course of this chapter, I have had much to say about just how parents and teachers can capitalize on children's natural propensities.",
143142e,True,False,True,"United 93 was spotted by another aircraft, and, at 10:01, the Command Center advised FAA headquarters that one of the aircraft had seen United 93 waving his wings.",
138728c,True,True,False,"A roughly approximate atonal pronunciation is thus moo-gwoo . A family resemblance, to be sure, but far from me gook.",
141585e,False,False,True,Groundhog hole found the front tire of the motorcycle and I managed to fly over the handlebars.,
117974n,True,False,True,The baby has learned that only when he is distraught will the parent reliably come to his aid.,
58170e,True,True,True,A lot of people rely on their local government for protection.,
128421n,False,True,True,right and uh there's usually nobody running against you know the incumbents,
103053n,False,True,False,Engineers designed operations to take similar lengths of time to achieve line balancing.,
21702c,True,True,True,There are no means of destroying it; and he dare not keep it.,
73440c,True,True,True,well that's pretty typical though uh i don't uh i don't guess it's going to be any much different uh than than it has been in the past so i expect uh July and August we'll see our or uh share of hundred degree days,
133297e,False,True,False,"Don't mean the police, but the people that are right in it.",
31369c,True,True,True,"But for some recipients, there is a downside to the checks from Anthem Inc., issued to policyholders as part of the insurer's conversion to a publicly traded company.",
137957e,True,True,True,It suggests that many parents who feel overwhelmed by life's demands ought to be able to free up more time for their children'the first step toward high-quality child rearing.,
22246e,True,True,True,"You can find out more about our work and environmental developments on Beacon Hill at ELM' s website, www.EnvironmentalLeague.org.",
23264c,True,True,True,"Among the factors that are expected to have a substantial impact on employment in the textiles and apparel industries, perhaps the most influential will be the trade policy agreed to in the GATT.",
98489n,False,True,True,"But it's for us to get busy and do something.""",
16578e,True,True,True,"It's a relatively painless experience and not very cumbersome to deal with, not bad.",
140061c,True,True,True,All of this is possible because we are a statewide member network.,
94575n,True,True,True,"For example, the first number in Column (10) shows that in FY 1997, the volume of mail sent by households to other households represented 6.6 percent of total First-Class volume.",
121113n,True,True,True,"In particular, advanced practices in distribution and modular production interact with each other because they both reduce throughput time.",
76483e,False,True,True,yeah maybe the maybe they'll bring their good schools with them you know if the industry comes,
43759e,False,True,True,"' For English, this means a capacity to add the Latinate onto the vernacular, then Greek onto the Latinate, so that you can eat a hearty breakfast, and be cordial afterwards without suffering from cardiac arrest.",
96754c,True,True,True,"They wanted you, so they got you."" Dave considered it.",
8891n,True,True,False,"I regretfully acknowledge that it may even make practical sense to have a few hired guns like Norquist, Downey, and Weber around--people of value only for their connections to power, not for any knowledge or talent.",
138894c,True,True,True,You will soon receive information from the Alumni Association with the details.,
35422e,True,True,True,"Marina del Rey is another, where you can also charter a yacht.",
44834n,False,False,False,"In short, we all got tired of clever analyses of what might happen; and throughout economics there was a shift in focus away from theorizing, toward data collection and careful statistical analysis.",
121116n,True,True,False,"The time saved in production can be lost if the distribution method is slow, or if there are other impediments to the movement of products from the apparel-maker to the retailer.",
87747e,True,True,True,"In most methods, we plan for data collection, then we collect the information, then we analyze it, and then we write the report.",
38824e,False,False,False,Gore has been Clinton's lackey for more than six years.,
66050e,True,True,False,"It took me really a long time to sort what was going on in my mind out, she said.",
114092n,False,False,False,You will find attached this survey plus our directional statement (goals) for 1993 that is a direct result of the survey.,
70894e,True,True,True,"The next two chapters examine apparel operations, starting with a look at the use of information technologies and automation equipment in the preassembly stages of garment-making (Chapter 8) and then the sewing room (Chapter 9).",
91267c,False,True,False,"The work in question offers nothing regarding language, so its review here is ancillary to the main function of VERBATIM.",
104837c,True,True,True,Some management consultants describe dysfunctional interactions with one's fellow workers as value-subtracting behavior.,
45957n,True,True,True,"Bauerstein had been at Styles on the fatal night, and added: ""He said twice: 'That alters everything.' And I've been thinking.",
44332c,True,True,True,"Students acquire experience through faculty-supervised clinics, trial practice courses, moot court, client counseling, and pro bono programs",
63268e,True,True,True,"As a result, some of the fashion-oriented products that had been sourced offshore can then return to the United States.",
113668c,True,True,True,"If necessary to meeting the restrictions imposed in the preceding sentence, the Administrator shall reduce, pro rata, the basic Phase II allowance allocations for each unit subject to the requirements of section 414.",
99493n,False,False,False,"When Isaac Bashevis Singer was awarded the Nobel Prize for Literature in 1978, he remarked in his acceptance",
83409e,True,True,True,"Part 2), Confidentiality of Alcohol and Drug Abuse Patient Records.",
22136n,False,False,False,"Usually the records were taken from their jackets and loaded naked in stacks, where they picked up dust, scratched one another, and traded static electricity.",
31208n,False,False,False,"His ruthless campaigns resulted in more than 600,000 Irish dead or deported.",
48937e,True,True,True,"All the steps of data reduction and coding are described, along with the basis for transformations in these steps.",
43503c,True,True,True,The analyses comply with the informational requirements of the sections including the classes of small entities subject to the rule and alternatives considered to reduce the burden on the small entities.,
80446n,True,True,True,well um i uh exercise regularly i work at a university and i swim almost everyday,
96497e,True,True,True,Its institutions take many forms and survive under many different political regimes.,
45749n,True,True,True,"Perhaps all we can say of great acting is that it involves assimilation rather than accumulation, that the performer isn't so much a surrogate as a vessel.",
38888c,True,True,True,in one sense um i'm i'm an older person in my fifties so i feel that we've lost some things in the sense that women have to work today,
142512e,True,True,True,"(Note that there is a 95 percent chance that demand will be less than seventeen units next week'thus, if our buyer decides to stock seventeen units at the beginning of the week, the store should be able to offer a 95 percent order fulfillment rate on this SKU.)",
46257e,True,True,True,huh-uh i don't even want to go anywhere yeah that's about it,
120226e,True,True,True,But in 1799 doom was signaled for the cane monopoly with the appearance of the cheaper sugar beet.,
14835e,True,True,True,So we took a chance on it and started following the billboards.,
68430e,True,True,True,"I fact, I took you to Louisa May Alcott's home in Massachusetts, and we, ah, umm--.",
43475e,True,False,True,yeah i think i'll probably just have to go with one of those splint braces or something,
42983n,True,True,True,The town is also known for its sparkling wine and for the caves where about 70 per?­cent of France's cultivated mushrooms are grown.,
80220c,False,False,False,"The streets are crammed with vendors selling shrine offerings of sweets, curds, and coconut, as well as garlands and holy images.",
57163c,False,False,False,"While documenting the basis for judgments can be more difficult than documenting nonjudgmental information, overall the chain of evidence or audit trail techniques should not pose any greater difficulty for GAO evaluators than our documentation procedures for other evaluation methods.",
121111n,False,True,False,"In other words, the savings created in throughput reduction in assembly were lost on the shipping dock.",
89900e,True,True,True,"In the past eight years SEND has renovated over 70 homes for affordable resale to families, created more than 100 high quality apartments, assisted 20 businesses to expand or improve their facilities, created three new parks, and taught more than 200 youth work ethics and skills.",
45489n,False,False,False,"There are lengthy usage notes and synonym studies in W that do not appear in L at all or in greatly abbreviated form, sometimes mercifully so, for W occasionally succumbs to prolixity.",
58194c,False,False,False,"If you need to use the mail, it would be helpful if you sent your comments both in writing and on diskette (in Word or ASCII format).",
38441n,True,False,False,For the next two centuries Aelia Capitolina enjoyed an innocuous history.,
60679e,True,True,True,"Consider, for example, a 9-month-old infant who has never before seen a jack-in-the-box.",
10561n,False,True,False,"Lalley also is enthused about other bar efforts on behalf of the poor, most notably the Legal Assistance Center will operate out of the new courthouse.",
112993n,True,True,False,"As graduates of the class of 1990, we would like to leave behind something tangible, in appreciation for the support and encouragement we have received from other students in the School of Engineering and Technology.",
123703n,True,False,True,"Specifically, by defining mission improvement objectives, senior executives determine whether their organization needs a CIO who is a networking/marketing specialist, business change agent, operations specialist, policy/oversight manager, or any combination thereof.",
79245e,False,False,False,With dark eyes and eyelashes she would have been a beauty.,
109241n,True,True,True,"Sitting up at night is always rather jumpy, she confessed.",
23273n,True,True,True,i am surprised though that we do have so many that are in politics down here,
92591e,True,True,True,"Lower-level officials improvised-for example, the FAA's Boston Center bypassed the chain of command and directly contacted NEADS after the first hijacking.",
118601n,False,True,False,"""If you people only knew how fatally easy it is to poison some one by mistake, you wouldn't joke about it.",
1949e,True,True,True,Each prospective and current program is evaluated on the basis of its support of one or more aspects of women's needs.,
143996c,True,True,True,"One of the city's attractions is the shopping center around the Place Darcy and Rue de la Libert??, where you can hunt for such regional delicacies as the famous mustards; pain d'??pices (gingerbread); and cassis, the blackcurrant liqueur that turns an ordinary white wine into a deliciously refreshing kir.",
53335e,True,True,True,"As the lead pilot explained, I reverted to the Russian threat.",
57886c,False,False,False,Do you remember any specific ones that you could retell?,
108062c,False,True,True,The contrast between the landscape of the central highlands and the south coast could not be more marked.,
46059c,True,True,True,"The results of even the most well designed epidemiological studies are characterized by this type of uncertainty, though well-designed studies typically report narrower uncertainty bounds around the best estimate than do studies of lesser quality.",
132844e,True,True,True,I am asking for the support of the families of Herron students to help maintain this vital program.,
4035e,True,True,True,"Escaped or abandoned raccoons have been breeding in the wild for the past 20 years and have damaged corn crops, watermelon and melon farms, and rainbow trout hatcheries, the paper said.",
62441c,True,True,True,"As a result, their services may be more effective when conducted in the emergency department environment.",
132009e,True,True,True,"Anyway, thank you very much for trying to help us.",
19696n,True,True,True,"As Jon looked at him, Barnam puffed out his chest.",
39859e,True,True,True,"At a time when many dental schools are closing or cutting back on programs, Indiana University is investing in and enhancing its own future.",
82972n,True,True,False,"Other advantages the Postal Service could retain relate to such things as the payment of taxes, the need for a return on investment, the right of eminent domain, and immunity from parking tickets.",
19711e,True,True,True,The strangest role reversal is going on right now and concerns democracy itself.,
14810c,True,True,True,From the Index: Average number of public school students expelled each school day last year for gun 34.,
23957e,False,False,False,But he would indeed be feigning naivete to claim that generic man is now understood to include woman.,
93812e,True,True,False,I will call you in a few weeks to discuss your level of interest.,
136178e,True,True,True,"Regardless of where Quick Response has succeeded, however, our research indicates that very different time-based competitive demands have emerged in the industry, driven not by voluntary acceptance of policies but by the changing nature of market competition among retailers.",
117243n,False,False,False,"But in appealing to societies full of discontent, Bin Ladin remained credible as other leaders and symbols faded.",
63559c,False,False,False,Energy-related activities are the primary source of U.S. man-made greenhouse gas emissions.,
56759e,True,True,True,"Because of limited resources, local legal services programs are forced to turn away tens of thousands of people with critical legal problems.",
56527e,True,True,True,"Unfortunately, the presentation of his linguistic argument, where the author is clearly treading on more speculative ground than in those parts dealing with outright archaeology, where he is on more familiar territory, is disorganized and repetitious.",
99754n,False,False,False,"After the execution of Guru Tegh Bahadur, his son, Guru Gobind Singh, exalted the faithful to be ever ready for armed defense.",
84576c,True,True,True,"And, and years later we ended up living in the place where that took place and the, uh, and it was not something that was, uh, not a subject that people liked to talk about because many of the people in town knew the young man who was charged with that murder.",
98267c,True,True,True,"What a pleasure, for example, to discover that one who has been tagged out at home plate is the victim of an out-throw.",
93454c,True,True,True,"noisome Has nothing to do with sound or decibel level, but means simply unpleasant or disgusting.",
50330e,True,True,True,Coming to Goodwill was the first step toward my becoming totally independent.,
62176c,True,True,True,"However you choose to participate, I know you'll enjoy being a part of the Herron School of Art and Gallery.",
1076c,True,True,True,It is shameful that the Gage Canadian allows only plaid.,
54258c,True,True,True,yeah well losing is i mean i'm i'm originally from Saint Louis and Saint Louis Cardinals when they were there were uh a mostly a losing team but,
56495n,True,True,True,but i've lived up here all my life and i'm fifty eight years old so i i could,
63862n,True,True,True,"As a key part of its efforts, Defense created National Guard WMD Civil Support Teams to respond in the event of a WMD terrorist incident.",
69189e,True,True,True,"Although each has made valuable contributions to our understanding, a new, more powerful view of the meaning of young children's play has arrived on the scene, thanks to Vygotsky's sociocultural theory.",
81812e,False,True,False,The WP says that the Paula Jones trial judge has had an interesting prior run-in with Bill Clinton.,
85726e,False,False,True,Most federal agencies learned about the crash in New York from CNN.,
139870c,True,True,False,Benson's action picture in Lucia in London (Chapter 8): Georgie stepped on a beautiful pansy.,
137399n,True,True,True,oh really i was um i was TDY at Bent Waters,
2421c,False,True,True,"Touching the lives of youth on a daily basis, helping develop new skills, and preparing children to face the challenges of the next century are the Club's strengths.",
48970n,False,True,False,Here's the 439 feet + (59 feet x 0.6) = 474 feet.,
87159c,True,True,True,"In Hong Kong you can have a plate, or even a whole dinner service, hand-painted to your own design.",
46278c,True,True,True,History and Political Context Few fundamentalist movements in the Islamic world gained lasting political power.,
56339c,True,True,True,"And now as a trustee for our local Chapter, I'm seeing first hand how our volunteer efforts are paying off for kids like Nicholas.",
99899e,True,True,True,"Given the predominant share of workers in assembly, organization of work in the sewing room has been the central focus of management attention.",
75335e,True,True,True,"After an adult describes and demonstrates some activity (for example, putting a teddy bear to bed), 1-year-olds who as yet have little language can easily reproduce the main steps in correct sequence with toys.",
97987n,True,True,True,"Despite its initial failings, Siegel's Flamingo survived him, as did mob infiltration of casinos.",
18142e,True,True,True,i wonder how they kept up with them though it seemed like the buffaloes were moving so fast i guess they graze though that wouldn't have been a problem,
139502e,True,True,True,"They had bookshelves, um, that my daddy built, that were built in bookshelves and he um, they were filled up with books, and one summer, I remember when I was a teenager, I just made it a mission to read as many of those books as I could, and I plowed, they were fiction most of them.",
71974e,True,True,True,"Critics praise Goodman's finely honed descriptive abilities and instinctive grasp of familial dynamics, the ways in which dreams and emotional habits are handed down ...",
38784e,True,True,True,"He asserted that the area was blessed with the highest concentration of exactly those natural features that, when combined, create the most pleasing and relaxing vistas possible landscapes composed of lakes representing the source of life in water, trees offering the promise of shelter, smooth areas providing easy walking and a curved shoreline or path in the distance to stimulate curiosity.",
34018n,False,False,False,"My father didn't read anything in terms of what you'd call a book, uh, but he was analytical of the Sport of Kings, and, so would peruse the paper to check on that . But, uh, my mother, uh, you know, didn't read a whole lot, but spent a lot of time reading to me, uh, my being an only child.",
60436c,True,True,True,and they're more independent and there's things to do then it's good for them to go to different i mean it he goes to a a mother's day out program now once a week both of my kids do,
61326e,True,True,True,"I had an additional reason for that belief in the fact that all the cups found contained sugar, which Mademoiselle Cynthia never took in her coffee.",
124638e,True,True,True,"The elements of this example, repeated across millions of individual tasks, encapsulates the difference between an advanced industrial economy with a high standard of living and a less developed country with a low standard of living.",
112882e,True,True,True,"The IU School of Dentistry is committed to remaining the recognized leader in scholarly research, teaching and service.",
53481n,False,False,False,"As explained in previous chapters, variation in weekly demand can be characterized by a standardized measure, the coefficient of variation, or Cv.",
41494n,True,False,True,"The setting--wherever it might be--always seems authentic, not as if it were a Hollywood back lot.",
87210c,True,True,True,"The reason, Robinson and Godbey suggest, is that our pace of life is faster.",
76728n,True,True,True,"It can help purchase clothing, school supplies, books and educational tools throughout the year.",
16540e,True,True,True,Are you going to get gifts for anyone this year?,
133808n,False,False,False,yeah because those things i think would just snap you know,
10289e,True,True,True,"Most produce is locally grown, with some from the restaurant's own organic garden.",
38542n,True,False,True,"--the teachers were much more, I guess, I don't know???",
50801n,True,True,True,"To see the desert at its best, go out at dawn and at sunset.",
30984n,True,True,True,yeah and i'll do this uh sometimes i'll put my after I pour that into my back into my saucepan i'll put the eggs in the same dish and beat them up and then pour the cornstarch and the milk mixture in the egg so,
75330c,True,True,True,"At the end of the second year, children begin to label their own and others' internal states with words, such as want, happy, mad, think, and pretend.",
16843c,True,True,True,He said he had not heard any prior discussion on the subject with the President.,
65027n,False,True,False,and for regular readers who are a bit confused about our schedule (and who can blame them?),
99657c,True,True,True,"Initial demand for land in the New Town was not spectacular; in fact, incentives had to be offered to entice buyers.",
44751e,True,True,True,"There seems little point in going any further, except to say that this is the Revised Edition ; one shudders to think of what might have been in the first edition.",
63453n,True,True,True,"On the other side of the peninsula, off the tourist track in the peninsula's heel, are the curiously romantic landscapes of Puglia, from its centuries-old trulli constructions to the medieval fortresses of the German emperors.",
104888n,True,True,True,"Under the leadership of Henry the Navigator, caravels set out from the westernmost point of the Algarve, in southern Portugal, in search of foreign lands, fame, and wealth.",
131331e,True,True,True,"COST ASSIGNMENT - A process that identifies costs with activities, outputs, or other cost objects.",
95228c,True,True,True,"As United 93 left Newark, the flight's crew members were unaware of the hijacking of American 11.",
95662c,True,True,True,The data would be presented as required supplementary stewardship information accompanying the consolidated financial statements of the Federal Government but not in individual reports of its component units.,
14845c,True,True,True,"Well, I did and sometime later removed it to my cottage in Canada and used decopor (a thick, clear glazed resin) on the top.",
36109n,True,True,True,"Huntington--like Buchanan--claims not to be a cultural He is defending the integrity of all cultures, theirs and ours.",
40159n,True,True,True,"The Vice President recalled being told, just after his arrival, that the Air Force was trying to establish a combat air patrol over Washington.",
25374n,True,False,False,"I'm going to cut it with the, a knife, the knot, so the cow can go and she won't die.",
115616n,True,True,True,"Through it, children practice and strengthen their capacity to represent their experiences.",
140578c,True,True,True,"It was, and the little I remember, Momma telling me on the way, you know, just little things I don't know really, let me think now.",
108624e,True,True,True,"Exhibit 3 presents total national emissions of NOx and SO2 from all sectors, including power.",
138744n,True,False,False,"Typically assumed to be a high-roller card game, baccarat (bah-cah-rah) is similar to blackjack, though it's played with stricter rules, higher limits, and less player interaction.",
94348c,False,False,False,"The hijackers had planned to take flights scheduled to depart at 7:45 (American 11), 8:00 (United 175 and United 93), and 8:10 (American 77).",
79594c,True,True,True,"The flame or whatever it was had enough heat, but it was hard to control.",
14545c,True,True,False,"After three days of using the gel, my mouth has returned to its familiar self.",
85314n,True,True,False,"So, it's like she, uh, and the education wasn't the same back in those days.",
114541n,True,True,True,I hope that you agree that these activities are essential to being a part of a world community.,
60007e,True,True,True,"My source for the preceding is Charles Fountain's engaging biography of Frazier, Another Man's Poison , Globe Pequot Press, Chester, CT, 1984.",
14649c,True,True,True,"The technology used to capture and evaluate information in response to the RFP permits LSC to compile and assess key information about the delivery system at the program, state, regional, and national level.",
32643n,False,False,True,"The guidance for Wherley was to send up the aircraft, with orders to protect the White House and take out any aircraft that threatened the Capitol.",
37062c,True,True,True,It is quite possible Jarrah knew of the success of the assault on the World Trade Center.,
124997n,True,True,True,"By 8:00 A.M. on the morning of Tuesday, September 11,2001, they had defeated all the security layers that America's civil aviation security system then had in place to prevent a hijacking.",
60230e,True,True,True,"When I found out that the infant mortality rate in Indiana was 86 percent greater than for mothers in Sweden, I was shocked.",
9672e,True,True,True,"At the same time, children can develop more attractive dispositions and adaptive skills as the result of parental warmth, attention, and consistent guidance.",
31878e,True,True,True,"Map 33 shows the distribution of child (most of southern England) and of bairn (north of a slightly wavy line between Boston, on the Wash to the east, and Lancaster, on the west coast).",
2720e,True,True,True,A truly creative work is both original and sensible; its novelty is culturally meaningful and useful.,
123186n,True,True,True,"As a result, she acquires reasoning skills and can take initiative when faced with future problems.",
79416n,True,True,True,"Then I said, Dear Lord, I said, what are we going to do about this?",
139705e,True,True,True,"Porches and stoops, those symbols of a vibrant social life, stopped being used as gathering places for a rather practical reason--air conditioning.",
129700c,True,True,True,The Vice President was wondering how the hell could a plane hit the World Trade Center when he saw the second aircraft strike the South Tower.,
7281n,False,False,False,", less than ten years after the death of the prophet Mohamed.",
103673n,True,True,True,He was ready to strike at the head of the snake.,
140497c,True,True,True,"If you try to make any moves, you'll endanger yourself and the airplane.",
130329c,True,True,True,Mihdhar did not trigger the alarm and was permitted through the checkpoint.,
133468c,True,True,True,I have kept you and clothed you and fed you!,
99583c,True,True,True,"During the hottest hours, things come to a virtual standstill, though the Caribbean siesta is an hour or two shorter than its Mediterranean counterpart.",
142062c,True,False,True,"Prior to 1986, the United States had been a net creditor because its holdings of foreign assets exceeded foreign holdings of U.S. assets.",
18858e,True,True,True,"It's conceivable that some of these allegations are true, and there's no harm in checking them out, as long as the decedent's family agrees to participate.",
101890c,True,True,True,"So they set about clearing the land for agriculture, setting fire to massive tracts of forest.",
14272c,True,True,True,"Inflation is supposed to be a deadly poison, not a useful medicine.",
2183n,True,True,True,"Nobody who knew him would have expected him to do anything else, whether he had been sent away in disgrace or not'but, as it was thought he had left the country, his return did have a dramatic quality.",
101664c,True,True,True,"On October 29th, a BBC Radio Scotland program was running a competition in which people calling in were asked to spell ventriloquist and kibbutz (among other words, presumably); several callers with older voices'they certainly were not children'were unable to do so; does that mean that the Scots are to be excepted from the QES campaign to compel all children to study formal grammar up to the age of 16 or that the rot set in long ago?",
66034c,False,False,False,"Also at 8:25, and again at 8:29, Amy Sweeney got through to the American Flight Services Office in Boston but was cut off after she reported someone was hurt aboard the flight.",
124481c,True,True,True,There is uncertainty associated with all of the numbers presented in this paper due to sampling error and estimation error in econometric estimation procedure used to recover household-level demand functions,
18991e,True,True,True,People make two justified complaints about our Slate 60 ranking of America's largest contributors to charity.,
44981n,True,True,True,"Then they left, they left for the mountain, they went on up.",
37373n,False,True,False,"When I was teaching there, the explanation invariably given by boys brought to me for scrapping in the playground Ee it oi, so oi it ee.",
32078n,True,True,True,George W. Bush and Bill Bradley are not talking about individual holders of wealth.,
47293e,True,True,True,"Remember, there are over 844 million Indians out there, and a lot of them will be on the move at the same time as you will be, therefore competing for plane seats and hotel rooms.",
128712c,True,True,False,"Between these is an occasional flash of useful wisdom, much of it pretty well covered by other books of this type (which seem to be proliferating).",
89734n,True,True,False,The Grill will feature enough activities that you and your kids will have a tough time deciding what to do.,
79418e,True,True,True,"So, early that morning, that afternoon, I came down from San Miguel, and I told him, I'm going to go.",
31182c,True,True,True,"SPEA's enviable reputation benefits everyone connected to the school -students, faculty, and most importantly, alumni.",
103986e,True,True,True,"Please keep in mind, requests for donations to the Capital Campaign are separate and will be made later this month.",
91601c,True,True,True,"Even today, Yanomamo men raid villages, kill men, and abduct women for procreative purposes.",
109697e,True,True,True,"On behalf of all the men, women and children in Central Indiana who will benefit from your kindness, thank you.",
10482c,True,True,True,It was all of those positive influences that I have to thank for opening my eyes to dentistry as a profession.,
95969c,True,True,True,"All of the above techniques rest, in one way or another, on the meanings of words.",
133151n,True,True,True,"As it turned out, the NEADS air defenders had nine minutes' notice on the first hijacked plane, no advance notice on the second, no advance notice on the third, and no advance notice on the fourth.",
14191c,True,True,True,In the other sight he saw Adrin's hands cocking back a pair of dragon-hammered pistols.,
84104c,True,False,True,"And it was an important aspect, was there a particular crowd that hung out because of that?",
28106c,True,True,True,"The changes now going on have their analog in the last century, when technological innovations of the day like railroads, telegraph, and steam power'developed for purposes far afield of retail, apparel, or textiles'helped transform the mass distri-bution of goods and information.",
25572e,True,True,True,"And, just incidentally, the Sons of the Egg who'd attacked him in the hospital had tried to reach the camp twice already, once by interpenetrating into a shipment of mandrakes, which indicated to what measures they would resort.",
34294e,True,True,True,The jagged heavy line in Figure 6.5 (page 100) depicts a typical inventory pattern for a replenishable product like our blue jeans in size 8. Note that the inventory level drops gradually as consumers purchase the item.,
10866c,True,True,True,"In sum, the protocols in place on 9/11 for the FAA and NORAD to respond to a hijacking presumed that",
89456n,True,True,True,"Had Jessica been thinking about Tyrone's zone, she might have framed the items on her list this",
128360c,True,True,True,This man claims that he has been robbed en route and is stranded without money or his plane ticket in an airport somewhere in Europe or the Middle East.,
71367e,True,True,True,We continue to assume that this SKU has the weekly demand distribution shown in Figure 6.1 (page 92).,
1125c,True,True,True,"However, its history has been maintained in the present law school building through the display of its stained glass windows and the old oak fireplace.",
46279c,True,True,True,"Those in Egypt, Libya, Iraq, and Yemen were eventually overthrown by secular nationalist revolutionaries.",
103231n,True,True,True,The city plans to build a community center for Lincoln Place and a future fire station on the site.,
90815e,True,True,True,"Once these manufacturing and information practices have been adopted, it should come as no surprise that they affect the performance of business units.",
52084e,True,True,True,"Members receive a membership package that includes all of our educational material, a subscription to aakp RENALlFE, membership in a local chapter if applicable and assurance that your voice is heard in Washington, DC.",
69441e,True,True,True,"The program covers those units covered by the new nationwide sulfur dioxide trading program that are located in the States in the WRAP and that, in any year starting in 2000, emit more than 100 tons of sulfur dioxide and are used to produce electricity for sale.",
106035c,True,True,True,"The Commission published a summary of its Final Regulatory Flexibility Analysis in the Federal Register on September 12, 1996 (61 Fed.",
10379e,True,True,True,"Small boats tie up here with batches of crayfish, fresh fish, and eel, and housewives clamor for the fishermen to weigh their choices on rudimentary scales.",
39978c,True,True,True,"Well, it would probably been things like living back in the hills of TN and having to ride a mule to school, things like that.",
47260c,True,True,True,"The good news, however, can be found in reports like this one.",
143338c,True,True,True,"Just because, you know, she knows how I am, I guess.",
60765n,True,True,True,"And, um, my junior year of high sch, high school, we moved into like the city, the west side of Charlotte, and I went to West Meck, and that was a, um, culture experience, \\ I guess \\.",
126687c,True,True,True,Many Little Sisters are preparing to go back to school this fall full of hope and with a positive outlook.,
22361n,True,False,True,"But the power of words is such that I contend their impact is totally lost if not treated somehow, there is a difference between Someone had written shit on the wall and Some asshole had written shit on the wall : the writer of the former has more credibility; the writer of the latter was, very likely, the very asshole who had written shit on the wall.",
56865e,True,True,False,Vygotsky's theory has been the wellspring of our recent appreciation of the profoundly social nature of even very young children's imaginative play'and its wide-ranging infiuence on cognitive and social development.,
122953n,False,False,False,uh-huh well it's good that she does that i mean bring it to people's attention,
50959e,True,True,True,"Chinese speak Mandarin, Cantonese, Fukienese, Hakka, etc., tongues often so dissimilar that verbal intercommunication is impossible.",
8323c,True,True,True,"However, our sample also reveals that some manufacturers began to adjust to the new demands of lean By 1992, the median dropped to ten hours, reflecting their desire to reduce the amount of work-in-process at this beginning stage of apparel assembly.",
122191n,False,False,False,"In all the following cases, the spelling, (apparent) roots, or sound of the word actively suggest a meaning different from the true one.",
72721e,False,False,False,no i i i don't i it completely beyond me i went to my under graduate uh education,
127858e,True,True,True,There 214 was some talk of sending me to a specialist in Paris.,
5023e,True,True,True,"I remember going down to the church and there was a group of men there that were organizing an uh, evacuation of all the valuables of the church, take them to the second floor.",
127147c,True,True,True,"More than the actual events, inaccurate government accounts of those events made it appear that the military was notified in time to respond to two of the hijackings, raising questions about the adequacy of the response.",
95959c,True,True,False,"Hence, it appears likely that the proportion of LC to AO mail is less for inbound mail than for outbound.",
76653e,True,True,True,i'll listen and agree with what i think sounds right,
117273c,True,True,True,It is useful to outline the ordering and manufacturing processes on a weekly basis to see how this manufacturer's inventory policies might differ for the two different sizes.,
22272e,True,True,True,"And just as important, I invite you to renew your partnership with The Salvation Army by sending a contribution, once again, today.",
119760e,True,True,True,So what has changed the prognosis for American apparel and textiles and provided new opportunities for these industries?,
12789c,True,True,True,"Favored by the Ancient Egyptians as a source of turquoise, the Sinai was, until recently, famed for only one event but certainly an important one.",
58668c,True,True,True,But it was a bunch of wild and crazy stories.,
75084n,True,True,True,"Hindus then went on the rampage through Sikh communities, resulting in a round of communal violence.",
120325c,True,True,True,"Um, well I know it was before I was five, probably, I know at least four and I'm sure she read to me before that.",
13219c,True,True,True,they're almost five hundred a month for a one bedroom place,
72315n,True,True,True,However the Postal Service did provide as much detail as is collected a volume distribution by transportation mode and shape for sixty individual countries.,
71791e,True,True,False,Determining the degree to which a supplier benefits from its technological investments is the real issue.,
73278c,True,True,True,"And, could it not result in a decline in Postal Service volumes across--the--board?",
79105e,True,True,True,The man shifted slightly and cut the spear out of the air.,
145303n,False,True,False,"Top-down an apex of professors and doctors buttressed by the holders of college degrees (many of them lower-level administrators, teachers, and researchers within the system).",
123923n,True,True,True,"Moreover, the fighting in Afghanistan made Pakistan home to an enormous-and generally unwelcome-population of Afghan refugees; and since the badly strained Pakistani education system could not accommodate the refugees, the government increasingly let privately funded religious schools serve as a cost-free alternative.",
92592n,True,True,True,"But the highest-level Defense Department officials relied on the NMCC's air threat conference, in which the FAA did not participate for the first 48 minutes.",
67888n,True,True,False,Windows 95 costs about $90 at my local computer superstore.,
9710n,True,False,True,there's certain times of the year of course that uh that it probably wouldn't do very well because of the temperature and stuff but but uh the right time of year it works pretty good,
39957c,True,True,True,"The first, reached from Luxor, is Esna, 54 km (33 miles) by road.",
64141e,True,True,True,"The syllabication of headwords is not an important feature in British the Collins English Dictionary , which offered an elaborate system in its first edition (1979), set the words solid in its second edition (1986), but I am informed that the major portion of the correspondence received at Collins Publishing concerning the dictionary concerns this change and is critical of it.",
16207e,True,True,True,I hope you'll think of Wanda and other mothers' prayers and dreams this Mother's Day.,
18428c,True,True,False,Companies that were foreign had to accept Indian financial participation and management.,
81994n,True,True,True,The account description written in 1971 for the Ralph E. McDonald/Pedodontic Fund states Expenditures of the fund shall be approved by the fund committee of six.,
47786n,True,True,True,"When bar codes and EDI are combined with advanced shipping practices, the benefit of each practice is enhanced; order processing occurs more rapidly, accurately, and with less paper.",
102038n,True,False,True,So many seemingly contrary and opposing factors combine to make it unique.,
89746e,True,True,True,Parental oversight and involvement in children's TV viewing are essential for two reasons.,
2276n,False,True,True,"Beyond English, entry into the guild may mean acquiring a special language of education (such as French in Senegal and English in Kenya), because many of the world's tongues are not yet (and may not ever be) part of the circle of standardized print languages in which the work of the guild can be conducted.",
26650c,True,True,True,"The controller checked his radio equipment and contacted another controller at 8:53, saying that we may have a hijack and that he could not find the aircraft.",
32642c,False,True,True,He passed these instructions to the pilots that launched at 10:42 and afterward.,
109916n,True,True,True,"Puri also has a beautiful beach, southwest of town, which is ideal for cooling off but those aren't sandcastles the Indians are making, they're miniature temples, for this is the Swarga Dwara (Heaven's Gateway), where the faithful wash away their sins.",
51347n,True,True,True,"The advent of the Bronze Age (about 3200 b.c. ), and the spread of city-states ruled by kings, is marked by the appearance of royal tombs containing bronze objects in such places as Troy in the west, and Alacah??y??k near Ankara.",
95150n,True,True,True,"The first historical mention of Agra is in 1501, when Sultan Sikandar Lodi made it his capital.",
61645n,False,True,False,"In high school I was, you know, 3.0's, you knows A's and B's an occasional C. Now here I'm lucky if I get a C on something.",
48553e,True,True,True,"Keep your eyes open for Renaissance details, grand doorways, and views into lovely courtyards.",
101387e,True,True,True,Opium-smoking continued openly in Hong Kong until 1946; in mainland China the Communist government abolished it when they came to power in 1949.,
49712e,True,True,True,"A common approach is to forecast by analogy, using data for similar products that have been on the market previously.",
50652e,True,True,True,The community courthouse will be held every second Tuesday of the month at Carver at 217 Paso Hondo.,
118283c,False,True,True,"NORAD officials have maintained consistently that had the passengers not caused United 93 to crash, the military would have prevented it from reaching Washington, D.C.",
72816e,True,True,True,as long as you got congressmen and senators that are getting kickbacks kickbacks from these different companies that are getting awarded for the defense contracts that's never going to happen,
30234n,False,False,False,"And, as one would expect, the higher the variation in week-to-week demand, the more inventory a manufacturer must hold to meet a retailer's high service expectations.",
117629e,True,True,True,"At the end of the Wars of Spanish, Austrian, and Polish Succession, the Austrians had taken over northern Italy from the Spanish.",
20855n,True,True,True,"While that has not been literally proposed (as far as I know), the fact that the men's names appear first has been used by some feminists to illustrate the manifestation of an attitude that women have had to put up with all these centuries.",
84330n,True,True,True,The operation was not cost the United States lost two planes.,
36120e,True,True,True,"Your gift will help us reach our immediate goal of awarding at least one scholarship to a student for the fall semester of 1993, and our long-term goal of awarding several $5,000 scholarships each year.",
79007e,True,True,True,yeah because i was saying to him i said i'm not that heavy i'm not heavy you know maybe ten to fifteen pounds like any other human being,
47639c,False,True,True,i'm not opposed to it but when its when the time is right it will probably just kind of happen you know,
87655e,True,True,True,"Bodenheim adds a Most of the above-listed terms are peculiar to Harlem, but some of them are also used by whites in other sections.",
54770e,True,True,True,"The public health official's version of the line, Take my wife, please, is Tell Americans to eat kale five times a week.",
3200e,True,True,True,So he clearly found a way to project a bandwagon of strength without putting U.S. troops on the line.,
36645e,True,True,False,"Late last Spring, we established an account for the IGGS Scholarship to help defray the tuition costs for an undergraduate major in Geology at IUPUI.",
101704n,False,False,False,yeah because it like i i think i've seen those before but i don't remember what they look like,
100637c,True,True,True,the only problem is it's not large enough it only holds about i think they squeezed when Ryan struck out his five thousandth player they they squeezed about forty thousand people in there,
5033c,True,True,True,This northern beach of magnificent tan sand is most agreeably reached by boat.,
11051e,True,True,False,"OK, well um, are there any particular stories related to this or anything else you enjoy reading now or um, I mean, is there anything looking at what you experienced, is there anything, any type of stories that you like to read now or that you like to hear about now?",
102090e,True,True,True,"We'll welcome their call and do our best to help them through the difficult time, so they can get on with their lives.",
56176n,True,True,True,The cover story details the disturbing behavior of the Littleton killers before last week's massacre.,
39123e,True,True,True,you know it's easy to say well yeah let's let's put these old folks in a home but when i think i don't want to do that you know i don't want to be have my little home i always threaten my daughters i say well,
37174n,True,True,False,well i hear my kids are needing me again so i'll go see what they need and we'll maybe talk to you again,
97867c,True,True,True,As of last week he charges $50 an hour minimum instead of $25 for the services of his yearling Northern Utah Legal Aid Foundation.,
90717n,True,True,False,"Founded in 1979, AFFIRM's members include information resource management professionals within the federal, academic, and industry sectors.",
26545c,True,True,True,The Vice President authorized fighter aircraft to engage the inbound plane.,
96288n,True,True,True,"once in a blue moon , listed under moon in L ) may be listed elsewhere (under blue moon in W).",
39505e,True,True,True,"Consistent with Vygotsky's concept of the zone, sensitive parents adjust the way they talk about emotions to fit children's increasing competence.",
29962e,True,True,True,"Between 9:15 and 9:30, the staff was busy arranging a return to Washington, while the President consulted his senior advisers about his remarks.",
121007e,True,True,True,"Let's see, recent authors You've probably never heard of any of these, but Gregory Benford is very good, these are science fiction, uh, see David Grant, science fiction that is real good.",
101846c,True,True,True,"As long as Assad lives, he can manage these troubles and keep an agreement with Israel.",
72142c,True,True,True,"Upon commencement of commercial operation of each new utility unit under subpart 1 of part B, the unit shall comply with the requirements of subsection (a)(1).",
6686c,True,True,True,all they you know thinking that they're going to have money and jobs and success and everything and then they then there is no jobs and they end up homeless and not knowing anybody and no money and it's terrible,
78683n,True,True,True,I hope that all key parties will take the necessary steps to address any real and perceived problems that serve to undercut public trust and confidence.,
38517e,True,True,True,"From the inventories of the initiatives they developed in response to our request, we asked agency officials to identify those agency components and initiatives that, in their view, had successfully involved and empowered employees.",
56252c,False,False,False,Let's assume that the store's demand for the size-8 Levi's jeans last week can be described by the distribution in Figure 6.1.,
25492e,True,True,True,"So, then, I grabbed him, and when I grabbed him, I put him under the bed, and I went outside.",
74534n,False,False,False,"And far, far away- lying still on the tracks- was the back of the train.",
46395n,False,False,False,They want to regain their parents' warmth and approval as quickly as possible.,
10916n,False,False,False,He'd gone a long way on what he'd found in one elementary book.,
114182c,True,True,True,The Command Center told Cleveland that FAA personnel well above them in the chain of command had to make the decision to seek military assistance and were working on the issue.,
112168e,True,True,True,and he's an engineer so he even came over and set it up for me and had it running for like two hundred dollars so i thought that,
132673c,True,True,True,actually i think abortion's going to take a turn where there's not going to be as many because i think contraceptives are going to be more popular i mean i realize that they are popular now but i think,
37590n,True,False,True,"While most of the group's key figures had accompanied Bin Ladin to Afghanistan, Banshiri had remained in Kenya to oversee the training and weapons shipments of the cell set up some four years earlier.",
22415n,False,False,False,That's the second time you've made that sort of remark.,
350c,True,True,True,"Attractively colorful ukiyo-e woodblock prints and scroll paintings can be found in antique stores, second-hand bookstores, and even temple markets.",
1933n,True,True,False,Medicare gross outlay projections based on intermediate assumptions of the 2001 HI and SMI Trustees' reports.,
1388e,True,True,True,"From the poet Sappho, who in the sixth century BC was the first to use the lyric to write subjectively and explore the range of female experience, to the Chinese polymath Pan Chao (Ban Zhao), who flourished around AD 100 as historian, poet, astronomer, mathematician and educationalist, the range is startling.",
35453n,False,False,False,"Since its re-organization, MCCOY has established its unique niche within the community by refraining from direct service programming and focusing on what it does helping to identify youth needs, convening groups of individuals and organizations which can address those needs, and moving toward collaborative solutions.",
61726e,True,True,True,now you know the ball'll go straight and i go i never broke a club or anything but you know i'd get upset about it sometimes and now i guess you know being in my forties i just kind of mellowed out a little bit i don't get upset any more so,
128086e,True,True,True,"Do you have a chance to re-tell this story, um, in your work or to your own children?",
11879c,True,True,True,"Since 1998, LSC has initiated and overseen significant structural changes in the number and configuration of LSC-funded programs in order to develop more powerful and effective state delivery systems.",
32053c,True,True,True,"They are levied through the power of the Government to compel payment, and the person or entity that pays these fees does not receive anything of value from the Government in exchange.",
106013c,True,False,True,Ca'daan heard the Kal grunt and felt the horse lift.,
60303e,False,True,False,"Consistent with the Confucian parental obligation, The deeper the love, the greater the correction, Chinese mothers' misdeed stories were much longer than those of the American mothers'in fact, the most lengthy and elaborate of all Chinese narrations.",
52194c,True,True,True,"I said to him, But you know, I'm your friend, tell me why.",
32695c,False,True,False,that Amelia wept confidentially on the housekeeper's shoulder and relieved herself a good deal.,
114240c,True,True,False,"It is unlike Dr. Aman to cloak his subject'dirty language'under the euphemism verbal aggression : he and most of the authors of the articles appearing in Maledicta let it all hang out; some, however, tuck it away neatly and write under a pseudonym.",
26163e,True,True,True,"However, a donation of $25 or more entitles you to official membership in the Alumni Association with the privileges thereof, 1) The right to vote in the upcoming Alumni Association Board Member elections (currently two members of the Class of' 84, Maureen Althert and Brian Elson serve on the Board); 2) An official Alumni Association decal and membership card; 3) A discount on Alumni Association apparel; and, 4) Eligibility for the Charity Raffle, $500 to be given to the charity of your choice.",
129158n,True,True,True,"The Command Center's national operations manager, Ben Sliney, ordered all FAA facilities to instruct all aircraft to land at the nearest airport.",
121733e,True,True,True,Today we can readily buy lap-top computers with data storage capacity far greater than that entire IBM factory could have offered.,
96170n,True,True,True,an d now we got the governor she's going to do that,
99429e,True,True,False,Vice President Cheney was asked for authority to engage the aircraft.,
35537n,False,True,False,His checked bag was screened for explosives and then loaded on the plane.,
23755c,True,True,True,"The phrase is a reminder of its medieval provenance, its academic focus, and its corporate style.",
74558c,True,True,True,'No one in Large would ever try to harm us.,
98621e,True,True,True,"In other cases, we must rely on survey approaches to estimate WTP, usually through a variant of the contingent valuation approach, which generally involves directly questioning respondents for their WTP in hypothetical market situations.",
21616n,False,False,False,Now I am writing to ask if you would continue your support with a further donation for 1990.,
130002c,True,True,True,"(Admittedly, no party completely purges its rhetoric of terms like phallologocentric, however.)",
32992n,False,False,False,"Of the two, the W geographical listings seem more W lists Aylesbury , which, through some grievous, egregious fault, is not in the geographical section of the L but does appear in the A-Z section (because of the ducks).",
48111e,True,True,True,"Yeah, we gotta get-we gotta alert the military real quick on this.",
138448n,True,True,True,"Indeed, recent economic research suggests that investment in information technology explains most of the acceleration in labor productivity growth-a major component of overall economic growth-since 1995.",
2025e,True,True,True,"Governed by the great bendahara Mutahir with more diplomacy than military force, the sultanate asserted its supremacy over the whole Malay peninsula (except for the northernmost Thai-held Patani region) and across the Melaka Straits to the east coast of Sumatra.",
75052c,True,True,False,"In the late 1990s, these extremist groups suffered major defeats by Kurdish forces.",
42118n,True,True,True,uh well i figured if i had it done in the garage at the Toyota dealer i would be looking at probably three or four hundred dollars,
67174c,True,True,True,"Several pro-life Dems are mounting serious campaigns at the state level, often against pro-choice Republicans.",
44954e,True,True,True,On the monkey bars I used to swing up and get on top of it.,
88840n,False,True,False,"Wagonheim said the program not only will benefit the needy, but also will help improve the public image of lawyers.",
108064e,True,True,True,"A funny place for a piece of brown paper, I mused.",
29349n,True,True,False,"Summary of Deferred Maintenance as of September 30, 199Z (in Millions of Dollars):",
128301e,True,True,True,Short leaves of 6 weeks or less (the norm in the United States) were linked to maternal anxiety and depression and negative interactions with babies.,
2717c,True,False,False,"In make-believe, Alison experimented with the first step of this multistep process when she melded news of the train crash in India with the toy ambulance before her.",
143100c,True,True,True,I also like to read things about the Civil War.,
24041n,False,False,False,"Finally, the Administration strongly opposes including reductions for CO2 in S. 556 or any multi-pollutant bill.",
122679e,True,True,True,And did you like living in Charlotte all your life?,
58778n,False,False,True,"In his delightful article, Onomatoplazia [XV, 1], Chester Delaney writes, analysand ...",
27326n,False,False,False,"Uh, well, would you care to relate the story to me now?",
143722e,True,True,False,"There is a good restaurant in the village, in addition to a well-stocked mini-market for self-catering visitors.",
42895e,True,True,True,"Although few retailers have embraced the complete set of forecasting and inventory models described in this chapter, lean retailers are moving in that direction.",
27317e,True,True,True,Candidates must submit a set of fingerprints for review by the FBI.,
102939e,True,True,True,"Jarrah, like Atta earlier, may have inadvertently broadcast the message because he did not know how to operate the radio and the intercom.",
122062e,True,True,True,The order was founded by James VII (James II of England) and continues today.,
75110c,True,True,True,There is nothing wrong with any of [these images] in themselves.,
15833c,True,True,True,I'm sending this follow-up letter to let you know that your support is greatly needed and appreciated by everyone involved with graduate Endodontics at IU.,
3628c,True,True,True,We serve a classic Tuscan meal that includes a Florentine terrine made with dick and chicken livers.,
61369n,True,True,True,"Dinghies are available for hire from the marinas at Tel Aviv, Jaffa, Akko, Netanya, and Nahariya.",
1531c,True,True,True,"In recent decades, certain changes have taken place in the language that reflect voluntary choices of the words used to characterize people; these have focused largely on the conscious and conscientious substitution of neutral, sexless words like individual(s), person , and people for terms that normally denote only males.",
123770e,True,True,True,once you have something and it's like i was watching this program on TV yesterday in nineteen seventy six NASA came up with Three D graphics right,
69761e,True,True,True,"My body is to me like a crippled rabbit that I don't want to pet, that I forget to feed on time, that I haven't time to play with and get to know, a useless rabbit kept in a cage that it would be cruel to turn loose.",
88765e,True,True,True,and uh my daughter gets irate when i when i do that because you know she's a teenager,
26921n,False,False,False,"Make-believe play, Vygotsky asserted, helps preschoolers conquer these impulses by granting the child repeated practice in acting independently of what he sees.",
77152c,True,True,True,"Some of the unmet needs are among people who can pay, but who are deterred from seeking a lawyer because of the uncertainty about legal fees and their fear of the profession.",
33661c,True,True,True,"His mother died when he was young, and he was adopted by the Brodkeys.",
61560n,True,True,True,"During the course of the morning, there were multiple erroneous reports of hijacked aircraft.",
118889c,False,False,True,they'll they'll say yeah why didn't you buy why didn't you try something more mainline,
65191c,True,True,True,"The final rule was determined to be an economically significant regulatory action by the Office of Management and Budget and was approved by OMB as complying with the requirements of the Order on March 26, 1998.",
82510c,False,False,False,although the uh it's uh it we almost one day we painted the house to uh we painted we painted the whole inside and it had all this dark trim we thought uh you know we did the one wall but the other trim i'm trying to think i think i think we left most of it because it gets to be uh they don't do that in the newer houses now we don't the uh mold everything is white in a new house everything is white,
4107c,False,True,True,um-hum yeah i saw that for the first time yesterday in the evening,
112568c,True,True,True,A student visa overstayer is not going to be a high priority for pro bono assistance.,
71702n,True,True,False,"The school received 1,437 applications to seat 260 students in the 1992 entering class.",
75067c,True,True,True,"The interior of the palace is very dark, and the use of flash is forbidden, so photographers should think twice before paying the extra fee for bringing in a camera or video equipment.",
86086e,False,False,False,"We do this through a wide range of programs including community- based, therapeutic foster care, group homes and our treatment center.",
129951n,False,False,False,Lot of times we just sit around and just reminisce and go back to the time when we were growing up.,
90226e,True,True,True,"But employers are still driving, and that's all that counts.",
140492c,True,True,True,The controller only heard something unintelligible; he did not hear the specific words we have some planes.,
17538e,True,False,True,"Last year, that campaign - primarily among private attorneys - drew less than $40,000 while the Nashville legal aid fund-raising garnered more than $500,000.",
30558n,False,True,True,now that's an interesting point yeah i mean once the expectations are,
61596n,True,True,True,"On that occasion, Lisa had seen a ferocious dog barking behind the chain-linked fence.",
22436n,False,False,False,"1 Now that each unit is fully staffed, the LSC Office of Program Performance and its state planning team contain over 260 years of experience in LSC-funded programs.",
144239e,True,True,True,"Or they suggest that a confiict be solved by creating new, mutual goals.",
62491n,False,False,False,"Even though we receive operating funds from the state, there are a myriad of additional expenses to be met, such as welding equipment for sculpture, pottery wheels for ceramics, and computers for graphics.",
138862c,False,False,False,"Also, other sorbent-based approaches in development may prove in time to be preferable to ACI, making the use of ACI only a conservative assumption.",
139935c,True,True,True,"Beatrice and Grace made out OK legally, but some of us will never use their products again without thinking about Travolta losing his shirt in the name of those wasted-away little kids.",
119108e,True,True,True,"To control land and sea routes to the south, the Mauryas still needed to conquer the eastern kingdom of Kalinga (modern Orissa).",
124194c,False,True,False,"The old standby, Nuit de Paris, is all right (provided you hit the right nuit).",
96147e,True,True,True,Quality assembly of garments from pieces of material cut according to a particular pattern involves operations that can be carried out almost anywhere in the world.,
50552c,True,True,True,"For example, Webster's Ninth New Collegiate Dictionary (1986) defines a man-about-town as a wordly and socially active man.",
127290n,False,False,False,The logic of analysis in case studies is the same,
85372e,True,True,True,All were convinced that anything so compelling and engrossing in the life of the young child must be profoundly significant.,
82590e,True,True,True,"And in enabling children to practice and perfect narrative skills, adult-child conversation provides crucial preparation for literacy.",
56668c,False,True,False,guess it didn't last too long at the box office but i thought it was pretty good,
19768n,True,True,True,Wear a nicely ventilated hat and keep to the shade in the street.,
126766e,True,True,True,"Also, the tobacco executives who told Congress they didn't consider nicotine addictive might now be prosecuted for fraud and perjury.",
29377n,True,True,True,"The more pieces in a marker, the more effort required to make an efficient marker of a given width.",
78260n,True,True,True,Your gift will also count toward the largest campaign for private contributions in the University's history.,
98800e,True,True,True,"The most comfortable way to see these important Hoysala temples is to visit them on either side of an overnight stay at Hassan, 120 km (75 miles) northwest of Mysore.",
139640c,True,True,True,"There was food for all, and houses had been conjured hastily to shelter the people.",
57654n,True,True,True,"As a result of these procedures, the Department estimates an annual net savings of $545 million.",
84518n,True,False,True,"It ill behooves me, excoriated recently as enamored of the cheap larf, to criticize Safire's arch puns, which permeate' enliven is probably the word his editor would use'his articles, but I find some kinds of humor unsuitable for reading, however they might evoke a chuckle when uttered viva voce . A handful of examples, from the book at",
49227c,True,True,True,well that's uh i agree with you there i mean he didn't have the surrounding cast that Montana had there's no doubt about that,
103462c,True,True,True,"Cultures, and adults within them responsible for socialization, select dierent tasks for children's learning.",
124999n,True,True,True,"They were planning to hijack these planes and turn them into large guided missiles, loaded with up to 11,400 gallons of jet fuel.",
51961c,True,True,True,"Perhaps the second system cannot access events stored by the first, making the earliest events of our lives forever irretrievable.",
47109c,True,True,True,you know even even into major things just to keep our car longer because i don't think we get the money that we put into them out of them in two years or three years and of course i was never in a position where i could trade my car off every two years,
30921c,True,True,True,The union in the men's clothing field at the time issued official publications in eight different languages.,
69418n,False,True,False,"That drawer was an unlocked one, as he had pointed out, and he submitted that there was no evidence to prove that it was the prisoner who had concealed the poison there.",
69013n,False,False,True,It was impossible not to remain humble in these circumstances.,
5782n,True,True,True,"The South African priest who invited Clinton to do so is quoted in the paper as saying that once Clinton stood up, he was thinking about how much embarrassment it would have caused him by my saying, please sit down.",
135889n,True,True,True,The Science Department is in the process of renovating the labs and other facilities in order to provide our students with science instruction that is second to none.,
21312e,True,True,True,"Taking an ecumenical tack, nation officials in Chicago recently issued edicts commanding preachers to back off their anti-Semitic rhetoric.",
31876e,True,True,False,We hope that you will consider a personal gift to help us offer our young people as possible.,
5407e,True,True,True,"There are several critical areas which cannot be funded by the citizens of the State of Indiana, and without these programs our school cannot completely fulfill its mission.",
140615n,False,False,False,"Recent SAB deliberations on mortality and morbidity valuation approaches suggest that some adjustments to unit values are appropriate to reflect economic theory (EPA-SAB-EEAC-00-013, 2000).",
140190e,True,True,True,"A member of the Muslim Brotherhood executed in 1966 on charges of attempting to overthrow the government, Qutb mixed Islamic scholarship with a very superficial acquaintance with Western history and thought.",
103176e,True,True,True,"Even when make-believe does fulfill a child's wishes, such pleasure is not unique to play.",
142579c,True,True,True,"I'm going to try to confirm an ID for you, but I would assume he's somewhere over, uh, either New Jersey or somewhere further south.",
53863n,True,True,True,yeah it is it is and i guess you don't have to but you know if you look at oh have you ever seen any of the Jacques Teti Teti movies the French movies uh Teti it it,
136290c,True,True,True,"IUPUI envisions a complete and unified university campus, one that will become a model for public higher education for the nation's cities.",
21055e,True,True,True,"Strom Thurmond , R-S.C., celebrated his 95 th birthday by announcing that he will relinquish the chairmanship of the Senate Armed Services Committee a year from now.",
47148c,True,True,True,"Aswan became a backwater following the decline of the Egyptian Empire, far removed from power bases at Alexandria and Cairo.",
123211n,False,False,False,The idea of a metal stand carrying a pyramid of cannon balls so delicately balanced as to be affected by the tiny differential expansion of brass and iron does not bear thinking about in a heavy sea.,
95720n,False,False,False,"THE GIRL SCOUT PROMISE On my honor, I will try To serve god and my country, To help people at all times, And to live by the Girl Scout Law.",
112517e,True,True,True,"Exactly how a manager divides production between plants with different production costs and cycle times depends on the details of the situation, such as those presented in the cases above.",
141769c,True,True,False,"But, um, It's not like I'll never come back and visit or anything like that.",
65476n,True,True,True,18 The advantage of using VMI programs stems from the retailer and manufacturer working together to determine a flow of shipments that optimizes the economics of the two parties as a system.,
48376n,True,True,True,"From ethnic food shops and vintage clothing stores to electronics and book shops, there are so many interesting shopping spots that it is hard to imagine their breadth and depth.",
16639e,True,True,True,"Beginning with his unsuccessful reconnoitring at Bournemouth, he passed on to his return to London, the buying of the car, the growing anxieties of Tuppence, the call upon Sir James, and the sensational occurrences of the previous night.",
39212n,True,True,True,"If anything, ultimate fighting is safer and less cruel than America's blood sport.",
24217c,True,True,True,"A piece describes the Learning Channel's new women-targeted reality TV A Wedding Story , A Baby Story , and A Dating Story , featuring real-life marriages, babies, and dates.",
34776n,True,True,True,"We did not study the reasons for these deviations specifically, but they likely result from the context in which federal CIOs operate.",
105378e,False,True,True,"At 8:48, while the controller was still trying to locate American 11, a New York Center manager provided the following report on a Command Center teleconference about American 11:",
28504e,True,True,True,"Others are from families that are struggling to provide a healthy, happy environment but don't have the resources to make it possible.",
129203e,True,True,True,"The second missing benefit includes gains in environmental quality, especially improved health benefits.",
125021e,True,True,True,"Other functional components of the Postal Service are presumed here not to exhibit significant scale economies, although this has not been demonstrated.",
8257e,True,True,False,"'But if White has any designs at all on living, he'll be as far from Little as he can possibly get by now.'",
31806n,True,True,True,"Sculpture and stone carving are perfectly modified to the harmonies of the design; the four columns at the corners are hollow to carry water off the roof, and the urns on roof are disguised chimneys.",
23338n,True,True,True,"From here it's all through the charming hillside village of Saint-Claude, with its upper-income homes, and on toward the summit or as far as the gendarmes are allowing traffic to proceed that day.",
91816n,True,True,True,"Through the use of its own proprietary standard, Wal-Mart gathered and exchanged information among its stores, distribution centers, and the main office in Bentonville, Arkansas, to monitor sales, place orders based on those sales, track shipments to the distribution centers, and coordinate the flow of materials and information throughout the system.",
39855e,True,True,True,But a list of who's better than other people in some aspect or another is not inevitable and does not make the economy any more prosperous or society any richer in other ways.,
81442c,True,True,True,"Our state appropriation is not now -nor has it ever been --sufficient to fund, for example, all of the costs associated with faculty research, student programs, scholarships, seminars, guest speakers, and the law library.",
111341c,True,True,True,well i think i got to agree with you there,
145330e,True,True,True,"Um, what kind of things did you remember reading when you started to read?",
115821c,True,True,True,"The Chinese calendar was used to calculate the year of Japan's foundation by counting back the 1,260 years of the Chinese cosmological cycle.",
39477e,True,True,True,I'd be happy to answer any questions you may have about this program--please call me at 317/274-5625.,
82491n,True,True,True,Programs in Michigan and the District of Columbia received one-year grant terms for 2002.,
5723e,True,True,True,Transmission of the Authorization from the White House to the Pilots The NMCC learned of United 93's hijacking at about 10:03.,
90760e,True,True,True,"To address these concerns, we supplement our Base Estimate of benefits with a series of sensitivity calculations that make use of other sources of concentration-response and valuation data for key benefits categories.",
38145e,True,True,True,"Um, but he'd bend down and stay down to help that dog.",
113688c,True,True,True,"8 A stoichiometry of 1.03 is typical when the FGD process is producing gypsum by-product, while a stoichiometry of 1.05 is needed to produce waste suitable for a landfill.",
98848n,True,True,True,"In fact, it's wise to drive as little as possible inside Paris; the p??riph??rique ringroad runs around the city and it's worth staying on it until you're as close as possible to your destination.",
39873c,True,True,True,"Along with the latest technology, the prime minister's office has a superb Bossi marble fireplace, as well as a fine display of art and crafts.",
6675e,True,True,True,"Indeed, the central purpose of language, from its moment of emergence, is communication, social contact, infiuencing surrounding individuals.",
77580e,True,True,True,"Concurrently, we are undertaking three new program an undergraduate program in civil engineering with an emphasis on the environment; an undergraduate program in industrial engineering with a focus on manufacturing; and graduate programs leading to the M.S.",
102940c,True,True,True,"While it apparently was not heard by the passengers, this announcement, like those on Flight 11 and Flight 77, was intended to deceive them.",
104700e,True,True,True,The creation of a national highway system in the 1950s further fostered the development of mass retailing by opening vast new spaces in suburban malls.,
1824c,True,True,True,"On Samothrakia you can climb to the summit of Mount Fengari, where the God Poseidon watched the Trojan War reach its tragic climax.",
32169e,True,True,True,You will need-all of you will need-to be highly visible personally and professionally.,
91783c,False,False,True,They crossed the Forth from Dunfermline at the narrows known to this day as Queensferry.,
15082c,True,True,True,"If I had chosen to be an actor, I should have been the greatest actor living!",
712n,True,True,True,The duty officer replied that security personnel at headquarters had just begun discussing the apparent hijack on a conference call with the New England regional office.,
136770c,True,True,True,The Lake District is not the place to come if you want lots of action into the early morning hours.,
17753n,True,False,True,"The street ends at Taksim Square (Taksim Meydane), the heart of modern Istanbul, lined with luxurious five-star hotels and the glass-fronted Ataturk Cultural Centre (Ataturk Keleter Sarayy), also called the Opera House.",
49228c,False,False,False,"When the two nations divided it up, France got 54 sq km (21 sq miles) and Holland agreed to take just 41 sq km (16 sq miles), but that included the important salt pond near the Dutch capital of Philipsburg.",
69834c,True,True,True,"First, injected cannabinoids may not mirror the effects of smoked marijuana.",
65312c,False,True,True,yeah so i i trotted back to the car rather quickly uh jumped in went home and took a hot shower and changed clothes and went back,
59517n,False,False,True,oh hum well uh i haven't for some reason have never really gotten enthused about football in the summer from from the the World League,
26020e,True,True,True,But the implication that OLWs are new'just because they now appear routinely in comic strips and on television'is misguided.,
1569e,True,True,False,"He appointed a new financial manager, whom his followers saw as miserly.",
144793c,False,True,True,"What kind of, do you ever tell stories to your little sister?",
59013e,True,True,False,"Though the two cities remained unlinked by rail, this was about to change quickly.",
126826e,True,True,True,"It is also sometimes called simply Beaubourg, after the 13th-century neighborhood that surrounds it.",
32811e,True,True,True,These advancements simply would not have been available without contributions from alumni and friends of the school.,
133635e,True,True,True,"Fulfilling his bargain with Turabi, Bin Ladin used his construction company to build a new highway from Khartoum to Port Sudan on the Red Sea coast.",
5469n,False,True,True,"Well, he milked the cow every morning, but that day, he couldn't milk her, because the gunfire was so heavy, and because everything was falling near the house.",
13631n,False,False,False,Much that might have been offered with sober good advice here is contaminated by an obsessive concern with the identification of the sex of the perpetrator of past injustices.,
70183n,True,True,True,"Recently, the world watched as the newest space shuttle made its maiden voyage.",
16996n,False,False,False,"In the short term, U.S. consumers will benefit from cheap imports (as will U.S. multinationals that use parts made in East Asian factories).",
134160n,True,True,True,"As early as January 1994, Bin Ladin received the surveillance reports, complete with diagrams prepared by the team's computer specialist.",
66758n,True,True,True,"Under the leadership of Dean H. William Gilmore, the school has identified student support and technological infrastructure as the greatest needs in this year's annual fund appeal.",
60298e,False,True,True,Chinese mothers typically corrected the child What did you say?,
144822n,True,True,True,"TIG funds support the Technology Evaluation Project, an initiative of the Legal Aid Society of Cincinnati.",
101420n,False,False,False,And I said to some of my cousins that I had only the last I had seen was at Grandpop's funeral.,
60169e,True,True,True,Another quarter billion plus dollars of the total amount sought was earmarked to pay down operating debt accrued in past years.,
63613e,True,True,True,The FCC has created two tiers of small business for this service with the approval of the SBA.,
117446n,True,True,True,that's true um-hum well that's true the America's paying all this money to have other people give uh aid to other countries so they could be paying their own people and training their own people at the same time,
59040n,True,True,True,"Duende [XV, 1] may be absent in Italian and French, as Mr. Bria assures us, but it is alive and prospering in Portuguese.",
89411c,True,True,False,"A few months ago, Carl Newton and I wrote a letter asking you to consider a financial contribution to graduate Endodontics at Indiana University.",
24818n,True,True,True,yes that i think that's true so that makes them feel definitely like outsiders but like getting back to the their government benefits they they do have a lot of uh tax benefits,
11891n,True,True,True,"Earlier, on page 49, we learnt about Agnodice, who lived to become the world's first known woman gynaecologist, in the fourth century BC.",
25394n,True,True,True,"I have been with the Department of Manufacturing Technology for about thirty years, twenty-five years as chairman and have recently retired.",
37900e,True,True,True,"For as long as he needs it, Goodwill will continue to help.",
100061n,True,False,True,"American 77 traveled undetected for 36 minutes on a course heading due east for Washington, D.C.",
139528c,True,True,True,"Um, what other, now I know you worked with your dad in the beginning there when you were quite younger.",
10259e,True,True,True,"By 1993, Penney was using EDI for processing 97 percent of purchase orders and 85 percent of invoices with 3,400 of its 4,000 suppliers.",
145960c,False,False,False,"The much-previewed profile of Michael Huffington reveals that he is--surprise, surprise--gay.",
115169n,True,False,False,"For example, sketches or photos can be draped with material of different colors and patterns.",
100036c,True,True,True,"The Shore Temple, which has withstood the wind and the waves for 12 centuries, is made up of two shrines.",
66900e,True,False,False,"It is based on an array of selective and equivocal findings, mustered to convince readers that parenting eects are confined to how children behave in parents' presence and do not extend beyond the home.",
33608c,True,True,True,"However, the extent to which these comments were electronically available and the role that this access played in the rulemaking process varied substantially.",
36764e,True,True,True,The cold air and the abundance of water gave them all good cheer that eve.,
26891e,True,True,True,"But you have to have money to save it, and not many couples with young children have the luxury of tucking away $2,000 apiece annually for their Golden Years.",
1120c,True,True,True,"Through the opt-out approach, Texas attorneys contributed $1 million this year, doubling 2001 contributions.",
135400n,True,False,True,"At Kansas City Power and Light's Hawthorn Power Station, Unit 5 was replaced (excluding turbine) in under 22 months.",
86472n,False,False,False,Slate could have put someone with a reasonable grasp of elementary finance and a balanced viewpoint in charge of writing a tax piece.,
97337c,True,True,True,"During the half-century of its existence, Israel has absorbed approximately 2.5 million Jewish immigrants, displaced persons, refugees, and survivors of the Nazi Holocaust.",
119840n,True,True,True,"Well, do you remember one of those particular stories that um, might come up when you're just sitting around reminiscing?",
43245n,False,True,True,"Ceter of the national aerosece industry, with a vigorous local culture and bright and breezy street life, this university city has an infectious enthusiasm to it.",
30139c,True,True,True,oh that's not really important the the other stuff is just you know window dressing because we we've never ordered anything fact the the van that we've got we bought uh from an estate it was an estate trade uh it was almost brand new the the gentlemen who owned it had died,
114475c,True,True,True,"Most recently, GAO reviewed activities of the White House China Trade Relations Working Group, which was established at the request of President Clinton in the exercise of his Constitutional powers.",
120094n,False,False,False,"Others who worked with ACM's high school programming competition, with engineering's super mileage vehicle, with RHllv1's Baker's Club, or with any of the School's other activities helped to maintain traditions in their departments that future classes will be encouraged to continue.",
97606c,False,True,True,"Beginning in the 1970s, retailers expanded their offshore sourcing efforts, especially after quality standards improved, establishing sourcing offices and relationships in low-wage countries, particularly in Asia.",
95034n,False,False,False,"farthingale Neither a singing, nocturnal coin, nor a storm of flatulence, but the light wooden frame that puffed out milady's 16th-century skirt.",
34573n,False,True,False,"But the door was locked?"" These exclamations burst from us disjointedly.",
7096n,True,True,True,"The Ile Saint-Louis is an enchanted self-contained island of gracious living, long popular with the more affluent gentry and celebrities of Paris.",
117639c,True,True,True,"While the Freedom of Information Act, the Trade Secrets Act, and other statutes may generally protect certain categories of information from disclosure by an agency to the public, this protection does not justify withholding the information from GAO.",
9687c,True,True,True,"Business ventures led him from coast to coast, gaining experience along the way.",
3215n,True,True,True,"And, um, I just wish that my counselor would have been more helpful to me.",
138033c,True,True,True,"This one-time staple has been replaced by shirts of dizzying diversity in fabric, design, and style, providing the final consumer with a huge assortment of shirts while exposing retailers and manufacturers to increased risk of holding large volumes of unsold goods.",
922c,True,True,False,"I recently purchased a new computer, and, because it operated on a system different from the one of my old computer, I asked a few friends to recommend a word-processing package that I might.find useful.",
14905c,True,True,True,"However, the specific approaches to executing those principles tended to differ among the various sectors.",
7865c,True,True,True,A re-created street of colonial Macau is lined with traditional Chinese shops.,
83057n,False,True,False,Lewis brought to the campaign the same intensity he had trained upon redneck troopers and sheriffs.,
98274e,True,True,True,"This is an excerpt from the voice-over credo read in the opening credits for the new UPN series Star Pitiful Helpless Giant , starring former Secretary of State George Shultz.",
49845e,True,True,True,"Slang's space cadet `an eccentric, especially one who is stuporous or out of touch with reality' evolved from Tom Corbett, Space Cadet, a 1950 television series depicting the adventures of a 24th-century cadet in the Solar Guides, the interplanetary police force keeping order in the Solar Alliance.",
9834e,True,True,True,The man had probably heard him urinating or maybe even noticed the change of his breath as he awoke.,
140447n,True,True,True,"Once inside, Vice President Cheney and the agents paused in an area of the tunnel that had a secure phone, a bench, and television.",
104428c,True,True,True,"In particular, retaining some short-cycle capacity may be advantageous for production of SKUs with higher levels of demand variation, whether because of fashion content or uncommon size'that is, for garments that have unique design elements or are in a size few consumers wear.",
65429c,False,False,False,to do it before you know before it gets hot and one time last year i remember we were planning on doing that and it was eighty degrees even then,
116801n,True,True,True,"And, anyway, uh, anyway, went on from there, started doing a lot of stuff in college working with um one person specifically.",
86768c,True,True,True,"On Flight 93, however, the takeover took place 46 minutes after takeoff and there were only four hijackers.",
64452e,True,True,True,"As of this date, we have received commitments for approximately forty percent of our goal to the Timothy J. O'Leary Periodontal Endowment Fund.",
75198n,True,True,True,Thank you again for sending me the information on your $25 reasonable request direct mail appeal as well as your detailed analysis of results.,
101792c,True,True,True,Take a few moments to list five or six competencies of a child you know well.,
129723n,True,True,True,and they're fairly close to the water aren't they i mean they're right on the late,
117809e,True,True,True,(Cohen 1999) Although many observers would view this as an extreme step it could reduce costs and allow increased efficiencies.,
145627e,True,True,True,Duke William returned from his conquest of England to attend the consecration of Notre-Dame in 1067.,
85838c,True,True,True,"On a December day in 1917, British General Allenby rode up to Jaffa Gate and dismounted from his horse because he would not ride where Jesus walked; he then accepted the surrender of the city after the Ottoman Turks had fled (the flag of surrender was a bed-sheet from the American Colony Hotel).",
19712c,False,False,False,"In the 1980s, and as late as 1994, a major Republican theme was a sort of taunting, nyah-nyah populism.",
43270n,True,True,True,The New York Center controller and manager were unaware that American 11 had already crashed.,
34710c,True,True,True,"These practices have resulted in the integration of enterprises at all stages of the distribution and production chain, because of the infusion of real-time information on consumer sales.",
84336e,True,True,True,"However, it was seen at the time as a success.",
119771c,True,True,True,Bin Ladin began delivering diatribes against the United States before he left Saudi Arabia.,
92163c,True,True,True,"For instance, mandatory account proposals are more likely to increase private saving because such a program would require households that do not currently save-such as many low-income individuals or families-to place some amount in an individual account.",
109008n,False,False,False,yeah yeah you probably get this probably pretty sticky after you get done then you've got to drain the water out of the watermelon because you know when you scrape it it makes the water,
30221e,False,True,True,"I will practice The Look on old French ladies who are happy to have any old look at all, I say, and then, as I get the hang of it, move gradually into the big leagues.",
122754n,True,True,True,"To the west of the city at Hillend is Midlothian Ski Centre, the longest artificial ski slope in Europe.",
105232e,True,True,True,"In addition to that behind-the-scenes role, MCCOY has taken an out-front role in developing a Summer Bus Pass, neighborhood youth councils, and the We Value Youth information line.",
1570c,True,True,True,"As Sudanese authorities became less obliging, normal costs of doing business increased.",
82300e,True,True,True,"As the road climbs toward the entrance, you'll pass fields full of Santorini's famed tomatoes growing on the steep slopes.",
126486e,True,True,True,"The entire setup has an anti-competitive, anti-entrepreneurial flavor that rewards political lobbying rather than good business practices.",
18163c,True,True,True,"Generally, data collection and analysis are concurrent and interactive-that is, yoked in case study methods.",
68132c,True,True,True,"Long Bay is seven miles of sublime fine sand, gentle azure water, and cooling palm trees.",
14300e,True,True,True,The world ripped apart around them replaced with a world of fear and blood and fire.,
62476c,True,True,True,"Sophie turned toward the teddy bear, lifted his paw, and exclaimed, She wants a lollipop to hold in her hand!",
47928c,False,False,False,"The interest in man's forebears did not become fashionable upon the publication, a few years ago, of Roots : on a far larger scale, we have been trying to discover all we can about the origins not of men but of man.",
12567c,True,True,True,"If that investor were willing to pay extra for the security of limited downside, she could buy put options with a strike price of $98, which would lock in her profit on the shares at $18, less whatever the options cost.",
94206n,True,True,True,"The Branch's goals focus on increasing the percentage of youth Grow into mentally and physically healthy adults; Know how to structure their lives in ways that produce meaning and enjoyment; Plan their high school program to allow them to qualify for future higher education, even if the current goals are vocational; Use non-violent conflict resolution skills when needed; Reach adulthood without being involved in alcohol, tobacco and other drug use; Are able to develop and achieve their goals and aspirations.",
64341c,True,True,True,"For more sweeping panoramas, you can hike for less than an hour to either summit Petit-Bourg (716 m/2,349 ft) or Pigeon (770 m/2,526 ft).",
97200e,True,True,True,"Historically, the bulk of the human race has never known a classroom, let alone a cloister or an ivory tower, or met up with teachers empowered by letters after their names.",
18958e,False,True,True,and uh as a matter of fact he's a draft dodger,
96713e,True,True,True,What I liked about it was that kids were special.,
79401c,True,True,True,because the cold weather was just simply trapped along the ground and couldn't get away,
122197c,True,True,True,"Oh, my friend, have I not said to you all along that I have no proofs.",
115457c,True,True,True,Auditors are strongly encouraged to comply with the guidance provided by GAGAS.,
89299e,True,True,True,"I mean literally you could just see it hang, it looked like a fire scene on the news it was awful.",
101104c,True,True,True,It must also report the information to the employee's home agency promptly to facilitate disbursement of pay by the home agency.,
28141n,True,True,True,"Countering Locke's image of an all-powerful adult tutor, eighteenth-century French philosopher Jean Jacques Rousseau conceived of the child as a noble savage 'untamed but naturally good, with an innate plan for orderly, healthy growth.",
90839e,False,False,True,Numbers began wafting about on the I'd say at least five,
69290c,True,True,True,"Because they were living in a, in an apartment basically.",
28293c,True,False,False,"But although the 60 Minutes producer is played by the star (Pacino grandstands, but not to the point of distraction), Bergman's story doesn't have the same primal force.",
9298e,True,True,True,He cut out a square and a circle with help today.,
12815n,False,False,True,yeah well that's my uh i mean every time i've tried to go you know it's always there's there's always a league bowling,
143267n,False,False,False,"This year's contribution form includes a place to indicate how your donation should be used, or just make your check out to the IGGS Scholarship Fund.",
99274e,True,True,True,"Between 9:01 and 9:02, a manager from New York Center told the Command Center in",
85488n,True,True,False,"The Vice Chairman joined the conference shortly before 10:00; the Secretary, shortly before 10:30.",
110636n,True,True,True,Five calls described the intent of passengers and surviving crew members to revolt against the hijackers.,
18531n,True,True,True,"Jarrah stopped the violent maneuvers at about 10:01:00 and said,Allah is the greatest!",
49102n,False,True,False,the only thing that they had a great abundance of was uh you know human beings,
88647c,True,True,True,"Still, it would be interesting to know. 109 Poirot looked at me very earnestly, and again shook his head.",
9690c,True,True,True,In just the past few years this program has grown from a few kids and a few extra activities to a team of almost 60 young adults taking on real projects.,
4048n,True,True,True,Improved products and services Initiate actions and manage risks to develop new products and services within or outside the organization.,
22763e,True,True,True,"To achieve the 90 percent cloth utilization typical of this kind of production, one needs to combine six pairs of pants into one marker.",
52882e,True,True,True,"In Algeria, where in 1991 Islamists seemed almost certain to win power through the ballot box, the military preempted their victory, triggering a brutal civil war that continues today.",
49621n,True,True,True,"And uh, I don't remember the specifics as to what he did, but the bus driver Louie was about four and a half feet tall driving a 72-passenger diesel bus.",
41820e,True,True,True,Other development applications allow designers to begin with an actual garment and make appropriate changes to achieve the desired design or construction modifications.,
133004e,False,False,False,A recorded menu will provide information on how to obtain these lists.,
69902n,True,True,True,"In 1998, Iraq was under intensifying U.S. pressure, which culminated in a series of large air attacks in December.",
44939e,True,True,False,LASNNY is one of the oldest and most cost-effective legal services organizations in the United States.,
54892c,True,True,True,"Nowadays, a poverty lawyer working for one of New York's many agencies representing the indigent - including Legal Aid, the South Brooklyn Legal Services, the Lawyers Alliance for New York, InMotion, the Lawyers Committee for Human Rights, Volunteers of Legal Service, the Bronx Defenders and New York Lawyers for the Public Interest - might begin his or her career at $32,000 per annum, compared with the $125,000 average first-year associate salary at the city's larger firms.",
5037e,True,True,False,"8 Follow-up to the May 8, 2001, Hearing Regarding the IRS Restructuring Act's Goals and IRS Funding ( GAO-01-903R, June 29, 2001), and IRS Continued Improvement in Management Capability Needed to Support Long-Term Transformation",
41684e,True,True,True,"The sculpture on the dome (a personification of Commerce) and the river gods (including Anna Livia, set over the main door) are by Edward Smyth, who was also responsible for the statues on the GPO .",
6366e,True,True,True,"The onomatoplazia of inflammable is so common that flammable , or even flamable is now commonly substituted, especially on trucks.",
126060e,True,True,True,Feminists have much to say about men's claim that women talk too much.,
53866c,True,True,True,kind of kind of nothing i won't have anything to do with,
34134e,True,True,True,"It is a pivotal time in the life of a young girl-when small changes in her behavior, or the choices she makes, can affect her future.",
115109n,True,True,False,Of course you only had a thousand students through all those six grades.,
59784e,True,True,True,"Lexicographers constantly face problems of defining terms that, in some instances, might require a brief essay to explain and far more specialized knowledge than can reasonably be expected from the user.",
126628e,True,True,False,"At 79 m (260 ft) wide and 36 m (118 ft) high, it was built by the Ptolemies during a total reconstruction of the temple in the years 237 105 b.c.",
132088c,True,False,True,"You want to be down anymore than anybody else, so--",
132344c,True,True,True,"Larger boats for up to 20 people, plus crew, offer organized gourmet cruises.",
118754e,False,False,True,"From that spot she could see all of them and, should she need to, she could see through them as well.",
23015e,True,True,True,Your investment is critical to making our community a better place.,
19116c,True,True,True,"The tents had been burned, but there was a new building where the main tent had been.",
43094c,True,True,False,Time 's cover package considers what makes a good school.,
24248n,True,True,False,"Unfortunately, the mistake is compounded and perpetuated by dragging in expressions like man in the street, the average working man , and others, and, as a result, the entire argument degenerates.",
24471n,False,False,True,"Uh, we used to sit on her back porch and uh snap uh beans or what they called doing snap beans, uh, which was really just taking green beans and snapping them into smaller pieces.",
78829c,True,True,True,It is extremely dangerous to Every trip to the store becomes a temptation.,
34952n,True,True,True,"She's got all of those, and a swing and a table, too!",
104034c,False,True,False,"Paula Van Gelder's Poetic Licenses [XIV, 4] reminded me of the license plate a friend reported recently.",
45563e,True,True,True,"That is to say, beside Indo-European and Indo-Hittite, there must have existed an Indo-Slurvian.",
32234n,True,False,True,As the tax year draws to a close I would like to urge you to make a tax deductible contribution for the support of Women's Studies.,
77299n,True,False,True,"The inquiry expanded very quickly, however, from asking what technology failed to an examination of contextual influences, such as",
105977e,False,True,True,oh yes how well i know i was laid off last year but i was i was lucky because i was one of the first groups to go,
115954c,True,True,True,"For himself he chose Atat??rk, or Father of the Turks.",
12351c,True,True,True,"In the final rule, HCFA revised certain regulations pertaining to the costs of graduate medical education programs to conform to a recently enacted statute.",
70320n,False,False,False,"Although a mile long, its name is misleading because it is not one street but several different streets.",
133391n,False,True,False,As you review the gifts you've made this year I please consider a year-end gift to Herron School of Art.,
43168e,True,True,True,Something may be better than nothing . If trials compared low-cost therapy to the complete AZT regimen it's likely that the new regimens will prove less effective.,
23780c,True,True,True,"Once the pious devotions are over, however, wine flows, fireworks explode, espetada (kebab) stalls flourish, and Monte regains normality for another 363 days.",
30566n,True,True,False,"But after September 1996, when first Jalalabad and then Kabul fell to the Taliban, Bin Ladin cemented his ties with them.",
36800n,False,True,False,I can think of no better time to continue extending grace to others than at Easter.,
56338e,True,True,True,It is wonderful to be able to write this letter to you as a special friend of the Leukemia Society of America.,
60231n,True,True,True,But to deny that the oblique senses of man are still very much with us is mere optimistic folly.,
137570n,True,True,True,"Up here, gazing out at strikingly lush mountains, you may find yourself higher than the clouds, which adds to the extraordinarily eerie atmosphere of the place.",
12601n,False,False,False,"I touched my palm to his mutilated cheek, and tried to stem my instinctive revulsion.",
25821e,False,False,False,The agencies requesting guidance on internal controls when implementing fast pay have also designed procedures to verify receipt and acceptance of goods ordered on an afterthefact sampling basis rather than on the basis of a 100percent postpayment verification as is traditionally done.,
48232n,True,True,True,"He was accompanied by family members and bodyguards, as well as by al Qaeda members who had been close associates since his organization's 1988 founding in Afghanistan.",
137727n,False,False,False,so i'll probably say you know it's like well we've been talking for five six minutes so okay,
67051c,True,True,True,yeah i can usually i can put in oh probably mid March i can put anything in the ground you know beets and onions and stuff like that,
84668n,True,True,True,"A chancy road winding up to the 475-metre (1,560-foot) summit is likely to test the engine and suspension of your car, as well as your own persistence.",
105051n,True,True,True,"There was no longer any when you wanted some unbridled adult fun, Las Vegas was the place to be.",
27867e,True,True,True,"But it wasn't like Daddy's Little Wannabe Tomboy, thing anymore, you know.",
100849c,True,True,True,"While awaiting my licensure to practice dental hygiene, I have had the opportunity to look back upon my education at Indiana University School of Dentistry.",
16366n,False,False,False,"Nearby is the Monastery of Nea Moni, founded in 1049, and one of the most beautiful Byzantine religious sites in the Aegean.",
107449c,False,True,False,i don't know i i do i can think of all the uh the biblical things about it too where what did they say to uh i can't think of the scripture Render unto Caesar's what is Caesar's so,
90922n,True,True,True,and uh you know once you start up at the top and try to get those dollars on down to the hands that need them you know there's a lot of places the money stops and disappears along the way,
84334c,True,True,True,"In 1986, a bomb went off at a disco in Berlin, killing two American soldiers.",
7451c,True,True,True,"Given the limits on the WTO's jurisdiction, it was probably unreasonable of Kodak to expect a real victory.",
104935e,True,True,True,"Instead of indulging in the usual teary nostalgia about baseball (that means you, Ken Burns), Will considered it as a craft, explaining exactly why a manager calls a hit-and-run now and not on the next pitch, how a pitcher sets up his fastball, why a shortstop moves in a step for one kind of double play and out a step for another.",
5332e,True,True,True,"Imaginative play, Vygotsky noted, also functions as a bridge from the concrete thought of the preschool and early school years to mature adult thought, which can be totally free of real situations.",
55982c,True,True,True,yes i i always turn on the TV set and it seems like i catch that program in the last five minutes and,
66737c,True,True,True,The rock has a soft texture and can be bought in a variety of shapes.,
113816e,True,True,True,okay okay that's it that GTE had purchased Tigon and yeah that's what we have,
42193c,True,False,False,"Against his own advice, Ca'daan dared to stare off the edge once as they neared the end.",
11971e,True,True,True,"In a six-year study, scientists fed dogs and other animals irradiated chicken and found no evidence of increased cancer or other toxic effects.",
109408c,True,True,True,"Chapter 10 considers how new human resource practices that allow for short-cycle production, in concert with the use of information technology, can positively affect the performance of suppliers.",
139735c,True,False,True,"As a male reader, I get strong vibrations from this book that the authors advocate the paranoid view that everything in the language that is not exactly as they would like it to be is the result of a gigantic hate program against women.",
43345n,True,False,False,Homes or businesses not located on one of these roads must place a mail receptacle along the route traveled.,
26148n,True,True,True,"Yiddish never apologizes for what it is'the earthy, wise soul of an expressive people learning that life is but a mingled yarn, good and ill together.",
23238c,True,True,True,i agree with you but did you see the map they drew up on uh on how they were gonna divide up the districts,
130068n,False,True,True,"The burden of his spiritual functions as high priest of Shinto and the tasks of administration led the emperor to welcome an early abdication, frequently to retire to a life of Buddhist meditation and scholarship.",
100543c,True,True,True,"When you give to United Way, you can rest assured that your gift will be used efficiently and effectively to help people in need here at home.",
24632c,True,True,True,FAA headquarters began to follow the hijack protocol but did not contact the NMCC to request a fighter escort.,
111601c,True,True,True,"Please RSVP to Tammy Jackson by Tuesday, November 2, 1999 at 264-7555, ext.",
133261c,True,True,False,well and i i noticed since we moved down here to Texas my husband is originally from Texas but uh i'm not and that you don't have to have uh such a wide variety of seasonal clothes that you do up north where you have to,
50757c,True,True,True,The interim rule was reviewed by INS and EOIR under Executive Order,
77871e,True,True,True,"Most large hotels will have a floorshow featuring music and dance, including a voluptuous belly-dancer, who will introduce the audience to the art of gyrating Egyptian style.",
23754c,True,True,True,This guild of scholars is one of the most successful enterprises in the history of our species.,
110441c,True,True,True,"In kampung workshops you can watch fantastic birds and butterflies being made of paper (and increasingly, nowadays, of plastic, too) drawn over strong, flexible bamboo frames.",
4287c,True,True,True,you know they they like what they're doing they you know they feel good about what they're doing that type of thing it's more,
101467n,False,False,True,"Horwitz makes us see that the pinched circumstances of their lives are not so different from the conditions of their ancestors, dirt-poor yeoman farmers who seldom saw, much less owned, a slave.",
8592n,False,False,False,"After being in and out of Egyptian prisons during the 1980s, Abdel Rahman found refuge in the United States.",
52750e,True,True,False,Do you feel like that's just in Charlotte that that's how the school systems are?,
489c,True,True,True,This letter is to ask for your support in remembering your fellow classmate.,
139742c,True,True,True,"Whether the apparel item is casual or formal, the stitching in the garment must accomplish one or more of the following objectives.",
30304e,True,True,True,"And in several of these random instances of pleonasm, truism, kinky syntax, malapropos metaphor, and just plain dumb things to say, I perceived the moroxonic spirit at work.",
47332c,True,True,True,Lean retailing itself implies a dramatic reduction in the amount of inventory held by retail enterprises.,
40467n,False,True,True,i've yeah i've done it before and when i was in high in high school and college and thoroughly enjoyed it and and it's really a a blast my wife hates it but that's the way life is i guess,
96956n,True,True,True,You wonder whether he could win a general election coming out of the right lane of the Democratic Party.,
110528c,False,False,False,probably yeah i would imagine the judge could throw it out,
19126c,True,True,True,There are sharp differences in the United States between organized labor and business and in the political arena as well.,
124388c,True,True,True,"For centuries, the Loire river was a vital highway between the Atlantic and the heart of France.",
94347n,False,False,False,Three of the flights had actually taken off within 10 to 15 minutes of their planned departure times.,
92597c,True,True,True,"Campbell held that the ancient mythologies and religions are allegorical and that there was no real distinction between gods and goddesses, who were given sexual identity when in human form only to make them more meaningful.",
66614e,True,False,True,"In fiscal year 2000, it reported estimated improper Medicare Fee-for-Service payments of $11.",
34885n,False,False,False,This plan is one more reason to preserve the perennially endangered Endangered Species Act -the most effective wildlife law ever passed.,
34152c,True,True,True,"Though prehistoric remains from the Paleolithic, Neolithic, and Bronze Ages have been unearthed in the Manzanares Valley, prior to Madrid's sudden elevation to capital city in 1561 its history was rather undistinguished.",
139795e,True,True,True,"Uh, it's interesting how, uh, stories become so impressionable the younger the hearer.",
61198c,False,False,False,you know your children are going you know you've got five children in school instead of somebody that only has one or none and so you they're paying more income tax to pay for your children to go to school it just you know doesn't make sense,
113284n,False,False,False,"Meanwhile, a manager from Boston Center reported that they had deciphered what they had heard in one of the first hijacker transmissions from American 11: Boston Hey . . . you still there?",
63853e,False,True,True,"Under the command of state governors, they provided support to civilian agencies to assess the nature of the attack, offer medical and technical advice, and coordinate state and local responses.",
140005c,True,True,True,"3 It should be noted that the toxicity (LC50) of a sample observed in a range-finding test may be significantly different from the toxicity observed in the follow-up chronic definitive test (1) the definitive test is longer; and (2) the test may be performed with a sample collected at a different time, and possibly differing significantly in the level of toxicity.",
108588e,True,True,False,"A group of guys went out for a drink after work, and sitting at the bar was a real a 6 foot blonde with a fabulous face and figure to match.",
112965c,True,True,True,yeah and they've got those bins that just stay there and they decorated them real cute you know with a bunch of big old flowers and stuff,
69907e,False,True,False,She People are rarely indifferent to the magazines I've put out.,
97367c,True,True,True,"On the slopes of the hill you will find Edinburgh Zoo, located just behind Corstorphine Hospital.",
59911n,False,False,True,NORAD officials have maintained that they would have intercepted and shot down United 93.,
24582e,False,True,True,"I ordered Better Sexual Techniques , Advanced Sexual Techniques , Making Sex Fun , and Advanced Oral Sex Techniques (priced about $11.",
41544e,True,True,True,"Yes, Elizabeth Taylor, Norman Mailer, Warren Beatty, David Rockefeller, and Mick Jagger will go to a nightclub, but only if they are reasonably certain that Diana Ross, William F. Buckley Jr., Salvador Dali, Betty Ford, Frank Sinatra, Mikhail Baryshnikov, and the king of Cyprus will show up too--and vice versa.",
80665c,True,True,True,[I]n You're the Top Porter does not capitalize on the text's potential for realism.,
17990c,True,True,True,"And he said, Ma'am, he said, what did the guerrillas that were there eating do with themselves?",
124587n,False,True,True,"And she told me that everyone has to be like a little child to God, and that God loves everyone just like He is their own father and they are His children, because of what they are.",
133365c,True,True,True,At the west end is a detailed model of the whole temple complex.,
22771e,True,True,True,We're told that one aircraft is down but we do not have a pilot report that did it.,
24067n,False,False,False,"Strategic parents might spend a large portion of their tax cuts, causing interest rates to rise.",
85860e,False,True,False,"The Passaic office is refusing to join in that reconfiguration, which goes into effect Jan.",
62844c,True,True,True,"Command Uh, that's a decision somebody's gonna have to make probably in the next ten minutes.",
38527n,True,True,True,"will never be doused (Brit Hume, Fox News Sunday ; Tony Blankley, Late Edition ; Robert Novak, Capital Gang ; Tucker Carlson, The McLaughlin Group ). The middle way is best expressed by Howard Kurtz (NBC's Meet the Press )--he scolds Brill for undisclosed campaign contributions and for overstretching his legal case against Kenneth Starr but applauds him for casting light on the media.",
6811e,False,False,False,He could go and make more his self if he would get off his butt and do it.,
98308e,True,True,True,The primary screen must be integrated into the standard intake procedure of the emergency setting and must be the responsibility of the staff to administer to all patients.,
143527e,True,True,False,He reported masterfully on the '72 campaign and the Hell's Angels.,
115317c,True,True,True,"The operation was carried out principally, perhaps exclusively, by Saudi Hezbollah, an organization that had received support from the government of Iran.",
91650e,True,True,True,yep because it's when it's self propelled it's heavy yeah,
22077c,False,False,True,"Muscat, or muscatel, on the other hand, is found on skid rows all over the land.",
117853c,True,True,True,"Um, my mom has because she knows how important it is to me and everything like that and my dad actually two weeks ago when I went home, I don't even remember why I went home, but I went home for something and he's like, he's still trying to convince me to double major.",
14964c,False,False,False,"I picture muskrats wallowing about in the mire and paddling sluggishly through the water, but I wouldn't call that rambling.",
101901e,True,True,True,It is similar with members low on the ladder of rank.,
141338n,True,True,True,"This overall increase is mirrored by growth in the average number of new SKUs introduced per year by apparel business units, which increased from 2,368 in 1988 to 3,688 in 1992.",
33073e,False,True,True,We all realize how the availability or lack of comfortable seating and conference space made it possible for us to socialize or to get help in a course giving us difficulty.,
46907e,True,True,True,"While the NIPA measure reflects how government saving affects national saving available for investment, the unified budget measure is the more common frame of reference for discussing federal fiscal policy issues.",
132038e,True,True,True,"Reportedly the biggest payment made in such a case, it is hardly a nick in Texaco's annual revenue of more than $30 billion.",
11142c,True,True,True,"For example, the moderate scenario assumes a 50% or $1.",
131623c,True,True,True,"In the depths of the Cold War, many Americans suspected Communists had infiltrated Washington and were about to subvert our democracy.",
51410e,True,True,True,yeah that's up here in New England that's we call that backpacking which is the same thing which is you're you've got everything on your back you know an aluminum camp frame uh,
131845e,True,True,True,"Not until 1998 did al Qaeda undertake a major terrorist operation of its own, in large part because Bin Ladin lost his base in Sudan.",
39145n,True,True,True,A more convincing case for Latin studies can be made on other grounds (if the study of ANY language requires pleading).,
50292e,True,True,True,"Still, the idea has caught on so well that most British newspapers now offer two crossword puzzles each day.",
55752c,True,True,False,"Payment of $1,000 (or more) may be made now or at anytime before December 31, 1993.",
45605c,True,True,True,They have prominent red protuberances and may have been named after the British redcoats.,
1639n,False,False,False,"In 1998, CCI served 31,484 individuals right in their own backyards.",
124414c,True,True,True,"Shortly after the first call, Barbara Olson reached her husband again.",
18436c,True,True,True,"Our faculty are involved in the community, working with city officials, conducting research, and providing the community with expertise and service.",
77067c,True,True,True,The Black Cane Society is named after the Black Cane award which is given annually by the law students to the professor who is voted to be the most outstanding classroom teacher.,
39000n,True,False,False,The Vice President was mistaken in his belief that shootdown authorization had been passed to the pilots flying at NORAD's direction.,
12870c,True,True,True,so he donates a lot not everything but a lot of the material then what he doesn't donate we just go out and buy,
67111n,True,True,True,"As a member of the Law Alumni Board (Board of Visitors) you are quite well acquainted with the programs, progress and problems of the law school.",
105681c,True,True,True,"Rather, the intensity of adult support depends on where the task falls within the child's zone.",
114964e,True,True,True,"In fact, it is the key member of a whole family of Graphic CEs, all with their own specific flags to indicate whether the answer is to be composed from last letters, middle letters, or other word fragments.",
68583n,True,True,True,"Sixty percent of Americans are frustrated and angry with the health-care system, and 70 percent favor federal intervention.",
32945e,True,True,True,I found Steven E. Landsburg's piece Pay Scales in Black and White extremely unconvincing.,
1536e,True,True,True,"As a result, EPA could not ensure that it was directing its efforts toward the environmental problems that were of greatest concern to citizens or posed the greatest risk to the health of the population or the environment itself.",
111145n,True,True,True,Excitement abounds as some 300 students and proud parents and grandparents fill the IUPUI Conference Center for the event.,
136759c,True,True,True,"So you couldn't tell what kind, at night, what kind of people were going by, but you could hear clatter, because even beasts full of weapons, with, everything, you know?",
21012n,False,False,False,My article does not say or imply that real earnings growth only reflects retentions and that dividend growth must be zero or that all valuation techniques are out the window for firms that don't pay dividends.,
72752n,False,True,False,I hope this correspondence finds you and your family doing well.,
113466n,False,False,True,"On his way home, he shares the story with four people at a street corner.",
95738n,True,True,True,"Now where did you, when you were hearing these stories, your mother was telling them to you, where were you living at the time?",
43787e,True,True,True,"Please find it in your heart to renew your pledge or, if possible, increase it.",
891e,True,True,True,Software can prevent lines from being cut twice; it can control the touchy job of cutting the apex of wedge-shaped pieces by approaching the point from both sides of the wedge rather than attempting to cut around the tip.,
129391e,True,True,True,"All of this is a minor irritation to the user, but Philip Gove wanted to save space at all costs.",
123275e,True,True,True,but uh i've always enjoyed uh the train and you know fooling with it and all,
25591n,True,True,True,"I read a lot of other authors that weren't, weren't as good writers but also had interesting ideas.",
67868e,True,True,True,"The IU School of Dentistry, and our entire profession, will benefit greatly from this endowment.",
117988n,True,False,True,i think yeah and it's a just a nice escape and you know it's something to laugh at and enjoy,
132525n,True,True,True,She had the pathetic aggression of a wife or mother--to Bunt there was no difference.,
10468e,True,True,True,no i i even i enjoy reading T News i try to catch it because it's another example they just they just show you the words and the facts and they they don't offer any commentary and it gives me a quick chance to to be caught up during the day because you know we don't listen to the radio at work at all so i don't like to go the whole day without hearing anything,
65292c,False,True,True,"As it is now, Web companies not only have the ability to provide diabolically precise demographic targeting to political campaigns, they can also make such offers exclusively.",
42678n,False,False,False,"I, I do think they read to them when they are little.",
96906c,False,True,False,"The sooner we strike the better."" He turned to Tuppence.",
82285n,True,False,True,Because teaching a man to fish will keep him fed for his entire life.,
3918e,True,True,True,"An English authority on dictionaries, James Root Hulbert, says that The Concise Oxford is the best for literary use in Britain and Chambers the best for general British use.",
32865n,True,True,True,The space age began with the launch of Sputnik in October 1957.,
138285c,True,True,True,i cried when the horse got killed and when the wolf got killed,
20550e,True,True,True,"To begin with, the adoption of bar codes came before rapid replenishment arrangements because retailers required a low-cost means of collecting information at the detailed product level for their own use'that is, they first developed an efficient method for scanning prices at the check-out register and tracking products for internal inventory purposes.",
30450e,False,False,True,"Where do you think she can be, Sir James?"" The lawyer shook his head.",
21355e,True,True,True,"In those countries where dialect study is undertaken, dialectologists observe that there are today many factors militating against the strict maintenance of older dialect the standardization of terminology as adopted by national periodicals, news services, radio, and television; the establishment of prestige dialects and, through the media, their promulgation; and the huge population shifts that have taken place, particularly in the U.S. since WWII.",
55805c,True,True,True,The forecasting and inventory models presented in this chapter are not new; they have been recommended for years by statisticians and operations researchers.,
1948e,True,True,True,"Our answer to that is, we stay focused on our mission of empowerment of women and their families.",
15756c,True,True,True,"The resulting profit accrues, even after the higher finished goods carrying cost associated with larger inventory has been considered.",
40486e,True,True,True,"The Women's Haven, which provides shelter and outreach to domestic-violence victims, already has a full-time attorney.",
128412e,True,True,True,On the platform stood an altar and a large stone pillar.,
79412c,True,True,True,"Well, one day, I sai, I was going from San Miguel, uh, to Carolina, my brother lived, my brother was the principal of that, of that school there, in Carolina.",
32885c,True,True,False,"The other is of the newer, playful genre, often referred to as cryptic ; but this designation is by no means universal.",
141567c,True,True,True,Wal-Mart is the most well known of the early lean retailers.,
14388e,False,False,False,life in prison then he's available for parole if it's if it's life and a day then he's not eligible for parole so what you know let's quit BSing with the system,
73191c,True,True,True,"To get a wonderful view of the whole stretch of river, and to stretch your legs in a beautiful parklike setting, climb up to the Ceteau de Marqueyssac and its jardins suspendus (hanging gardens).",
126137c,True,True,True,1. Determine if the company you or your spouse works for has a matching gift program (through the personnel office).,
16566n,True,True,False,Both pilots had been killed (reported by one flight attendant).,
101984n,True,True,True,"Chapters 13 through 15 examine the channel as a whole, from global, private-performance, and public-policy perspectives.",
28165n,True,True,True,"Well, you know, to this day every now and then that particular story comes up every now and then.",
924n,True,True,True,"We count on your continuing interest in Sudden Infant Death Syndrome, the SIDS Alliance and our programs.",
23342c,True,True,True,"The 28 sta?­tues representing the kings of Judah and Israel have been remodeled after the drawings of Viollet-le-Duc; the original ones were pulled down during the Revolution, since they were thought to be the kings of France.",
10004n,False,False,True,No one would ever think of sentiment in connection with you.,
14167c,True,True,True,"On various episodes he is a member, along with Bluebeard and the Grim Reaper, of the Jury of the Damned; he takes part in a snake-bludgeoning (in a scandal exposed by a Bob Woodward book); his enemies list is used for dastardly purposes; even his dog Checkers is said to be bound for hell.",
127171n,True,True,True,It has long been known that inventories at the macroeconomic level affect the depth and length of business cycles.,
44106c,True,True,True,They thus might give Pakistan greater security on one of the several borders where Pakistani military officers hoped for what they called strategic depth.,
53074c,True,True,False,ooh it's kind of tough to think of some of the others although i do watch some of some of those frivolous things uh like on Thursday nights at nine o'clock when i get home from aerobics i will watch uh Knots Landing,
113280e,True,True,True,"Also downtown is the Flower Market, on Wall and 8th streets; fresh-cut flowers and a variety of plants can be had for bargain prices, but the best selections are found before dawn.",
86429e,False,False,False,Agencies may perform the analyses required by sections 603 and 604 in conjunction with or as part of any other agenda or analysis required by other law if such other analysis satisfies the provisions of these sections.,
142966c,True,True,True,"When I was in school I really liked Virginia Woolf, Schwartz said of her nascent literary tastes.",
59092c,True,True,True,It is basically composed of 29 percent Anglo-Saxon and 60 percent Romance (including Latin and Greek) words.,
75608c,True,True,True,Lewin had served four years as an officer in the Israeli military.,
62273c,True,True,True,"The book is a parody of Bartlett's , serving up quotes from Lincoln, Jefferson, and Roger Rosenblatt with equal pomposity.",
11434n,True,True,False,"What, ah, story in your childhood had the most impact on you?",
110475e,True,True,True,DOD's common practice for managing this environment has been to create aggressive risk reduction efforts in its programs.,
130903e,True,True,True,Some are reported as not having been wanted at all.,
136389n,True,True,True,Respondents to the Board's question on whether the alternatives of presenting costs of Federal mission PP&amp,
116582c,True,True,True,"On your right is the entrance to the 16th-century Sandal Bedesten, with lovely brick vaults supported on massive stone pillars.",
7524n,True,True,True,Being at WBRC learning to cope with the disability was a major feat for Miyares.,
45731c,True,True,True,"All-inclusive packages and large resort hotels offer restaurants, sporting activities, entertainment, wide-screen sports channels in the bars, shopping, and a guaranteed suntan.",
27480e,True,False,True,"Kmart became the first major nonfood retailer to employ them as a means of tracking inventory in the early 1980s, several years before Walton made this technology a core building block of his distribution system.",
59042c,True,True,True,"Well that window happened to be through her room, so I just kind of walked on through the room and she looked up at me and I said, Good morning, and she just screamed.",
9798e,True,True,True,Oh yeah? San Barenakedino? How's he? Clarisse and Onardo both asked.,
124736e,True,True,True,"Once constructed, this persisting psychological self serves as an anchor for unique experiences, which are retained easily as long as they become personally meaningful.",
135088n,False,False,False,"If a retail customer pays a premium for a custom pair of jeans, dress shirt, or suit, that customer will expect the item to be delivered to her home within days, not weeks or months.",
10863c,True,True,True,"A proserous tourist district, it is full of shopping centers and department stores, along with a number of good restaurants.",
28189c,True,True,True,The Student American Dental Hygienist's Association Hearty Smiles project at Riley Hospital has been successful and rewarding to the children as well as the hygiene students.,
104865e,True,True,True,"He unleashed a 16-day reign of terror that left 300 Madeirans dead, stocks of sugar destroyed, and the island plundered.",
120274c,True,True,True,"The Garden Island is lush with botanical estates and Waimea Canyon, the grand Canyon of the Pacific .",
29437n,False,True,False,His primary concern was ensuring that the pilots had a clear understanding of their rules of engagement.,
1099c,True,True,True,no i mean there there there was nothing to it i mean,
20606c,True,True,True,You were called and requested additional information prior to making a pledge or gift to the law school.,
126461e,True,True,True,An important part of U.S. diplomacy is getting sovereign states to work together voluntarily.,
45253e,True,True,True,"The surge in apparel imports in the 1980s came from low-wage countries, primarily the Asian Big Four 'the People's Republic of China, Hong Kong, Taiwan, and Korea.",
7841n,False,True,False,"It seems unnecessary to point out that Framework cannot have a very sophisticated list of words if it has only 37,000 in its memory, but I thought it might be interesting to see what substitutions were evoked by SUGGEST.",
25924n,True,True,True,"We are leaders in the bar, business, government, and community affairs.",
83693c,False,True,True,"Similarly, the probability of adopting modular systems in 1992 was 54 percent compared with 30 percent if bar codes and EDI were not both present.",
100889n,False,False,False,"Note that these significant technological, market, and environmental changes largely originated outside the apparel industry itself.",
102949c,True,True,True,"experiencing cost growth, manufacturing problems with test aircraft, and testing delays.",
67250e,True,True,True,"For this report, we provide an overview of the major theories about why people save and describe various factors associated with the decline in personal saving.",
35031n,True,False,True,The growth of private-label programs among retailers in the 1980s exemplifies this trend.,
4662n,False,True,False,And the rate of textile productivity over this period far outpaced that for the manufacturing sector as a whole.,
135261c,True,True,True,Join the Friends of Herron and get the inside scoop on the local art scene.,
103036e,True,True,True,probably you probably got everybody on you because they were probably all going to law school,
124279c,True,True,True,Take a picnic and enjoy an alfresco lunch at this spectacular spot.,
125656c,True,True,True,No it hasn't because my grades are still pretty bad.,
142521c,True,True,True,"In the most extreme case, a stock-out might cause a customer to switch retailers, costing the lifetime value of that customer and others who might defect due to negative word-of-mouth.",
72546c,False,False,True,"I urge your consideration of joining the Maennerchor Society by making a gift of $1,000 per year.",
60550n,True,True,True,"Moreover, these excise taxes, like other taxes, are determined through the exercise of the power of the Government to compel payment.",
105272n,True,True,True,"For a review of the literature, see William G. Gale and John Sabelhaus, Perspectives on the Household Saving Rate, Brookings Papers on Economic Activity (1:1999), pp. 181-224.",
17936n,True,True,True,"In the course of a long night, two Black Hawk helicopters were shot down, 73 Americans were wounded, 18 were killed, and the world's television screens showed images of an American corpse dragged through the streets by exultant Somalis.",
17660e,False,False,False,and not only that it it opens you to phone solicitations,
127229e,True,True,True,"The Black River, at 71 km (44 miles), is the longest in Jamaica; it was an arterial route used to transport rum and lumber from the inland plantations.",
97171c,True,True,True,One 23-year-old White House assistant was interrogated about a triple murder that took place at a Starbucks in Georgetown.,
77073e,True,True,False,"Oh well, the cultural differences would come through in the writing, yeah, sure.",
117154n,False,False,False,"In America, his colleagues are mostly defeated (Miss Mudd, his predecessor on his first job, has retired early in disgust) when they aren't sadistic.",
115839n,False,False,True,"a short article about someone or something in a dictionary or encyclopedia,.",
76725n,True,True,False,A gift to Pleasant Run means the children in our care will have presents to open.,
53283n,True,False,True,"External Validity The extent to which a finding applies (or can be generalized) to persons, objects, settings, or times other than those that were the subject of study.",
5619n,True,True,True,"In order to ensure these Americans are not left out of the justice system, a strong federal role in supporting legal services is vital.",
38100n,False,False,False,no no but you know i was just thinking of getting one those for the yard because they they are really nice and um up here we have uh we have quite a few mosquitoes at nighttime,
91409e,True,True,True,"Especially appealing, for you and the department, is the fact that a number of alumni work for companies that will match their gifts--sometimes as much as three to one.",
117794c,True,True,True,Here are just some of the services your gift can provide.,
106577e,True,False,True,"During my time in senior high, and, after that, in the Army Air Force, I had other things on my mind (there was a war on, after all), and I didn't give the MUSKRAT-MUSKAT-MUSCAT RAMBLE problem any thought.",
99546n,True,True,True,Another book that I read recently is very interesting books The Journals of Lewis and Clark.,
113585c,True,True,True,we only have to get up for you know for the daytime feedings,
135247e,True,True,True,The original wax models of the river gods are on display in the Civic Museum.,
24906e,True,True,True,"And, as a Palestinian, he saw Israel as the top priority for the next stage.",
74489e,False,False,False,"According to the blurb on the dust jacket of this distinctly unpleasant book, Rosalind Miles is head of the Centre for Women's Studies at Coventry Polytechnic, a lecturer, broadcaster, journalist, and author of several other books, including a highly acclaimed biography of Ben Jonson.",
33240c,True,True,True,Here's how YOU can make an important difference in someone's life.,
13035c,True,True,True,"The building will also house two smaller volunteer-based programs, the Multi-Cultural Law Center and the Senior Lawyer Volunteer Project.",
114459n,False,False,False,"Alonissos has been settled longer than any other Aegean island, estimated by archaeologists to date from 100,000 b.c. , and was valued by many leaders in classical Greek times.",
76776e,True,True,True,"Therefore, the amount of finished goods in the manufacturer's distribution center needed to satisfy weekly demand for all SKUs depends on the cycle times of the plants supplying finished product, and what fraction of production is made in each plant.",
47785c,True,True,True,The standardized shipping container marker'which is possible only because of the existence of bar codes in the first place'provides a scannable description of a carton that can be electronically associated with data files containing specific information on the individual products shipped to the retailer.,
120012e,True,True,True,"If you land by boat, Caravelle beach is yours for the using; otherwise you'll have to pay a nominal charge to the vacation club that owns the acreage.",
118190n,False,True,False,"In a time when higher education, and graduate programs in particular, are suffering from a lack of funding, we are positioning ourselves to remain in a leadership position with outstanding faculty, students, and private support from alumni and friends of the program.",
97137e,False,True,False,We'd basically coasted down into town and got about 50 gallons of kerosene and pumped it in the fuel tank so that so that the fuel would actually run through the fuel lines and the bus would run.,
91730n,True,True,False,"Therefore, this age group continues to need more adult supervision and positive programs during after school hours.",
20116c,True,True,True,"Others are Zao (in Tohoku) and a number of resorts in Joshin-etsu Kogen National Park in the Japan Alps, where there are now splendid facilities thanks to the 1998 Winter Olympic Games in Nagano.",
84055c,True,True,True,"Even if auditors do not follow such other standards and methodologies, they may still serve as a useful source of guidance to auditors in planning their work under GAGAS.",
71961n,False,False,False,There are many difficulties inherent in adducing citational evidence unsupported by frequency.,
45933n,True,True,True,"They come into a Pleasant Run program... whether it's for therapeutic help in their own homes (which nurtures whole families), through foster care families or in the familial surroundings of our residential homes.",
141589c,False,False,True,"I don't remember, but only, only a fractured collarbone, which I recommend to anyone that needs to break a bone, break a collarbone.",
22076n,False,False,False,"A guy with a bottle-shaped brown paper bag, damp and wrinkled at its upper end, has almost certainly been slugging down a sweet wine of high proof, and the odds are pretty good you would find it is a muscadoodle . After the guy finishes his Napa Valley smoke and has slept it off, he is looking for the means to get another muscat fix.",
98066c,True,True,True,"The results of the sheepshead minnow, Cyprinodon variegatus, inland silverside, Menidia beryllina, or mysid, Mysidopsis bahia, tests are acceptable if survival in the controls is 80 percent or greater.",
3956e,True,True,True,"In fact, the Flamingo would launch over two decades of strong mob presence in Las Vegas.",
114988n,False,False,True,Each one planting itself in the sides of Stark's neck.,
121172c,False,False,False,He pulled his cloak tighter and wished for a moment that he had not shaved his head.,
140672n,False,False,False,"Despite their many similarities, Koreans and Japanese have long been mutually hostile and have pointed to the vast differences between their languages as proof that they lack a shared ancestry.",
80610n,False,False,True,Another unit was added on to the communal dwelling each time a marriage created a new family.,
102780n,False,False,True,or they had somebody at home that was ill that they had to tend to i mean you can't make it everybody,
112547c,True,True,True,"Credibility is a vital factor, and Jim Lehrer does, indeed, have it.",
73203c,False,True,False,"Perhaps the terrorists stabbed the flight attendants to get a cockpit key, to force one of them to open the cockpit door, or to lure the captain or first officer out of the cockpit.",
52873n,True,False,True,"When parents and children spend most of their time apart, the result is a profound dampening of parents' socializing power.",
89581n,False,False,False,"There's nothing like the trendy resort clothing available here, styled on the island by the designers of the Ad-Lib group.",
99774n,True,True,True,From his second sight Jon saw San'doro grappling with a much larger man.,
131235e,True,True,True,"Even if the entire unified surplus were saved, GDP per capita would fall somewhat short of the U.S. historical average of doubling every 35 years.",
61511e,True,True,True,yeah i think they get bogged down in a lot of small issues that people you know special interest groups can blow up,
79478c,True,True,True,well UNLV they say UNLV may be the greatest amateur team ever,
19668e,True,True,True,okay and and i think we just hang up i don't think we have to do anything else,
47107n,False,False,False,". Mr. Whopsle, being knocked up, was in such a very bad temper.",
63517e,False,False,False,"My own reading of the passage turns as much on the word pale as on bond , but the word limit set by the essay competition forced me to be rather elliptical.",
62774n,False,True,False,"Um, I'm sure I have I just can't think of what.",
126243n,True,False,False,"But by one measure, it seems to have been static.",
96516n,False,False,False,"As Ben Yagoda writes in the New York Times Book Review , somewhere along the way, Kidder must have decided not to write a book about Tommy O'Connor.",
56124e,True,True,True,"Of how, when tea was done, and everyone had stood,He reached for my head, put his hands over it,And gently pulled me to his chest, which smelledOf dung smoke and cinnamon and mutton grease.I could hear his wheezy breathing now, like the prophet's Last whispered word repeated by the faithful.Then he prayed for what no one had time to translate--His son interrupted the old man to tell him a groupOf snake charmers sought his blessing, and a blind thief.The saint pushed me away, took one long look,Then straightened my collar and nodded me toward the door.",
139677c,True,True,True,That seems to make up for how he feels about what you did to the Voth.,
22265n,True,True,True,"As a byproduct of participation, children gain a rich understanding of their own and others' mental lives'powerful tools in predicting and explaining human behavior and, therefore, in getting along with others.",
95657n,False,False,False,"The second chapter of the Handbook is devoted in its entirety to The Pronoun Problem, mercifully concluding with the expression of some doubt that an artificial generic pronoun, like hir, thon, per , and other abominations, is likely to take hold.",
25771e,True,True,True,The supervisor instructed the controller to follow standard procedures for handling a no radio aircraft.,
141293c,True,True,True,oh wow no i just started about well five years ago i think,
113927c,True,True,True,"For instance, one state government CIO attributed his success to his breadth of experience across a variety of financial, retail, and IT units, which facilitates his ability to",
115636n,True,True,True,...Einstein's Special Theory of Relativity does not say that E = MC2 and in leap year MC2.,
15095e,True,True,True,"THEY ARE READY, returned Susan's voice in the back of his mind.",
125910e,False,True,True,i don't know if you have a place there called uh or you probably have something similar we call it Service Merchandise,
32447c,True,True,True,"In the fall of 1993, another such delegation went to the Bekaa Valley in Lebanon for further training in explosives as well as in intelligence and security.",
39430n,True,True,True,"An amusing example of this kind of semantic confusion will be found in Chapter XX of Aldous Huxley's Crome Yellow . From boyhood the romantic, poetically inclined hero, Denis Stone, found the word carminative particularly evocative.",
74711c,True,False,True,it may be arrogant but i mean let them come to us,
255n,True,True,True,Agreed-upon Auditors perform testing to issue a report of findings based on specific procedures performed on subject matter.,
127318c,True,True,True,"If the difference between these two prices is large enough, the mailer could hire a trucking firm, as discussed above.",
63591e,True,True,True,Human needs are on the rise in central Indiana and we have to meet the challenge.,
139780n,False,False,True,"The computer cutter does not tire during the day nor forget to cut the notches, and the operator of computer-cutting equipment does not need the skills of a manual operator.",
129084n,True,False,True,"For example, even at age 2, they waited patiently to open a small gift until a guest had departed'proper etiquette in Chinese culture.",
108243n,True,False,True,oh i believe that uh mine would say the same uh but uh i seem too rely on them too much,
4949n,True,True,True,"To help ensure the success of GPRA, the CFO Council, which the CFO Act created to provide the leadership foundation necessary to effectively carry out the Chief Financial Officers' responsibilities, established a GPRA Implementation Committee.",
93842e,True,True,True,"Chinese, Japanese, Vietnamese, Guatemalan-Mayan, eastern Kentucky Appalachian, and many other cultural groups regard newborn infants as psychologically separate beings whose most important task is to develop an interdependent relationship with their community'an emotional and social foundation that is crucial for survival and learning.",
21918c,True,True,False,Some over-edge sewing operations common with knit goods actually trim the edges of cloth just in front of the needle; in these cases any fused material from the laser cutting could be trimmed away.,
94837e,True,True,True,"As a nonexpert, although interested, subscriber to VERBATIM, it is a bit mysterious to me that the singular noun absence takes the plural verb are . I refer to the first sentence of your article about the Longman Dictionary [XV,1].",
131793e,True,True,True,"He views either of them as the instrument, the bond, of his not being able to pass on the crown to a successor of his choosing (or of his subsequent begetting).",
99084n,True,True,True,Additional information is provided to help managers incorporate the standards into their daily operations.,
85724n,False,False,False,yeah well i can't i'll you know i say i can't wait for my kids to grow up but i believe i'm going to miss this age when they're gone,
117672e,True,True,True,"From this and other evidence, we believe the hijacking began at 8:14 or shortly thereafter.",
31742n,False,False,False,"I put it to you that, wearing a suit of Mr. Inglethorp's clothes, with a black beard trimmed to resemble his, you were there ”and signed the register in his name!",
106966e,True,True,True,"Big Sisters helps fill that void by matching caring, responsible adult volunteers with at-risk girls, ages 8-14.",
47868e,True,True,True,"AT&amp;T and MCI have protested the tax and pledged to pass the cost on to MCI charges 5 percent on all out of state long-distance calls, and AT&amp;T charges a flat rate.",
39678e,False,False,False,A 1994 Roper Poll concluded that the NewsHour is perceived by the public as the most credible newscast in the country.,
20924n,True,True,True,"They were scary, throwing a child in the oven and all that sort of thing!",
109608c,True,True,True,"The only drawback is, of course, the large crowds in summer.",
43489e,True,True,True,"Ever since the Tokugawa shoguns restricted performances to the samurai classes, noh drama has had a rather elitist appeal.",
13760e,True,True,True,"If they have overestimated how far the CPI is off, Boskin and his commission may institutionalize an underestimated CPI--guaranteeing a yearly, stealth tax increase.",
39086c,True,True,True,"If the average American uses from three to five thousand different words each day, the chances are everybody in this country will use three or more Texican words.",
141682c,False,True,True,"Your gifts have helped him grow, too, by providing the training and support Joe's tutors have needed, buying the books, Joe used, and giving him the opportunity to meet and learn with other adult learners from Indianapolis and around the country.",
142196e,True,True,True,"Of course it can't be published because all those things are copyrighted, but my mother made up the story and I thought it was very nice and I still have it, uh, handwritten, uh, in our file here.",
12270e,True,True,True,"What was, well you clearly remember this story, but once you got a little older and could remember a little better, what would you say some of your favorite stories and books were, as a child growing up?",
126965e,False,True,False,"These aliens may seek legal assistance at any time during the year, although limited English ability and lack of knowledge of rights and procedures may provide obstacles to seeking and obtaining representation.",
24904e,True,True,True,He soon made clear his desire for unchallenged control and for preparing the mujahideen to fight anywhere in the world.,
76652e,True,True,True,"Of the four main buildings, all of them whitewashed and decorated with bright painted sculptures, the first is where the worshippers bring offerings of flowers and fruit, the second is for sacred dances, and the third for viewing the divine effigies, which are enshrined in the sanctum of the fourth and tallest edifice.",
66973n,True,False,False,"GAO's recommendations are intended to improve the economy, efficiency, and effectiveness of an agency's operations and to improve the accountability of the federal government for the benefit of the American people.",
125966c,True,True,True,IQ boosting was achieved through a fetal replacement process where the embryos from two carefully selected mothers were to be switched from one to another.,
53484e,True,True,True,"Formally defined as the standard deviation of demand divided by average demand, the coefficient of variation can be considered a measure of variation that is normalized; it allows us to compare the variation of demand for different products, even if the average demand of the two products is quite different.",
85261n,True,True,True,"I haven't tried opium, but cannot imagine that Opium smells much like an opium den; and it is impossible to guess at what the millennium will smell like.",
99547n,True,True,True,"The equipment you need for windsurfing can be hired from the beaches at Tel Aviv (marina), Netanya, Haifa (at Bat Galim beach), Tiberias, and Eilat.",
56985e,True,True,True,"Disney CEO Eisner, who's actually underrated as a pop-culture maven (he was responsible for Happy Days and Welcome Back, Kotter ), insists that ABC's downturn is cyclical and that it will soon return to life.",
115482n,True,True,True,"He wanted silk and encouraged the Dutch and British as good, nonproselytizing Protestants just interested in trade.",
68199c,True,True,True,They proclaimed Japan's mission to bring progress to its backward Asian neighbors in language not so very different from that of the Europeans in Africa or the US in Latin America.,
43051e,True,True,False,"Later, Tom testified against John so as to avoid the electric chair.",
113043c,False,True,True,"What's truly striking, though, is that Jobs has never really let this idea go.",
4941n,True,True,True,Use of continuous review allows retailers to achieve a higher service level with a lower amount of inventory.,
63450c,True,True,True,"From the start, she draws Kevin into the activity, explains her pretend actions so he can build on them, and responds cooperatively and appropriately to Kevin's suggestions, as he does to hers.",
64798c,True,True,True,Then the next day I don't know if you weren't there.,
113955c,True,True,True,"They are built on the site of David's Tower, once the largest and most formidable structure in the castle.",
525e,True,True,True,I want to meet the coldest women'the women who get their diamonds and cars and then start to bawl about how sad and unlucky they've been.,
110734c,False,True,False,"Because of your past support, Girl Scouts has been able to reach out to more of our future leaders---our girls.",
42388c,True,True,True,Daniel took it upon himself to explain a few things.,
12631c,True,True,True,"From an air traffic controller's perspective, that meant maintaining a safe distance between airborne aircraft.",
11730n,False,False,True,"And uh, me and my friend there we'd always sit together in the first or second seat on the bus.",
2507c,True,True,True,Its facilities include a swimming pool and a peaceful garden.,
76777c,True,True,True,Increased profit came from missing fewer sales by being in stock a higher percentage of the time.,
21810n,False,False,False,you can get a hard copy of it and that's about it,
62594n,True,True,False,"In Temple Bar, the bookshop at the Gallery of Photography carries a large selection of photographic publications, and the Flying Pig is a secondhand bookshop.",
132868e,True,True,True,"Bin Ladin said in his ABC interview that he and his followers had been preparing in Somalia for another long struggle, like that against the Soviets in Afghanistan, but the United States rushed out of Somalia in shame and disgrace.",
70627c,True,True,True,"As is true at other campuses, almost all of our operating funds are restricted.",
23410e,True,True,True,"In Japan, Mainichi Shimbun criticized the new Liberal Democratic Party leader Keizo Obuchi for being devoid of fresh ideas for reviving the Japanese economy.",
24470n,False,False,False,"Parents, as I noted earlier, often complain that they have too little time for children'indeed, too little time to sleep, read, cook, exercise, and socialize as well!",
137714e,True,True,True,"In our fund raising efforts to date, we have received the support of local government, foundations, and corporations as well as the personal financial commitments of individual MCCOY Board members.",
102076e,True,True,True,and when they get out they should have uh i don't know you know some reasonable amount of money,
130085c,True,True,True,A fresh access of pain seized the unfortunate old lady.,
55572n,False,False,False,"But they also don't seem to mind when the tranquillity of a Zen temple rock garden is shattered by recorded announcements blaring from loudspeakers parroting the information already contained in the leaflets provided at the ticket office; when heavy-metal pop music loudly emanates from the radio of the middle-aged owner of a corner grocery store; and when parks, gardens, and hallowed temples are ringed by garish souvenir shops whose shelves display both the tastefully understated and the hideously kitsch.",
6937n,True,True,True,senior management oversight and approval ofRequired acquisition objectives and plans.,
22267c,True,True,True,"Um, also a pothead, but not really so consumed with it necessarily.",
99516c,True,True,True,There's still time to be listed in the ALUMNI BULLETIN and for us to send you an invitation to the Century Club reception on May 3rd.,
80109n,False,True,True,if it had rained any more in the last two weeks instead of planting Saint Augustine grass in the front yard i think i would have plowed everything under and had a rice field,
38294e,True,True,True,The threat of terrorists hijacking commercial airliners within the United States-and using them as guided missiles-was not recognized by NORAD before 9/11.,
126063c,True,True,True,I look out the window and there he's booking across the yard heading for the house.,
134248e,True,True,True,"This occurred not only because of the greater concentration of businesses in the textile industry, but because textile companies generally plan to run their expensive capital equipment at full capacity around the clock.",
99279e,True,True,True,Title IV of the Clean Air Act (relating to acid deposition control),
86670e,True,True,True,He inspired more research on children's thinking than any other single theorist.,
101531c,True,True,True,"All of them slept in one cave on animal skins, a single large clay pot cooked all of their food.",
51021c,True,True,True,"The same year, the University of Hawaii campus at Manoa became the site of the Center for Cultural and Technical Interchange Between East and West (popularly known as the East West Center), a unique and venerated resource for advanced Pacific Rim studies.",
137717n,False,False,False,We believe there is no more appropriate time to have a coordinated and collaborative effort to financially support the services MCCOY offers to the community as a whole.,
4361n,False,False,False,"The lowing herd ( Onomatoplazia ) wound slowly in the first verse of Elegy in a Country Churchyard, by Thomas Gray, not Oliver Goldsmith.",
81457n,True,True,True,yeah and then about every five years you have to dig them up and throw them away and start over again they don't last forever,
88298e,True,True,True,The CEO and CFO's vision was to make Pfizer the preeminent corporate finance organization in the industry.,
87332c,True,True,True,"Strange as it may seem to the typical household, capital gains on its existing assets do not contribute to saving as measured in NIPA.",
99897n,True,True,True,"In 1990, 73 percent of all workers in this industry were classified as working in the sewing department; 91 percent were sewing machine operators.",
24428c,True,True,True,Support at this level could assist the dental school in a variety of ways.,
106608c,True,True,True,"One reason for the high value of MLB teams is the prospect of new, publicly financed ballparks . Owners in Baltimore, Cleveland, Chicago, Denver, and Texas have all reaped major profits from these new facilities, built at little or no cost to the teams.",
96357e,True,True,True,So that helped you learn about people that you had not necessarily met.,
115097n,False,True,False,The other is retrospective and intended to help those who review case study reports to assess the quality of completed case studies.,
114180n,True,True,True,"At 9:34, the Command Center relayed the information concerning United 93 to FAA headquarters.",
42164e,True,True,True,made by the FCIC based on such comments are discussed in the preambles to the final rules.,
56114e,True,True,True,The program could be an important boon to productivity and competitiveness.,
115904e,True,True,True,"And truly, the father was right, his son had already experienced everything, tried everything, and was interested in less and less.",
83764e,True,True,True,"With an area of just 541 sq km (209 sq miles), it is slightly smaller than the Isle of Man or twice Martha's Vineyard in Massachusetts.",
72863e,True,True,True,But even managers who try to stay alert to these forces often gather their information anecdotally or informally.,
135916c,True,True,True,"We were generously offered $1,000 toward the establishment of our Department's first scholarship program.",
55864e,False,False,False,"The village is tiny and a total contrast to the bustle of the Trenchtown ghetto in Kingston, where he lived as a recording superstar.",
140828e,True,True,True,A lot of his books aren't really fiction but scientific essays that he prepared for publication.,
134446e,True,True,True,"On the second point, Judge Newton said in a recent interview, I've heard this complaint a hundred times.",
6246c,True,True,True,"In Sarasota, Florida, the presidential motorcade was arriving at the Emma E. Booker Elementary School, where President Bush was to read to a class and talk about education.",
126480n,True,True,False,"Confronted with a violent Islamist movement that killed President Anwar Sadat in 1981, the Egyptian government combined harsh repression of Islamic militants with harassment of moderate Islamic scholars and authors, driving many into exile.",
142298e,True,True,True,i think Buffalo is an up an coming team they're going to they're showing some real promise for the next uh few years,
26495n,False,False,False,Standard screens may not perform as well in these patient subgroups that may represent a considerable part of the ED population.,
133897n,True,True,True,"Don't you think that will be hard if you move all the way up there, not seeing them as much?",
99108n,False,False,False,English-types (like us) thrive in an environment that fosters dialogue.,
72396e,True,True,True,"Apparel items at the very top of this triangle include dresses from Paris, Milan, and New York runways, which represent a very small share of apparel sold.",
13230c,True,True,True,"Ickes apparently made calls to donors from his government office, but there is no evidence so far that anyone else solicited funds in a federal building.",
30125e,True,True,True,"Muslims believe that these revelations, given to the greatest and last of a chain of prophets stretching from Abraham through Jesus, complete God's message to humanity.",
14907n,True,True,True,GAO secures all information obtained during the course of its work.,
51148c,True,True,True,A poll of Hong Kong residents finds them sanguine about the city's future.,
24337n,True,True,False,Each of them was as tough as a thick tree and loyal to the death.,
10899e,True,True,True,"If you have any questions, please call me at 241-2661.",
79265e,True,True,True,Tabulations of actual meetings and of consequent actions for same-agency funded and different-agency funded services can help check out whether this impression is reliable.,
134616e,False,True,False,"But, as the last problem I'll outline suggests, neither of the previous two objections matters.",
90149e,True,True,True,"While Bin Ladin maintained his own al Qaeda guesthouses and camps for vetting and training recruits, he also provided support to and benefited from the broad infrastructure of such facilities in Afghanistan made available to the global network of Islamist movements.",
85690e,True,True,True,"There is nothing more to be done here, I think, unless, he stared earnestly and long at the dead ashes in the grate.",
53936n,False,True,False,"Lacking a target, they were vectored toward military-controlled airspace off the Long Island coast.",
95155n,False,False,False,um-hum you mean when the reporter sticks the the microphone in the person says the face and says how do you feel that you house has burned to the ground,
18635c,True,True,True,"Rightly or wrongly, America is seen as globalization's prime mover and head cheerleader and will be blamed for its excesses until we start paying official attention to them.",
28314c,True,True,True,I am sure you will understand my writing to you once more about the important work of the American Cancer Society.,
27031c,False,False,True,*$400 will pay for one program for an entire school.,
22304e,True,True,True,"This sort of misnomer leads Carnegie to suppose that to the uninitiated no map is so misleading as that of West Australia where lakes are salt-bogs without surface water, springs seldom run, and native `wells' are merely tiny holes in the rock, yielding from 0 to 200 gallons.",
13714c,True,True,True,oh you went to the dollar movie yeah yeah they show up at the dollar movie right after they get come out you know they're usually not not that great or didn't do that great anyway let me see let me see another movie i watched uh i want to see is uh that new one uh,
70185n,True,True,True,The IUPUI Challenger Scholars Program encourages bright and dedicated students who want to teach to continue in that career path.,
93664c,True,True,True,"The Taliban leader Mullah Omar promptly invited Bin Ladin to move to Kandahar, ostensibly in the interests of Bin Ladin's own security but more likely to situate him where he might be easier to control.",
91603e,True,True,True,The anthropologist Napoleon Chagnon has shown that Yanomamo men who have killed other men have more wives and more offspring than average guys.,
135898n,True,True,True,"The end is near! Then a shout went up, and Hanson jerked his eyes from the gears to focus on a group of rocs that were landing at the far end of the camp.",
10059n,True,True,True,"Talia, mother of a 7-year- My son Anselmo, a first grader, constantly asks us to help him with his homework.",
84328c,True,True,False,Intelligence clearly linked the bombing to Libya's Colonel Muammar Qadhafi.,
107057n,True,True,True,I put it to you that you did do so?,
53345c,True,True,True,"At 9:21, NEADS received a report from the Military, Boston Center.",
95334e,True,True,True,"After criticizing the GOP openly for weeks, Buchanan announced that he would seek the Reform presidential nomination, which would bring him $12 million in federal funds.",
129131c,True,True,True,"The fascinating exhibits include a section of the massive chain that the Byzantines used to stretch across the mouth of the Golden Horn to keep out enemy ships, as well as captured enemy cannon and military banners, the campaign tents from which the Ottoman sultans controlled their armies, and examples of uniforms, armour, and weapons from the earliest days of the Empire down to the 20th century.",
50071n,True,True,True,yeah they're still laying off like over in Fort Worth and a lot of other companies too just here and there,
98441c,True,True,True,These trainers were later heard boasting that their assistance led to the October 1993 shootdown of two U.S.,
9892e,True,True,True,Did you have lots of storybooks at your house that were read to you?,
29526n,True,True,False,I hope you will take this opportunity to make a contribution to support SEND's homeownership work.,
25395e,True,True,False,"As I recall, I've never asked you for a contribution...until now.",
25375e,True,True,True,"Well, my brother had a, cow, tied out, and a goat, the cow's offspring.",
141862c,True,True,True,"Yiddish is written in the characters of the Hebrew alphabet and from right to left and enjoys borrowing words from Russian, Polish, English, and all the other languages and countries along the routes that Jews have traveled during the past thousand years.",
25587n,True,False,True,"It's kind of a, which is the cause and which is the effect, question.",
34176e,True,True,True,"The rustic Bras-David picnic area, for example, is set alongside a burbling stream.",
112592e,True,True,True,"Maps of hiking trails are available at the Government Publications Ceter, Low Block, Government Offices, 66 Queensway in Central.",
44313c,True,True,True,"After the Soviet Union's twenty-year ban on Vygotsky's writings was lifted in the mid-1950s, his major works reached the West.",
97141e,True,True,True,"I have to tell you, I tried to understand it.",
18416c,True,True,True,It's a faith that has made brothers and sisters of every race.,
122645c,False,False,False,"Then you're ready for the fray, either in the bustling great bazaars such as Delhi's Chandni Chowk or Mumbai's Bhuleshwar, or the more sedate ambience of grander shops and showrooms.",
141664n,False,True,False,"Children of highly involved fathers score better on measures of intelligence, school achievement, mature social behavior, and fiexible beliefs about gender roles'in short, on all the positive outcomes associated with maternal employment.",
123373c,False,False,False,They are the four sentences you always insert in plagiarized papers to throw the professor off track.,
27400e,True,True,True,The experiment lasted only until Ahkenaten's death when almost all records relating to the King were destroyed.,
23751c,True,True,True,"Part of the reason for the difference in pieces per possible delivery may be due to the fact that five percent of possible residential deliveries are businesses, and it is thought, but not known, that a lesser percentage of possible deliveries on rural routes are businesses.",
59842e,True,True,True,"Bin Ladin saw himself as called to follow in the footsteps of the Messenger and to communicate his message to all nations, and to serve as the rallying point and organizer of a new kind of war to destroy America and bring the world to Islam.",
28862n,True,True,True,"Since the mid 1990s, aggregate household wealth has swelled relative to disposable personal income, largely due to increases in the market value of households' existing assets (see figure 1.2).",
41663n,True,True,False,"Luis Alonso, Luis Alonso, says to him, Luis Alonso's friend.",
90878e,True,True,True,"They were so sure of themselves that they took it for granted he had made a mistake.""",
103576e,True,True,False,"Gradually, the child takes increasing responsibility for attaining intersubjectivity, until both parties make similar contributions to the shared mental state that fuels children's learning in the zone.",
21520n,True,True,False,"Shortly after stepping out on the bridge, Jon felt the entire walkway narrow.",
119724n,True,True,True,At least some FAA officials in Boston Center and the New England Region knew that a hijacker on board American 11 had said we have some planes.,
16253n,True,True,True,Postal Service could increase those same rates by at least 13.,
19892c,True,True,True,"As a result of the comments received, AMS changed the proposed rule and it was republished for comment in March 2000.",
23278c,True,True,True,Make your contribution payable to the Indiana University Foundation with the designation for Law- Indpls.,
37823n,True,True,True,Here we will show how a decision tool can be used to make the transition from general intuition to specific decisions about (1) which products to make in each plant and (2) how to schedule the time and quantity of production for each product.,
142337n,True,True,True,' Keep Indianapolis Beautiful helps us do this by providing us opportunities to work with outstanding people in our community.,
40647n,False,False,False,"The biography itself, which uses unpublished diaries and untapped Cuban government archives, is praised for having done a masterly job in evoking Che's complex character, in separating the man from the myth (Peter Canby, the New York Times Book Review ). The Weekly Standard 's Stephen Schwartz calls it tainted for having received official support from the Castro regime and for abetting a Che revival.",
95186c,True,True,True,"The cane plantations, increasingly in the hands of American tycoons, found a ready market in the US.",
80803c,False,True,True,well uh what do you think about taxes do you think we're paying too much,
74981c,True,True,True,"He was rebuffed, and the Saudis joined the U.S.-led coalition.",
83951e,True,True,True,"The NEADS technician who took this call from the FAA immediately passed the word to the mission crew commander, who reported to the NEADS battle Mission Crew Commander, Okay, uh, American Airlines is still airborne.",
19293n,True,True,True,NOx can be transported long distances and contribute to ozone many hundreds of miles from its source.,
58053e,True,True,True,see too much crime on TV and they think it's way to go i don't know what do you think,
81723e,True,True,True,The disorder hardly seemed to exist before the stimulant Ritalin came along.,
66937e,True,True,True,"Among the allegations is that Tokyo Joe--listen, he calls himself that-- duped subscribers to his e-mail advisory , exaggerating his annual returns by leaving out losing trades.",
11655c,True,True,True,were sort of a double sign with a a big miles per hour and a little kilometers per hour type uh marking on the side,
124853c,True,True,True,H-2A agricultural workers are required to maintain a foreign residence which they have no intention of abandoning.,
81235c,True,True,True,"The SIDS Alliance meets all National Charities Information Bureau (NCIB) standards, and is listed in the NCIB Wisegiving Guide.",
45426c,True,True,True,"It's easy to overdose on the many temples, palaces, and museums in India.",
67810n,False,False,False,The metaphor of a scaffold has been used to describe eective adult support as children work on tasks that teach culturally valued concepts and skills.,
26990e,False,True,True,"'Publicity.' Lincoln removed his great hat, making a small show of dusting it off.",
20863c,True,True,True,Programs that do this typically have successful cost and schedule outcomes.,
117222e,True,True,True,"It is housed in a Martello A series of such towers, some 12 m (40 ft) high and 2.5 m (8 ft) thick, were constructed along the coast at the beginning of the 19th century to guard against invasion by Napoleon.",
7449n,True,True,True,"In 1982, Wallace won his last race for governor with a quarter of the black votes cast in the Democratic primary, a fact alluded to in a written epilogue at the end of the film.",
97671e,True,True,True,The outcome left Bin Ladin indisputably in charge of what remained of the MAK and al Qaeda.,
119469e,True,True,True,"After several years of private practice from 1982-90, he became the judge of Decatur County Court for a year.",
58103e,True,True,True,Two minutes later the transponder was turned off and even primary radar contact with the aircraft was lost.,
142789e,False,False,False,"Well, probably the favorite book I had, this is a little different I had The Giant Golden Book of Astronomy, which I got when I was in the second grade and I read it cover to cover till I wore it out.",
136649c,True,True,True,"As we come to a close of our fiscal year, would you please help us again?",
75109n,True,True,True,Please join me in making a generous contribution to this year's Annual Campaign.,
16531e,True,True,True,joint facility in Riyadh for training the Saudi National Guard.,
77576n,True,True,False,probably so yeah you can get a head start on it,
120096c,True,True,True,"For example, those in MET who worked on Team Indy were among the first Indianapolis campus participants in the annual Purdue Grand Prix at West Lafayette.",
97066c,True,True,True,"Also, disappointing earnings reports from Intel and other blue-chip companies in the two weeks leading up to the crash caused investors to question the value of entire portfolios.",
72198c,True,True,True,"So anyway, so we, uh, got some response and, and kind of adjusted things, but after, uh, after a while we kind of went our separate ways.",
103054c,True,True,True,They must desire genuine communication and work toward attaining it.,
62966c,True,True,True,How will that compare to the number who would buy the same product but with a short pant length?,
14425e,True,True,True,"At the delta of the Rh??ne, where its two arms spill into the Medi?­ter?­ra?­nean, the Camargue has been reclaimed from the sea to form a national nature reserve.",
124239n,True,True,False,"This year, 1993, marks the ten-year anniversary of the A. Rebekah Fisk Memorial Scholarship.",
95896n,True,True,True,They drive it around the country in a dilapidated ice-cream truck trying to keep it cool.,
46063e,True,True,True,"[W]e have a book worthy of its subject--graceful, astonishingly well researched, yet imbued with a sense of flow that is rarely achieved at this level of scholarship, says Daphne Merkin in the New York Times Book Review . (See Sarah Kerr's review in Slate.)",
135516c,True,True,True,"Jamaican music ska and, especially, reggae has since the 1970s been exported and enjoyed around the world.",
117669e,True,True,True,The colors of the blouse can be changed with a few computer steps.,
88146e,True,True,True,Scutari is traditionally associated with the name of Florence Nightingale.,
48569c,True,True,True,"In this rule, cost refers to historical cost and market refers to the current replacement cost by purchase or production.",
130793c,True,True,True,An odd sidelight on this came a few days after reading the article.,
132916c,True,True,True,Bin Ladin's impressive array of offices covertly provided financial and other support for terrorist activities.,
9393e,True,True,True,"Next, you enter the vast and splendid Imperial Hall, with three handsome marble fountains, and a canopied throne from which the sultan would enjoy the music and dancing of his concubines.",
127412c,True,True,True,"By the mid-1980s, a number of the most prestigious retailers were faltering, with some filing for bankruptcy or being acquired by other retailers.",
127241n,True,True,True,Seemingly endemic corruption was compounded by a remarkable dearth of political leadership and decisive action.,
863n,True,True,False,The popularity of casual-wear items like T-shirts and jeans'quintessentially factory-sewn garments'has also shifted sewing from home to the factory.,
110061n,True,True,True,"If you have the energy to climb the 387 steps to the top of the south tower, you will be rewarded with a stunning view over the city.",
59778n,True,True,True,"Genes and peers do not supplant adult agents, including parents, grandparents, aunts, uncles, family friends, and teachers.",
41284c,True,False,True,"Without those conversations, this level of insight is slow to develop.",
8291c,True,True,True,"Under L, entries include Latin/Greek , defined by Aphra Behn, cited in Dale Spender's book, as `Secret codes supplied through an education traditionally denied women.",
41221n,True,True,True,I just really didn't ever love poetry for some reason.,
92197e,True,True,True,"Rather, kids today are not only little bundles of joy but also are perhaps the ultimate symbols of worldly success and status.",
42639c,True,True,True,It is difficult to make any sensible connection between the lives of authors and their creations.,
89571n,False,False,True,"Although self-regulation improves gradually throughout childhood and adolescence, early childhood is a crucial period for its development'a time when children learn to overcome impulses by thinking before they act.",
45564e,True,True,True,"As for Allah K. Swit, he must have been one of their tribal deities.",
127913n,False,False,False,"Securely attached infants actively seek contact with and are easily consoled by their familiar, responsive caregiver.",
522e,True,True,True,"All of the islands are now officially and proudly part of France, not colonies as they were for some three centuries.",
65403c,True,True,True,"Moreover, Bin Ladin had in fact been sponsoring anti-Saddam Islamists in Iraqi Kurdistan, and sought to attract them into his Islamic army.",
86456n,False,True,False,The inspired centuries-old design sense of the Italians has turned their country into a delightful emporium of style and elegance for the foreign visitor.,
145540c,True,True,True,"It is at the moment of maximum audience susceptibility that we hear, for the first time, that the woman was fired not because of her gender but because of her sexual preference.",
62127c,False,True,False,Dentistry has been a part of my life for as long as I can remember.,
47390c,True,True,True,"The parent always in a hurry'who says, when the child desires involvement, There isn't time, or who fails to insist that the child join in household tasks in keeping with his or her capacity'severely limits the child's learning.",
141110n,False,False,False,yes well yeah i am um actually actually i think that i at the higher level education i don't think there's so much of a problem there it's pretty much funded well there are small colleges that i'm sure are struggling,
79413e,True,True,True,"He worked, he's a teacher, and at that time he worked as the principal of that school, of that school, because it was a, like a high school, there was, from first (grade) to high school.",
32128n,True,False,True,"The fancifully decorated Macau Palace, a floating casino moored on the western waterfront, is fitted out with gambling tables, slot machines (known locally as hungry tigers ) and, for hungry humans, a restaurant.",
72339c,False,False,False,These changes are related to new technology and foreign competition.,
126381c,True,True,True,"In Sudan, he established an Islamic Army Shura that was to serve as the coordinating body for the consortium of terrorist groups with which he was forging alliances.",
11020c,True,True,True,How do you propose to get in touch with your would-be employers?,
8437e,True,True,True,"IUPUI's goals for the 1990s, in the context of Indiana University's statewide plans, call for improving undergraduate education, enhancing relationships with the community , and strengthening research that will stimulate Indiana's economic growth.",
120496e,True,True,True,Strategic human capital management must be at the center of this transformation effort.,
4552e,True,True,True,The entire city was surrounded by open countryside with a scattering of small villages.,
28107e,True,True,True,"Were you to visit a school on an Israeli kibbutz (cooperative agricultural settlement), you would find an explicit emphasis on cooperation and avoidance of pupil comparisons, and a far more positive attitude toward children who seek help than is common in American schools.",
2262c,True,True,True,She buried his remains to spare her mother the gruesome sight.,
125391e,False,False,False,I thought working on Liddy's campaign would be better than working on Bob's.,
289n,False,True,False,8 million in relief in the form of emergency housing.,
125570n,True,False,True,"When a baseball player is removed by the manager, the organist plays Auld Lang Syne.",
14937e,True,True,True,The state legislature provides significant bipartisan support for the legal services delivery system.,
34179n,False,False,False,"A more unusual dish is azure, a kind of sweet porridge made with cereals, nuts, and fruit sprinkled with rosewater.",
70182n,True,True,True,"These newest Scholars bring the number to ten--ten who, like Christa McAuliffe, will touch the future.",
42680c,True,True,True,"They're going to lessons for this and that, and sports, and they're playing interactive games with their computer and, uh, watching TV, and I think, really, they're not reading on their own, like maybe we did when I was that age because we didn't have all those other things to do.",
41958n,False,True,True,The campaigns seem to reach a new pool of contributors.,
123071e,True,True,False,"The first topic addressed in the White House video teleconference-at about 9:40-was the physical security of the President, the White House, and federal agencies.",
114534e,True,True,True,"Again, the time it takes managers to reach a decision is what determines the length of this process.",
9978e,True,True,True,"This was done because of the organization of work in clothing shops; the low capital costs and high proportion of labor costs, especially in women's wear for contract shops; the intense product competition among manufacturers within and among geographic markets; and the diversity of products and changing styles.",
24293n,True,True,True,"This is demonstrated in a variety of a shared literacy and the assumptions and biases that go with it; an awareness of what books are for; consciousness and use of innumerable cultural allusions and educated idioms; and a relative ease in reading a periodical called VERBATIM, with sections called OBITER DICTA and EPISTOLAE.",
70686n,True,True,True,"They were, um, they were best-seller type fiction from the um, 40's and 50's and 60's and on, just, they were members of a book club and they got a lot of books that way.",
45774e,True,True,True,"According to a 1995 Financial Executives Research Foundation report,5 transaction processing and other routine accounting activities, such as accounts payable, payroll, and external reporting, consume about 69 percent of costs within finance.",
94372e,True,True,True,"In urban centers, there have always been small shops with goods for sale.",
86184n,False,False,False,"In a further role reversal, Gingrich may have positioned himself to fill it.",
135919n,True,True,True,Recently a project' arose that should be interesting to you as a former student who struggled to clear the financial hurdle of education.,
127129e,True,True,True,"In order to develop job skills, a man with some serious disabilities begins working in Goodwill's industrial division.",
11657e,True,True,False,I have nothing particularly adverse to say about the book.,
92534c,False,False,True,"Lush, green fields that stretched for miles, wisps of white clouds scattered across a clear, blue sky, tranquil silence broken only by cheerful bird songs, the fresh, sweet scent of morning air.",
1246e,True,True,True,"He did so because one of the brothers did not have photo identification nor could he understand English, and because the agent found both of the passengers to be suspicious.",
13017n,True,True,True,Model yields an estimate of the percentage change in a household's demand for postage as a result of owning a computer,
76957e,False,True,False,Both initial and supplemental proposed rule publications invited comments on the information collection requirements imposed by the rule.,
97116e,True,False,False,People just don't have the time or take the time to keep the traditions going they just get too busy or too lazy.,
43267c,False,False,False,One he broke back to about the length of his forearm.,
95090c,True,True,True,At the fulcrum is a coffee bar and cafe under a giant screen television flanked by CD listening stations.,
103507c,True,True,True,"Each of us needs to be ambassadors for Dentistry within our own practices, and at church, athletic and social events.",
137715e,True,True,True,"We still espouse a God-given right of human beings to use the environment for their benefit, says Barrett Duke of the Southern Baptists.",
69851n,True,True,True,"Tomorrow will be another day for the kids, they rationalize, but a business deal or a professional achievement, if not capitalized on at the moment, may evaporate.",
45324c,False,False,False,"It is a game that is like fishing in a barrel, but more stimulating mentally.",
95274n,False,True,False,"Only one thing made me a little suspicious when cranking up the in the descriptive text that appears on the screen, the word labeled is spelt labelled 'decidedly un-American.",
91471e,True,True,True,"I love to read just plain history, um, it must have rubbed off in some aspect because that's the kind of thing I still read.",
20120c,True,True,True,yeah i know because uh all i know is that when i came here in eighty seven they still had uh it was the last year to to put all your punch cards in,
144721e,True,False,False,"When I investigated all the different ways I could get involved to help local families, I discovered the answer that made the most sense was United Way of Central Indiana.",
91346c,True,True,True,"I am sure I am not the first to point out Joseph Hynes's, Do Mistake'Learn Better, [XV,1] mistakes in Japanizing English words, e.g., sei fu not safe-o, nain not nine-o.",
136304c,False,False,False,"Elbert, I just want to ask you uh, some questions about your experience with uh, stories.",
107017n,True,True,True,"In addition to that, by helping them find jobs, Goodwill reduced the state's Public Support tab by an estimated $4 million.",
144030c,True,True,True,"However, despite exhaustive research, I am reluctantly forced to resort to the familiar lexical locution, `Source unknown.",
21803n,True,True,True,"Yeah, I have a son that uh, likes to relive the tragedy of his split lip.",
73060c,True,True,True,Thousands of Hoosier motorists have been doing just that by purchasing environmental license plates.,
68689n,True,True,False,"He had a pillow, one of those big pillows, and it looked red, all of it with blood and swollen like this . So he said, from the running down from several places, but the one that, this one [indicates eyebrow], was, was too much.",
72268n,False,False,False,"Britain and North America are not only literate, but dictionarate.",
139167c,True,True,True,"Nobody used to snicker at Chaucer's line (No.5818) in The Prologe of the Wyf of Bathe , in which that harried dame: Why is my neghebores wif so gay?",
117134e,True,True,True,De Wit worked from likenesses of actual monarchs to produce his portraits.,
105426n,True,False,True,Are you sure you want to be telling people that?,
53438c,False,True,True,and that you're very much right but the jury may or may not see it that way so you get a little anticipate you know anxious there and go well you know,
53154c,True,True,True,"Please consider joining the Chairman's Roundtable with a gift of $1,000.",
2311e,True,True,True,"The headword is syllabified in W , not in L . In older dictionaries the words are syllabified mainly to help in pronouncing them; latterly, syllabication has been used largely to find where a word can be hyphenated at the end of a line of text, though, judging by today's newspapers and magazines, one would be sore put to believe that a dictionary had ever been within the grasp of their editors, proofreaders, or the programmers who wrote the hyphenation programs for the automatic typesetting many of them now employ.",
112856e,True,True,True,"Analysand , like several - nd words in English, is derived from the gerundive, and so means `(a person) to be analyzed.",
91370c,True,True,True,"Unfortunately, most American employers do not provide this option, and many parents'especially, single parents'cannot aord it.",
117365n,True,True,True,"Working groups were established to coordinate training statewide, to focus on the establishment of a statewide website and to continue coordination and sharing in technology matters.",
48756e,True,True,True,"Some time ago, Texans picked up a speech habit that is being acquired by the rest of the country.",
123751e,True,True,True,i think that the people that are um have um a lower income which you automatically equate with lower education,
59217n,True,True,False,"But there are two kinds of the pleasure of doing, and the pleasure of not doing; the pleasure of indulging, and the pleasure of abstinence.",
38204e,True,True,True,Possibly no other country has had such a turbulent history.,
102946n,False,False,False,An article explains that Al Gore enlisted for the Vietnam War out of fealty to his father and distaste for draft Gore deplored the inequity of the rich not having to serve.,
9873n,False,False,False,The crucial part of that world is the home where parents relate to children.,
140952e,True,True,True,"These capacities, in turn, ease the task of establishing an intersubjective connection, and that connection provides the platform for the creation of additional zones, enabling children to master complex, culturally adaptive skills.",
37368n,False,False,False,"The recorder captured the sounds of loud thumps, crashes, shouts, and breaking glasses and plates.",
37599e,True,True,True,"Markets certainly have not disappeared, but these relationships have been transformed.",
127370c,True,True,True,"In the Blue Mountain National Park and the John Crow National Park, which together cover 78,200 hectares (193, 200 acres), conservationists are attempting to halt the encroachment of local farmers and loggers.",
55152c,True,True,True,yeah and how about how about like on the weekends do you do sports or do you go out,
68558c,True,True,True,"In 1995 and again in 1998, the Legal Services Corporation recognized that legal services programs were going to have to change the method and manner in which they conducted their business if they were going to remain viable and responsive to the needs of low income persons.",
61285n,False,False,True,"We were playing all sorts of sports, and you were not, so shut up and stop twitching,' the microbe's tone of voice changed, it was lower and more resounding.",
30282n,False,False,False,wow who can afford that my God i can't afford to miss a day let alone six,
103559e,True,False,False,A martini should be gin and vermouth and a twist.,
31673e,True,True,True,Carnegie also describes namma-holes and soaks as sources of water.,
28188c,True,True,True,Projects such as this touch the lives of others and enhance the education of the students.,
24905c,True,True,True,"Azzam, by contrast, favored continuing to fight in Afghanistan until it had a true Islamist government.",
125761n,True,True,False,"A common human genetic heritage and basic regularities in children's physical and social environments yield certain universal, broad outlines of development.",
41815e,True,True,True,"The computer, on command, then connects the image of the points on its screen with a series of line segments that form the silhouette of the pattern piece.",
29434c,True,True,True,Secretary Rumsfeld told us he was just gaining situational awareness when he spoke with the Vice President at 10:39.,
26443e,True,True,True,"In fact, the sloping shoulder was the noticeable feature of the new clothes of the Dior era, coming as it did immediately in the wake of the Joan Crawford/Rosalind Russell period and its vigorous shoulder padding.",
140801n,True,True,False,Knowing this can help workers understand that some combination of revenue increases and benefit reductions will be necessary to restore the program's long-term solvency.,
53536n,True,True,True,"Unfortunately, with this famous Lipschitz diamond comes also the famous Lipschitz curse.",
98197n,True,True,True,"Additionally, GAO's FederalInformationSystemControlsAuditManualis now used by most major federal audit entities to evaluate computerrelated controls.",
128286e,True,True,True,"Communication tools like Safety-Wise, Happenings, along with event calendars and other materials, allow volunteers to provide quality, informed leadership.",
85752c,True,True,True,"Hence, the term isogloss , from iso - `same' + gloss `word,' to describe the line on a map where the terms are of equal distribution.",
16325c,False,False,False,That one time you were trying to take that floor joist.,
124755c,True,True,True,"Dan Burton, in an appearance on Good Morning, America , said he had sent a letter to Attorney General Janet Reno urging her to have the FBI seize the Kuhn paperback immediately so it can be examined by its own labs.",
111358e,True,True,True,"' Even though lariat contains its own Spanish article, when we imported it into English, we added another, the English the , to create a literal the la reata , `the the lasso,' and we never think of it as redundancy.",
119720n,True,True,True,A manager at the Herndon Command Center asked FAA headquarters if they wanted to order a nationwide ground stop.,
88227e,True,True,True,The company later told us that it had discontinued the program because of its adverse effect on employee morale.,
23083e,True,True,True,"By this time, Bin Ladin was well-known and a senior figure among Islamist extremists, especially those in Egypt, the Arabian Peninsula, and the Afghanistan-Pakistan border region.",
80415c,False,False,False,"The sociocultural vision is very dierent from behaviorism, which views development as directly imposed, or shaped, by external forces.",
135746e,True,True,True,"Center staff assists with the housing search, school decisions, drivers' licenses, leisure time activities, and daycare.",
73763n,False,True,False,"One scholar from the fourteenth century from whom Bin Ladin selectively quotes, Ibn Taimiyyah, condemned both corrupt rulers and the clerics who failed to criticize them.",
59379c,True,True,True,Because I'm like a lifeguard every summer and this year I had to get a winter job all year.,
23827e,True,True,False,"Unless I'm like, when I go home for like Christmas break, after being there for like two weeks, it was like I'd never moved out and we get kind of like tense with each other.",
68946n,True,False,False,"It has served as a fortress for the Gallo-Romans, the Visigoths, Franks, and medieval French (you can see the layers of their masonry in the ramparts).",
104151e,False,True,True,"As for me, I do my utmost to avoid language that may offend people, including men.",
5319c,True,True,True,"I should think some one had taken charge of it.""",
92925e,True,True,True,"Manager, New York We have several situations going on here.",
68322e,True,True,True,"Sixteen seconds after that transmission, ATC instructed the aircraft's pilots to climb to 35,000 feet.",
43563e,True,True,True,"In most cases, they dealt with words and functional elements, creating what are called reconstructions in hypothetical family prototypes called, variously, Proto-Latin, Proto-Greek, Proto-Germanic, Proto-Indo-Iranian, and so forth, the ultimate goal being to posit a single language called Proto-Indo-European.",
53027e,True,True,True,"A good time to visit is just at the end of the monsoon in October when you can see flocks of storks, egrets, and cormorants and it is ideally combined with a full-moon trip to the Taj, but there's plenty to see all year round.",
30916e,True,True,True,"Apparel workplaces have historically been located in major metropolitan areas'New York, Chicago, Philadelphia, Rochester, Baltimore, Cleveland, St. Louis'and drawn on successive waves of immigrants.",
82988e,True,True,True,so you know well a lot of the stuff you hear coming from South Africa now and from West Africa that's considered world music because it's not particularly using certain types of folk styles,
82527e,False,True,True,"It was, the Sphinx explains, his answer to the Man.",
101809c,True,True,True,"For example, if Ovitz's five-year deal was worth, say, $100 million, and if the compensation committee had added to that a front-end grant of free Disney shares worth, say, $50 million, then--assuming that Ovitz finished his five-year contract period--the cost to Disney would be $150 million.",
140450c,True,True,True,"When a young, unmarried woman like Cecilia becomes pregnant, the risks to her unborn child are very serious.",
10733c,True,True,True,It is the story of eccentric and violent ideas sprouting in the fertile ground of political and social turmoil.,
90444n,True,True,False,"Thus, the imbalance in the volume of mail exchanged magnifies the effect of the relatively higher rates in these countries.",
50885n,True,True,True,"Simmons, probably rap's greatest entrepreneur, lives in New York; schmoozes bankers, fashion designers, and record executives; and cuts deals with conglomerates such as Time Warner.",
69565c,False,False,True,"Well, this story, and I must tell you, I haven't read this in The Bible, so I don't know if it's totally accurate, but I prefer to get it like There was a huge crowd of people, and, um, Jesus decided that what he wanted to do was to, uh, entertain the little children.",
7577c,True,True,True,The number of steps built down into the interior means that it is unsuitable for the infirm or those with heart problems.,
32022c,True,True,True,He was simply making extortionate exactions upon his wretched lessees.,
23158n,True,True,True,"When Sydney experiments with the color-matching strategy and succeeds in placing the brown piece, she internalizes the technique.",
130738e,True,True,True,"Happily, there's still a lot that hasn't yet been adulterated on the two islands'meaning that visitors also have a choice.",
126988c,True,True,False,and these poor guys out there uh trying to uphold the law um i don't know i kind of think they should bring back capital punishment,
145863n,True,True,True,"What's needed, alongside an evacuation plan, is a realistic program to stabilize conditions for those left behind.",
63218e,True,True,True,"Recently, however, I have settled down and become decidedly less experimental.",
88490n,False,False,False,"She has believed that the sleeping draught she administered was perfectly harmless, but there is no doubt that for one terrible moment she must have feared that Mrs. Inglethorp's death lay at her door.",
52375n,False,False,False,Yet few of us hear enough about kids who live through these adversities and do make the grade.,
101593c,True,True,True,Then it occurred to me that the criminal standard was a low one.,
77904n,True,False,True,The city is going to explode with Herron's artistic contributions!,
11562e,True,True,True,Participation in the rulemaking process requires (1) the public to be aware of opportunities to participate and (2) systems that will allow agencies to receive comments in an efficient and effective manner.,
75500n,True,True,True,Each room was outfitted with a leather sofa and three fold-out beds for students exhausted after a full day of hard work.,
35386c,True,True,True,"Well-known theories of child development'Freud's, Skinner's, Gesell's, and Piaget's, for example'provide little comfort, since dramatic shifts in favored theories have occurred since the launching of systematic study of children about 100 years ago.",
28285e,True,True,True,Allow time in Thirasia to explore Santorini's smaller sibling islands.,
55225c,True,True,True,"On Naxos, you can walk through the pretty villages of the Tragea Valley and the foothills of Mount Zas, admiring Byzantine churches and exploring olive groves at your leisure.",
5749n,False,False,False,"Plus, I really wasn't making the kind of connections that I wanted to make.",
56582c,True,True,True,"So far, however, the number of mail pieces lost to alternative bill-paying methods is too small to have any material impact on First-Class volume.",
106600c,True,True,True,true yeah i know it isn't that ridiculous we have cable which helps a lot,
93150n,True,True,True,i was trying to think about some of my favorite people that i liked in music and they're none of them are recent right,
71542n,False,False,False,"Then, too, there have been the campaigners who have gone to what some regard as opposite if the head of a committee is known to be a man or a woman, then chairman or chairwoman must surely be the proper denotation; if the sex of the person is not known, then chairperson , though awkward-sounding, is the preferred form.",
23261c,True,True,True,it takes so much i mean it's like of course it does i mean by the times it transforms into Wave by mark off model and you put it in there and you want to correct those and then you know you're trying to make the the Wave smooth so you can approximately of course it's going to take a lot,
79788n,True,True,True,"By 8:33, it had reached its assigned cruising altitude of 31,000 feet.",
113510n,False,False,True,"I would like to look for a job in education, possibly teaching elementary school, um, hopefully up north I would rather do that up north, so--",
21147e,False,False,False,"When people are late, it makes it hard to keep things working in a rational fashion.",
140113c,True,True,True,"The checkpoint featured closed-circuit television that recorded all passengers, including the hijackers, as they were screened.",
135166e,True,True,True,"It takes a deeper fire than most salamanders can stir, Ser Perth.",
132641c,True,True,True,"He slipped the knife out of the sheath and was ready, and unembarrassed by hampering bedclothes, for the weather was hot and we hadn't any.",
1575n,True,True,True,the winged Victory of Samothrace and the beautifully proportioned Venus de Milo.,
59934e,True,True,True,"Likewise, at their production decision reviews, these programs did not capture manufacturing and product reliability knowledge consistent with best practices.",
26126e,True,True,True,"Last year, Goodwill helped 3,300 people find jobs that increased their self-sufficiency.",
29148e,True,True,True,um-hum yeah when when i mentioned i've done this camping out of the car i've actually done of the situation just like that but what's interesting is it's through Texas Instruments,
61232e,True,True,True,"He was paying him five bucks an hour and he would, he could work all day Wednesday and uh, but I believe it was on that job there, that Kavalo, that Dad said, Look boy you can read a tape measure better that this forty year old man can so I'll give you five bucks an hour if you prove you can do it.",
67706c,False,True,True,"Again, Jarrah pitched the nose of the aircraft up and down.",
123740e,True,True,True,"I feel that you probably underestimate the danger, and therefore warn you again that I can promise you no protection.",
130518e,True,True,False,"Marilyn Manson is darker, more serious, and more vicious than Alice Cooper was.",
140676e,True,True,True,"Like Arabs and Jews, Diamond warns, Koreans and Japanese are joined by blood yet locked in traditional enmity.",
68950e,True,True,True,"At the time of publication, this document, along with other publications pertaining to information security, was available on NIST's Computer Security Resource Clearinghouse internet page at //csrc.nist.gov/publications.html.",
128311n,True,True,True,I just kept reading until I finally had read almost every one of them.,
97838e,True,True,True,i tell you what i would not i would not buy a car that had the seat belt where it was hooked under the door,
34133c,True,True,True,It's hard enough for her to make good decisions when she's surrounded by support.,
41640e,True,True,True,These funds would insure that scholarships are available to students as long as there are students to support.,
55262c,True,True,True,We next present the test of our hypothesis by comparing the predicted percentages for each of the seven posts with the actual percentages.,
57775n,True,False,False,"Let us consider the dust-jacket blurbs of Cobuild, CED , and two other native-speaker the British Longman Dictionary of the English Language (Longman , 1984) and the American Webster's Ninth New Collegiate Dictionary ( W9 , 1983).",
87091n,True,True,True,"All that day, we didn't get up (off the floor).",
107482e,True,True,True,"Designed as a series of pleasure gardens in the Italianate style in 1865, with cascades, spectacular fountains, and rustic grottoes, an ongoing restoration hopes to bring them back to the original plan.",
97793n,True,True,False,"A decade of conflict in Afghanistan, from 1979 to 1989, gave Islamist extremists a rallying point and training field.",
25231e,True,True,True,The rise of the British Empire in India had begun.,
141757n,True,False,True,of course you got to charge it and keep your cash,
50984c,True,True,True,yeah because being a student i'm doing it for the money,
53897e,True,True,True,"Concentration of greenhouse gases, especially CO2, have increased substantially since the beginning of the industrial revolution.",
17473n,True,True,True,at least i'm going to give it a try cause you can see i mean the oil filters i mean you can touch it it's right there,
19659n,False,False,False,"Saint-Th??gonnec is an outstanding example, its triumphal arch setting the tone for the majestic calvary of 1610.",
4461c,True,True,True,"It was the heyday of the brilliant but lethal Spanish-Italian lecherous Rodrigo, who became Pope Alexander VI, and treacherous son Cesare, who stopped at nothing to control and expand the papal lands.",
54334e,True,True,True,"Even Shelley may stake a claim, if only in the pajama division of this sector, thanks to his description in Epipsychidion of how",
33555n,True,False,True,How about I used to read you stories a lot.,
3328n,True,True,True,"The story that it comes from the song Green Grow the Lilacs, said to have been sung at San Jacinto, is an example of folk etymology.",
127490n,True,True,True,"Emissions will be cut from current emissions of 48 tons to a cap of 26 tons in 2010, and",
121579c,True,True,True,Participants generally viewed the new internal control reporting requirements of the Sarbanes-Oxley Act of 2002 as a good requirement.,
112227e,True,True,True,Did you notice any differences between an American writer and someone of foreign descent?,
46359e,True,True,True,"Although all four categories of emissions are down substantially, they only achieve 50-75% of the proposed cap by 2007 (shown as the dotted horizontal line in each of the above figures).",
46937c,True,True,True,and if it's above six hundred you're going to have to do it and i got one thirty one,
72077c,True,True,True,"But we know that at 10:31, General Larry Arnold instructed his staff to broadcast the following over a NORAD instant messaging 10:31 Vice president has cleared to us to intercept tracks of interest and shoot them down if they do not respond per [General Arnold].",
115391c,True,True,False,but we're taking our time we're going uh try to make our decision by July,
65402n,False,False,False,"Bin Ladin was also willing to explore possibilities for cooperation with Iraq, even though Iraq's dictator, Saddam Hussein, had never had an Islamist agenda-save for his opportunistic pose as a defender of the faithful against Crusaders during the Gulf War of 1991.",
56173e,True,True,True,"Perhaps the Proximity people thought that they had got round that little problem by giving the same definition for each of the items in the list; but we know that only very rarely are two synonyms bi-unique (which is another way of saying that if A = B, B does not necessarily always equal A), an ineluctable fact of language.",
84955e,True,True,True,"Tuition for the 1999-2000 school year is $6,250 and is expected to go up next year.",
27941e,False,False,True,"This book is a good introduction to the subject (in England); those familiar with dialectology in America, and those interested in the study in England or, indeed, generally would be well advised to add Word Maps to their libraries.",
86538c,True,True,True,"With over 18 years experience, we have found that many conflicts between young people are rooted in attitudes and prejudices that exclude and target individuals and groups.",
13169e,True,True,True,"And as I look at the last slip in my random handful, again I encounter a classificatory",
122566c,True,True,True,"Designed by George Meikle Kemp, an unknown draftsman of humble birth, the monument took its inspiration from the design of MelroseAbbey.",
15172c,True,True,True,yeah exactly right it really is because they're gonna get them one way or another they will always have a way look at drugs they always have a way to get that so,
105384n,False,False,False,Bin Ladin had to tell the Libyans who had been part of his Islamic army that he could no longer protect them and that they had to leave the country.,
58001n,False,False,False,And the scope of The Salvation Army's services extends far beyond this community.,
66931c,True,True,False,"At NEADS, the report of the hijacking was relayed immediately to Battle Commander Colonel Robert Marr.",
111715n,False,False,False,"The controller understood, but chose to Calling Cleveland Center, you're unreadable.",
7353c,True,True,True,"Waldemar Szary, a food technician at the OSM 'Paziocha', was having a very bad day - the kind of a very bad day, which normally comes after one of those very good days.",
121393c,True,True,True,"Smart men make good thieves, as long as they're desperate.",
118363c,True,True,True,yeah yeah i think well i know it's true you see a lot of that you know rally behind the female she may lose but by golly we're going to make a statement here,
61221n,True,True,True,"Yeah, he had a guy that would help him on Wednesdays, it was the local barber.",
111537c,True,True,True,"In contrast, children who regarded their teachers as unsupportive were more likely to disengage, stop trying, and show declines in achievement.",
10562e,True,True,True,This does not necessarily translate into a desire for clerical rule and the abolition of a secular state.,
102599n,False,False,False,"As for belly dancers, not only have I never heard of a male belly dancer but find the very idea more exotic than erotic.",
2692n,True,False,True,"Although no single retailer pioneered or adopted all the innovations that compose lean retailing, we focus here on those in three segments'mass merchants, national chains, and departments stores'that played important roles in initiating the larger transformation.",
96377c,True,True,True,i don't know um do you do a lot of camping,
136546e,True,True,True,"In fact, the Lions of Delos were made from Naxos marble.",
56562c,True,True,True,"L 's set of symbols is somewhat closer to that of the International Phonetic Alphabet; W follows the system used in the Third Unabridged , which is too complicated for my taste, being replete with diacritics.",
134475n,True,True,True,"We really do appreciate your efforts, whatever amount you can contribute.",
126230c,True,True,True,"How about does um, your Dad read any stories to you?",
115711e,True,True,True,"There are also stories of subcontractors, in this country as well as overseas, crumpling a marker up so that when it is laid out again it will be just a little smaller in width and length'a trick to save a fraction of a percent from each piece.",
101411c,True,True,True,Your contribution will help with funding so Jameson Camp can continue providing the year-round camping experience that gives kids a chance to create dreams.,
66928c,True,True,True,"General Arnold later recalled instructing Marr to go ahead and scramble them, and we'll get authorities later.",
8192n,True,True,True,"Amsterdam was settled by the Dutch, Geneva by the Swiss, etc., till one passes by a town apparently settled by the British'Sodus.",
124389c,False,False,True,"But the parent who fails to respond promptly and predictably, intervening only after the baby has become extremely agitated, teaches the infant to rise rapidly to intense distress.",
99117n,False,False,False,They had been responding to a report about an aircraft that did not exist.,
145239c,True,True,True,The forecasting challenges retailers confront have been amplified in recent years by product proliferation in almost every category.,
64899e,True,False,True,"set in a type (as boldface) readily distinguishable from that of the lightface running text which defines, explains, or identifies the entry",
2160n,False,False,False,"However, crashing real estate prices had a domino effect on the rest of the economy, and in the early 1990s Japan slipped quickly into stagnation and then recession.",
18809c,False,False,False,We hope you had an opportunity to read about Robert and his time at the Club before the letter became lost in the numerous pieces of mail one receives over the holidays.,
108577n,True,True,True,We were very proud that our class stepped up and made a difference for young deserving students -just like we were 20 years ago back in 1980!,
112293e,True,True,True,"Cave 31 tries to emulate the style of the great Hindu temple on a much smaller scale, but the artists here were working on much harder rock and so abandoned their effort.",
102928c,True,True,True,That's what guarantees that people will keep buying tickets as long as the odds are in their favor.,
65554e,True,True,True,and the wind started blowing and it was one of my earlier trips to be really out in the middle of,
8315c,True,True,True,yeah its too open yeah and there's uh they have got some forty to fifty foot high cliffs around Possum Kingdom and you just get up and ski uh adjacent to those and uh and it doesn't make any difference how windy it is you don't notice it,
91245c,False,False,False,"Um, do you remember everything that your mom, like when she's telling the story, do you remember everything she tells or is some of it you remember and some of it you don't?",
40007n,False,False,True,Both individuals agreed that the teleconference played no role in coordinating a response to the attacks of 9/11.,
107253e,True,True,True,"They copied Louis XIV's centralized administration and tax-collection, and by the 18th century Turin was a sparkling royal capital built, quite unlike any other Italian city, in classical French manner.",
101658c,True,True,True,I am asking that you consider supporting our efforts once again this year with a similar gift.,
88879c,True,True,True,"Today the strait is busy with commercial shipping, ferries, and fishing boats, and its wooded shores are lined with pretty fishing villages, old Ottoman mansions, and the villas of Istanbul's wealthier citizens.",
30326e,True,True,True,"By 1920, over half of the spinning and weaving capacity was in the South, leading industrialization there.",
145322c,True,True,True,"He went down on his knees, examining it minutely, even going so far as to smell it.",
78034e,True,True,True,"The analysis concluded that, because the rule relaxed the hog cholera-related restrictions imposed on the importation of live swine and prepared pork products from Sonora, Mexico, the proposed rule could have a significant economic impact on a substantial number of small entities in the United States.",
119691e,True,True,True,Laying out a production line required exact calculation of the number of workers required for a given step to keep single garments moving through the operation continuously'much as a car moves down an assembly line.,
80358n,True,True,True,"The other name, native well is, as a later explorer David Carnegie, author of Spinifex and Sand (1898), points out, a misnomer.",
77483c,True,False,False,"At the least, he was hired in an attempt to influence administration China policy.",
63628n,True,True,True,"Usually, sites for program effects case studies should be selected with great care for criteria such as whether there is evidence that the program has been implemented at the site, whether the site has been subjected to changes that could have the same effects as the program or that could mask its effects, and how the addition of this site to the group of sites being studied supports the generalizability of the findings.",
118064c,False,True,False,Wacky Tangent of the Washington Week in Review host Ken Bode scolded the New York Times Magazine for a Nov. 9 fashion spread he said endorsed the now-discredited fashion trend of heroin chic.,
115949c,True,True,True,Let me assure you that we would appreciate receiving one million dollars from you.,
83248e,True,False,True,"Her state is probably to be attributed to the mental shock consequent on recovering her memory.""",
123269e,True,True,True,"I went on, 'I'm going to warn you, whether you like it or not.",
82798n,False,False,False,"Second, the total amount of retail space in the United States has expanded dramatically, even while consumer expenditures on apparel items have declined as a share of total expenditures.",
130202n,False,False,True,"The Romans built roads and established towns, including the towns of Palmaria (Palma) and Pollentia (near present-day Alc??dia).",
76972c,True,True,True,There may be others who have had the same experience with them.,
133232c,True,True,True,"Gordon, Robert J. Does the 'New Economy' Measure Up to the Great Inventions of the Past.",
17262e,True,True,True,"Barney Frank, D-Mass., will log some of the best sound bites, while Rep.",
16273c,True,True,True,"Over the past three decades, external forces impinging on the family have transformed parents' and, therefore, children's lives.",
48496n,True,True,True,"Such stitching generally outlasts the fabric of jeans, as one can see from looking at the holey knees of jeans worn by many teenagers.",
83604c,True,True,True,"And to request confirmation, they might well say You do it exactly this way!",
15488n,False,False,False,Or anything else you wanted and couldn't keep against magic.,
98940e,True,True,True,"Uh, I loved the part where they would, you know, make things out of nothing.",
57562n,True,True,True,"Children, especially boys, are seen as a blessing and are treated with indulgence, fussed over by mothers and grandmothers.",
98844c,True,True,True,"The m??tro (subway) is the fastest way to move around the city, but the buses, both in the capital and the other big towns, are best for taking in the sights.",
127090c,True,True,True,"That will only be the first step toward healing the pain of having been abandoned several times, neglected, and denied the happy childhood that should be every child's birthright.",
43247e,True,True,True,"So, which one of you ladies wants to go first.",
14415e,True,True,True,"Six weeks of learning and exploring, sports, arts, and fellowship.",
140307c,True,False,False,"Like neither, like I'm the first one in my family to go to college on my dad's side.",
30356c,True,True,True,"A number of developments, many linked to issues we have discussed, indicate both the potential and limitations of electronic retailing.",
1364e,True,True,True,yeah it's true it is in in fact i have a friend of mine that moved to North Carolina she's um an emergency room nurse she does the operating room,
20533c,True,True,True,Only after a common convention for bar codes had been established and in use for several years did retailers turn to such systems to transmit and receive data from suppliers.,
25251c,False,True,True,The Herron School of Art and Gallery at IUPUI is contemporary art!,
145964n,True,True,True,Then a unique marker must be created that combines different orders using the same fabric.,
80930c,True,True,True,so you um-hum so you think it comes down to education or or something like that,
139964c,True,True,True,"We have found no evidence indicating that one of the hijackers, or anyone else, sat there on this flight.",
27c,True,True,False,"If you need this book, it is probably too late' unless you are about to take an SAT or GRE.",
74509n,False,True,False,"Under the budget deal, by 2002, national defense will consume about $273 billion a year compared with $267 billion now.",
77161n,True,True,True,"He became even more concerned as its route changed, moving into another sector's airspace.",
29136e,True,True,True,"Although small specialty shops were limited to a few items, such as those found in a traditional dressmaker or milliner's shop, department stores offered fixed prices and the convenience of returning purchases for exchange or cash.",
72646e,True,True,False,"And then, like now that I'm in college, like I call her, like all the time and it won't occur that I should talk to my dad, too!",
57492e,True,True,True,"The music industry, well, you want more of the juicy, sordid details.",
76365n,False,True,False,"The father wove an animated tale about a boy named Chaim, who had great diculty remaining quiet during the holiday service.",
59727n,True,True,True,"In interviews with us, NEADS personnel expressed considerable confusion over the nature and effect of the order.",
21802n,True,True,True,"To the best of our recollection, this may be the only instance in which the origin of an expression has been traced to a statue.",
95663c,True,True,True,Base year data will be actual receipt and outlay data for the last completed fiscal year,
141917e,True,True,True,i don't understand that i thought that he was always a good player,
1736e,True,True,True,"Indeed, no clear dividing line exists between prereading and reading.",
53483c,True,False,False,The value of the coefficient can vary from zero (if demand is exactly the same every week) to numbers much greater than one for wildly fluctuating weekly demand.,
40271n,True,True,True,right well the warmth that developed between them and again it i think was a picture of relationships,
88902n,True,True,True,"Critics call the subject of the film inherently intriguing but complain that it has been marred by the Burnsian sensibility, ...",
15074e,True,True,True,"The center had become a hodgepodge of unconnected programs--a day-care center, a library, a nonviolence training school.",
116713e,False,False,False,"Two economists at Virginia Commonwealth University--yes, here are the economists again, but this time making a more plausible argument--studied millions of auto-accident claims filed between 1989 and 1993.",
10904e,True,True,True,"Or, you can fax us at 241-2760, or e-mail, icfundrzr@aol.com.",
61478c,True,True,True,In early September you received an annual appeal from Herron.,
123060e,True,True,True,"Mr. Inglethorp, said the Coroner, ""you have heard your wife's dying words repeated here.",
84918n,False,False,False,"Search out the House of Dionysos and the House of the Trident with their simple floor patterns, and the House of Dolphins and the House of Masks for more elaborate examples, including Dionysos riding a panther, on the floor of the House of Masks.",
4615n,True,True,True,so uh listen i'll call Triple A uh auto club any time,
132869c,True,True,True,"For a desk dictionary (or college dictionary, as Americans like to call them) it is rather pricey at $36.",
125867c,True,True,True,"So, that was such a racy and shocking book at that time, and so, of course, we had to read it.",
92324c,True,True,True,"The Vice President and his representatives have asserted that GAO lacks the statutory authority to examine the activities of the NEPDG, recognizing only GAOas authority to audit its financial transactions.",
14442n,True,True,True,i'd say they appraised it it's gone up you now maybe like five percent,
88968n,True,True,True,"Finally, the central role played by retailers in development and operation of the channel points to the fact that any measure'whether taken by the government, through voluntary compliance programs or via collective bargaining'must include their participation and support.",
9666c,True,True,True,A spark of annoyance lit Lincoln's eyes; the smallest hint of Natalia's Russian fire.,
57297n,True,True,True,"I am not aware of any studies comparing the number of words an average person could expect to hear spoken in a typical day 500 years ago vs. the number that can be heard now, but the increase surely is vast.",
35138c,True,True,False,I've always jumped on sentiment and here I am being more sentimental than anybody.,
44752e,True,True,True,"But there, as everywhere else, nothing can interfere with progress and, regardless of the finds and their importance, the archaeologist must eventually yield to the bulldozer.",
100623c,True,True,True,"On Menorca, search for more elusive prehistoric sites, or take the cliff paths of the northwest or south coasts.",
105657n,False,False,False,"The Irish Architectural Archive, a library of architectural materials, is at number 73 on the south side of the square.",
31249n,False,False,False,"(And yes, he has said a few things that can, with some effort, be construed as support for supply-side economics.)",
29352e,True,True,True,"With this letter, we are asking you to take the opportunity of the Campus Campaign to consider how you can help IUPUI be what you want it to be.",
20572c,True,True,False,"It had resumed its flight to Minnesota and saw the smoke from the crash of United 93, less than two minutes after the plane went down.",
11006e,True,True,True,One thing in particular she used to save would be soup labels.,
145472e,False,True,True,"I don't know what I would have done without Legal Services, said James.",
837e,True,True,True,"The central features of the Results Act-strategic planning, performance measurement, and public reporting and accountability-can serve as powerful tools to help change the basic culture of government.",
10724c,True,True,True,"Traditionally, certain designs were reserved for royalty, but today elegant geometric or exuberant, stylized floral patterns are available to all.",
67467e,True,True,True,"Of course, at that time my rent was $50.00 a month.",
46499n,True,True,True,"I was asleep, but Luigi was awake, and he thought he detected a vague form nearing the bed.",
78322c,True,True,True,"Even if you're the kind of traveler who likes to improvise and be adventurous, don't turn your nose up at the tourist offices.",
103616c,True,True,True,"There may be a small savings at the factory showrooms in Manacor, where you'll have the biggest choice.",
124657c,True,True,True,no uh i have a friend who works for TI and uh i work for a a tire service here in i'm from Dallas,
16195e,True,True,True,"As with other types of internal controls, this is a cycle of activity, not an exercise with a defined beginning and end.",
55140c,True,True,True,Boston Center asked the Herndon Command Center to issue a similar cockpit security alert nationwide.,
135749e,True,True,True,"In the same way, those who support equal rights for women would be well advised to concentrate on the issues at hand and not contaminate their cause with trivia, like whether Romeo and Juliet or Antony and Cleopatra ought to have the order of the names reversed in odd-numbered years so that women get top billing.",
39527e,True,True,True,"The natural line of development makes closer contact with its surrounding social context, merges with it, and is transformed by it.",
58083n,False,False,True,Recently I found in one of those files in which for many years I have been systematically losing things a magazine clipping from many years ago which points out that the formal language of a century and more past can lead to misunderstandings today.,
133789c,True,True,True,"Despite their 17th-century origins, these gardens avoid the rigid geometry of the Tuileries and Ver?­sailles.",
125558c,True,True,True,"Enclosed is information that describes this program, as well as our community education initiatives in over 20 American Indian Nation.",
72239c,True,True,True,"This is the island's main city and financial, governmental, and administrative centre, and its charms match those of other Mediterranean jewels.",
33920e,True,True,True,"We are pleased to note that Hu-Friedy, L.D.Caulk, and Star Dental have each agreed to contribute to this worthy cause.",
35035n,True,True,True,"For example, the success of The Gap's jeans, J. C. Penney's Arizona line, and Sears's Canyon River Blue line has led to erosion of the market share held by the two leading jeans manufacturers, Levi Strauss and VF Corporation.",
23901e,True,True,True,Then Shuman claims that Linux provides no graphical user interface.,
96130n,True,False,False,"To be fair, M and S also criticize identifications (mainly from news stories) of women as mother of five and other gratuitous characterizations that are not only irrelevant to the item's newsworthiness but are rarely offered about men.",
142604n,True,True,True,"As the budgets, functions, and points of service of many government programs devolve to state and local government, private entities and nonprofit organizations, and other third parties, it may become harder for GAO to obtain the records it needs to complete audits and evaluations.",
69433c,False,False,False,"However, the simultaneous loss of radio and transponder signal would be a rare and alarming occurrence, and would normally indicate a catastrophic system failure or an aircraft crash.",
83648c,True,True,False,"To accommodate these fluctuations and use resources evenly, it would seem reasonable to offer two tiers of rapid and deferred, with air transportation being used for the rapid product.",
44962n,True,True,True,"Excessive stimulation also causes them to withdraw as they try to shield themselves from a stimulus deluge, thereby creating conditions that, paradoxically, are much like stimulus deprivation!",
42021e,True,True,True,The Edinburgh International Festival (held annually since 1947) is acknowledged as one of the world's most important arts festivals.,
91205n,True,True,False,"Our studies of business units with differing levels of the four practices indicate that firms with the complete set of practices achieve similar or slightly better performance in regard to the percentage of goods delivered complete and on time, although these differences between business units are not very dramatic.",
26159e,True,True,True,This makes it incumbent on the government to create incentives to recruit new employees and retain older employees.,
18422c,True,True,True,"Yet as political, social, and economic problems created flammable societies, Bin Ladin used Islam's most extreme, fundamentalist traditions as his match.",
90516c,True,True,True,Now suppose there is a private delivery firm in Cleveland that is competing with the postal service.,
124590n,False,True,True,"The great attraction of the church is the splendid exterior, which is crowned by golden onion-shaped cupolas.",
70419c,True,True,True,Just how does imaginative play help children distinguish ideas from the enticing stimuli around them and use thought to guide behavior?,
71447n,True,True,True,oh yeah well i play softball a couple of times a year it's they're getting ready to start up the the season again,
116804e,True,True,True,"My, and I somehow managed to convince my, my mother and stepfather, of the time, to uh get me a couple of turn tables and started mixing songs and scratching and doing all that D.J. stuff.",
111721e,True,False,True,"He notified his supervisor, who passed the notice up the chain of command.",
86577e,True,True,True,"Help us continue to offer the finest professional art training to our students, the junior and senior high school students enrolled in Saturday School and to all those adults in continuing education courses.",
140192n,False,True,False,Bin Ladin also relies heavily on the Egyptian writer Sayyid Qutb.,
82741c,True,True,True,"Instead, parents who warmly, but consistently and assertively, require their inhibited child to try new experiences and guide and support them in doing so actually reduce the child's physiological stress reactions, fostering a more adaptive style in the child.",
24292c,True,True,True,"You and I, gentle reader, are accredited members of the guild.",
120441n,True,True,True,"If a trace of tropical lethargy still adds to the charm in this city of sidewalk cafe, palm trees, and pedicabs, any torpor definitely ends once inside the doors of Macau's casinos, scene of some of the liveliest gambling west of Las Vegas.",
6688e,True,True,False,Inside the Oval White House Tapes From FDR to Clinton,
53526c,True,True,True,"In addition to these dimensions, there are quarterly collections of different fabrics.",
143433c,True,True,True,'I really don't feel comfortable around people who enjoy making speeches.',
24799n,True,False,False,"Just as in ancient times, without the River Nile, Egypt could not exist.",
85403e,True,True,True,"The oldest continually occupied settlement on the island is Kastro, where most of the buildings date from the 14th century and were laid out in a circular pattern atop a rocky outcrop 100 m (300 ft) above the east coast.",
91768e,True,True,True,And the trunk? Big? Mother asked again to keep up appearances.,
96121e,True,True,True,right just get you away from the everyday things that are going on we when the children were smaller we used to go to uh Delaware along the ocean ocean most every year and that was fun we stayed mostly in state parks and uh we really enjoyed that,
135021e,True,True,True,you know we keep a couple hundred dollars um if that much charged on those which isn't too bad it's just your normal,
74632c,True,True,True,I was deeply impressed by the power and eloquence of the counsel for the defence.,
19000n,True,True,True,The Celts arrived in the wake of the Roman withdrawal at the end of the fourth century.,
81507n,False,False,False,"The house fell into ruin after emancipation, when fear of the witch's influence drove the plantation's slaves away.",
41941n,False,True,False,The Campaign is directed at law firms and businesses having 10 or more alumni.,
123477e,True,True,True,"Using a threestep development planning process, managers assess their current capabilities, determine their specific development needs, and build and execute a development plan.",
33764e,True,True,True,"A succession of discoveries has taught us about archeabacteria, very ancient and primitive single-cell organisms that live in the places you'd least expect anything to call home.",
17934e,True,True,True,"By the autumn of 1993, U.S. commanders concluded that the main source of trouble was a warlord, Mohammed Farrah Aidid.",
142464c,True,True,True,"In some plants, the carts may contain up to a day's worth of work.",
142499e,True,True,True,"I leap!"" And, in very truth, run and leap he did, gambolling wildly down the stretch of lawn outside the long window.",
78195n,True,True,True,The FCC will publish a notice in the Federal Register when such approval is granted.,
105904e,False,False,False,Or to judge by the Failing to nurse at night can lead to painful engorgement or even breast infection.,
18892n,False,False,False,All these sites will automatically lead into George Dubbawya's Web site (www.georgewbush.com).,
118129e,True,True,True,The average length of a rural route is 55 miles.,
15115e,False,False,True,"If all else failed, I could always make myself an exhibit.",
46975n,True,False,False,"Ho there--what the devil?"" The overseer's hand spun Hanson around.",
69006e,True,True,True,yeah that's that's always nice when you have an animal that the kids can play with like that how old are the kids,
30120c,True,True,True,"Islam is divided into two main branches, Sunni and Shia.",
67754e,True,True,True,"The renowned Theban queen Nefertari, wife of Ramses II, has the most ornate tomb (number 66) but it is not always accessible.",
54663c,True,True,True,"Major journeys from one part of the country to another, say, from Milan to Rome or down to Naples, is most enjoyed by train buffs and travelers with plenty of time, patience, and curiosity.",
45758c,True,True,True,Far more acquired valuable skills but lived in stagnant economies that could not generate satisfying jobs.,
57428n,True,True,True,"If any of us at the dental school can be of assistance, please write or call.",
4294c,False,False,False,"Finally, the FDA will conduct workshops, issue guidance manuals and videotapes, and hold teleconferences to aid small entities in complying with the rule.",
101823n,True,True,True,"The other bank pays the fund interest based upon tiered account levels, more typical of a large commercial account.",
61268e,True,True,True,"When the next modernist revolution comes around, he'll be ready.",
7883n,False,False,False,(Careful feminist writers avoid unthinking use of imagery redolent of colonialism and militarism.),
9289c,True,True,True,uh-huh oh yeah all the people for right uh life or something,
116958n,True,True,True,"One other technical innovation deserves mention here, partly because it illustrates why the most sophisticated equipment is not always appropriate for factory operations.",
58954c,True,True,True,"For an authentic feel of old Portugal, slip into the cool entrance hall of theimpressive Leal Senado ( Loyal Senate building), a fine example of colonial architecture.",
4381n,False,True,False,"The girls who wish to wear the scarf in Turkey say it represents Muslim female empowerment, and they consider themselves oppressed if it's forbidden.",
87191c,True,True,True,"In those days, people as a rule did not take much care of phonograph records.",
51071c,True,True,True,well camping is one thing that i i could never get used to uh i i used to take the kids to go fishing and things like that but i never went uh never went camping,
91890e,True,True,True,"In the same issue, a document entitled Analysis Regarding The Food And Drug Administration's Jurisdiction Over Nicotine-Containing Cigarettes And Smokeless Tobacco Products was published and comments were requested.",
62693e,True,True,True,"The traditional system of apparel assembly was designed to minimize the direct labor costs of assembly, not production throughput time.",
1408e,True,True,True,"Here you'll find the finest leather goods and of-the-moment fashions from all the predictable high-priests (Valentino, Armani, Versace, Gucci, Missoni, etc. ). A number of classic men's clothing meccas such as Cucci (with a C), Brioni, and Battistoni are still going strong.",
26077e,True,True,True,A proportionately large number of you responded to that survey.,
25585n,True,True,True,"Note that the work in a shirt plant is generally grouped into production lots of 1,500 shirts if the progressive bundle system is used.",
71362c,True,True,False,"Assume that the retailer wishes to provide a 95 percent order-fulfillment rate for this SKU, that the retailer checks inventory once per week, and that the manufacturer's lead time to deliver replenishment units is overnight.",
24078e,True,True,True,"More generally, feminists reveal and question implied norms in language and hence in our consciousness, ranging from the application form's unmarried which suggests that marriage is the normal state (as parents of twins imply double births expected, referring to non-twins as singletons ) to more complex issues, such as those associated with terms like masculine and feminine . Anomalies in language become evidence.",
7631c,True,True,True,"Notwithstanding, even the brief glimpses afforded by such investigations can provide some insight into civilizations that existed hundreds or, in some cases, thousands of years earlier.",
60812c,True,True,True,"What's more, there is no evidence of any competitive evaluation of Tripp before she was offered this job.",
61819e,True,True,True,"Each edition of the DSM is the product of arguments, negotiations, and compromises.",
127589e,False,False,False,"On the other hand, the shared main entry for watershed has twenty-three words in CED but 93 in Cobuild . And the word waterless is a main entry in Cobuild , explained in twenty words, whereas in CED it is naught but a so-called undefined runon 'merely mentioned, but not explained explicitly, as a sub-entry at water . So CED enters more items than Cobuild , but devotes less space to explaining them.",
56075e,True,True,True,"More detailed implementation plans also will be necessary to address business system, processes, and resource issues.",
122835c,True,True,True,Misalignment of the edges can ruin many pattern pieces and the final garments for which they were intended.,
137472e,True,True,True,"The story also made the front page of the New York Times and the Financial Times of London, which said that more than 10,000 members of a mystic cult called Fa Lun Gong caused acute embarrassment to security forces by virtually surrounding the compound where China's leaders work.",
28134e,True,True,True,"The information-integrated channels developed in the United States, which are now influencing sourcing patterns from Mexico and the Caribbean Basin, have begun to affect the textile and apparel sectors worldwide.",
6013n,False,False,True,"For example, NIPA excludes capital transfers, like estate tax receipts, which are recorded as revenue in the unified budget, and investment grants-in-aid to state and local governments, which the unified budget records as outlays.",
128469e,True,True,True,They aren't breaking any promises if they decide to take their ball and go home.,
114074c,True,True,True,You wake up one bright autumn morning and you're halfway to the subway when you decide to walk to work instead.,
145159c,True,True,False,Children are back in their classrooms enjoying the fun of renewing friendships and activities interrupted by summer vacation.,
66283e,True,True,False,"' However, similar expressions in French, Spanish, and Judezmo, all mentioning numbers, give pause (they are listed in Jewish Language Review 7, 1987, p.",
104838e,True,True,True,"As work progresses through a typical sewing plant, it is also common for a special order to disrupt the flow.",
85517n,True,True,True,"""The summons was only for Dave Hanson,"" Ser Perth said sternly as the three drew up to him.",
23364c,True,True,False,'And I don't want to risk a fire fight with what appear to be horribly equal numbers.',
135216e,True,True,True,But I've seen five other bodies come down like this.,
72230n,True,False,False,"Therefore, it is not surprising that most replenishment products are basics or fashion-basics with relatively stable Manufacturers are unwilling to hold speculative stock to meet replenishment requests from retailers for fashion products because the risk of holding those fashion goods in finished goods inventory is too high.",
86653c,True,True,True,"In short, while leaders in Washington believed that the fighters above them had been instructed to take out hostile aircraft, the only orders actually conveyed to the pilots were to ID type and tail.",
27868n,True,True,True,"I think that was kind of hard for him, you know.",
112768c,True,True,True,Each award involves a tuition/fee remission and a $1000 stipend.,
144207e,True,True,True,so i like music i like listening to music so i don't usually listen to KCBI and then there's another one called Journey that's somewhere in between the two of those it's in between ninety and ninety four,
26143n,True,True,False,"However, the associated cost is primarily some of the costs of assessing and collecting duties on imported merchandise, such as the salaries of import specialists (who classify merchandise) and the costs of processing paperwork.",
32645n,False,False,False,General David Wherley-the commander of the 113th Wing-reached out to the Secret Service after hearing secondhand reports that it wanted fighters airborne.,
58751e,True,True,True,The tabs are getting fed up with women who have become rich and famous by telling everyone else how to be better.,
140740e,True,True,False,These are artists who are either emerging as leaders in their fields or who have already become well known.,
33291c,True,True,True,"Other attractions include hot springs, a market, and the forests and ski-slopes of nearby Uluda .",
101940c,True,True,True,They encourage the view that there's nothing--from Iraqi germ weapons programs to Serbian atrocities--that a few invisible planes can't fix.,
67449c,True,True,True,"Also testifying about al Qaeda in a U.S. court was L'Houssaine Kherchtou, who told of breaking with Bin Ladin because of Bin Ladin's professed inability to provide him with money when his wife needed a caesarian section.",
84146e,True,True,True,that your approach is is is right you can actually go out and sub it if even if you don't wanna get hands on you can even just sub it out the concrete and those kind of things and and that's kind of the plan i have so um uh everyone i talk to uh i've,
102192n,True,True,True,"These undergo a natural course of development through direct contact with the environment during the first two years of life, similar to the process of exploration and discovery described by Piaget.",
98964c,True,True,True,"This, in turn, suggests that firms with more of the key technologies in place will have total inventories that are less volatile.",
9679e,True,True,True,"Also, I will be assuming that the 6.0a cost of the Postal Service to take the mail from basic to workshared condition is constant as limited quantities of mail move back and forth between basic and workshared.",
107020n,False,True,True,in you know just dealing with the customer maybe that's there only reason why they don't it'd seem like they'd just put a little barrel out there and say it pour here and go on we'll take your money,
35441e,True,True,True,"The remaining 20 percent are either invented ( laser, bogus, splurge ) or have been borrowed from more than 200 other languages or dialects from Arabic to Zulu.",
94169n,True,True,True,Contributing members of the winning class will receive an added bonus of a tuition-waived registration to a non-restricted C.E.,
130629n,True,True,True,"With their fluent Vietnamese and Mandarin, they help Tran understand her family's eligibility for Medi-Cal and food stamps, assist the 70-year-old woman in finding a place to live and advise abused women how they can stay in the country while staying away from their husbands.",
105395c,True,True,True,"Outraged, several Libyan members of al Qaeda and the Islamic Army Shura renounced all connections with him.",
104869n,True,True,True,They are also more willing to work toward goals that are rational and reasonable.,
17622n,True,True,True,"Moreover, it is possible to have questions that require nested case studies.",
117131c,True,True,True,That was the deal for them to get off my back and let me do what I wanted to do.,
92771c,True,True,True,"Under the default method, eighty percent of the total amount of sulfur dioxide allowances available for allocation each year will be allocated to Acid Rain Program units with coal as their primary or secondary fuel or residual oil as their primary fuel, listed in the Administrator's Emissions Scorecard 2000, Appendix B (2000 Data for SO2, NOx, CO2, Heat Input, and Other Parameters), Table B1 (All 2000 Data for All Units).",
102934e,True,True,True,"Bars with views and live music include Sky Lounge in the Sheraton Hotel and Towers, Tsim Sha Tsui; and Cyrano in the Island Shangri-La in Pacific Place.",
120144c,True,True,True,I turned a curve and I was just in time to see him ring the bell and get admitted to the house.,
42464n,True,True,True,"In the north, the snowcapped Alps and jagged pink pinnacles of the Dolomites; the gleaming Alpine-backed lakes of Como, Garda, and Maggiore; the fertile and industrial plain of the Po, stretching from Turin and Milan across to ancient Verona; the Palladian-villa studded hills of Vicenza; and the romantic canals of Venice.",
38477c,True,False,True,She wears either revealing clothes or professional clothes (or perhaps both).,
144408c,True,True,True,"Today it is possible to buy cheap papyrus printed with gaudy Egyptian scenes in almost every souvenir shop in the country, but some of the most authentic are sold at The Pharaonic Village in Cairo where the papyrus is grown, processed, and hand-painted on site.",
111101e,True,True,True,"When asked about the Bible's literal account of creation, as opposed to the attractive concept of divine creation, every major Republican presidential candidate--even Bauer--has squirmed, ducked, and tried to steer the discussion back to faith, morals, and the general idea that humans were created in the image of God.",
1492e,True,True,True,"Here, the object of play is the written form of the answer, or, more precisely, the letters of which that form consists.",
55045c,True,True,True,"But, Slate protests, it was [Gates'] byline that appeared on the cover.",
10210n,True,True,True,The inaccurate accounts created the impression that the Langley scramble was a logical response to an actual hijacked aircraft.,
125225c,True,True,True,"Five years ago, Speaker-elect Newt Gingrich promised to make important information available online at the same moment that it is available to the highest-paid Washington lobbyist.",
28047e,True,True,True,"Some experts say there's a greater chance of a making a catch in the cooler days of spring and autumn, and in the hours after sunset.",
78082e,True,True,True,"Poking and prodding at contemporary speech and writing, feminists condemn the use of a term identified with one sex or gender to designate all humanity.",
134827e,True,True,True,"As for the divisive issue of whether the Mass is a sacrifice for the remission of sins, the statement affirms that Christ's death upon the cross ...",
44961n,False,False,False,Much research confirms that overloading children with input leads to disorganization of behavior.,
103354e,True,True,True,"The Varanasi Hindu University has an Art Museum with a superb collection of 16th-century Mughal miniatures, considered superior to the national collection in Delhi.",
23414e,False,False,False,Why bother to sacrifice your lives for dirt farmers and slavers?,
105806c,True,True,True,"An important early material, obsidian, was discovered on the island of Milos.",
73454e,True,True,False,And what in the world is one to make of William Butler Yeats's startling revelation in his poem Lapis Lazuli (from Last Poems ) that,
51416c,False,False,False,I can assure you that your investment in this institution will allow us to continue the long tradition of excellence that is Cathedral High School.,
134356e,True,True,True,"You will remember my saying that it was wise to beware of people who were not telling you the truth.""",
106191c,True,True,True,"But if we didn't want to work with them, we shouldn't get them into anything with the mil, military, such as, informing on them, or something like that.",
25058e,False,False,False,yeah yeah seven percent or something it depends on where you're at some places in Dallas i guess it's like closer to eight and places like in Lewisville it's a lot closer to seven,
24081n,True,True,True,What to make of the fact that one may be henpecked but not cockpecked?,
42930e,True,True,True,"You can count on me, if necessary, for one million dollars.",
9391e,False,False,False,"These definitions are given in the most recent (1983) edition of Chambers 20th Century Dictionary , which was edited and published in Edinburgh.",
142304n,False,False,False,FAA Control Centers often receive information and make operational decisions independently of one another.,
68266e,True,True,True,"Such fund are often used for college tuition, vocational training or a deposit on an apartment.",
102741c,True,True,True,"Together with those who were already donors, there are over 1,350 staff and faculty supporting the work of IUPUI with their gifts.",
27704n,True,True,True,President Reagan quickly withdrew U.S. forces from Lebanon-a reversal later routinely cited by jihadists as evidence of U.S. weakness.,
45526c,True,True,True,"The Joint Venture which has so amply justified itself by success!"" It was drunk with acclamation.",
20788c,True,True,True,"It was like looking into a mirror, except infinitely more realistic.",
49091c,True,True,True,He said the Web site will help bridge the digital divide that keeps the poor from using the Internet as a resource.,
138227e,False,False,False,"Instead, we could recommend that, compared with other settings, the prevalence of alcohol problems among ED patients makes it worthy of careful consideration.",
3308e,True,True,True,But they reached a shrubbery near the house quite unmolested.,
13756c,True,True,True,It is that prospect that may bring Republicans together to defend a CPI everyone knows is inaccurate.,
95794c,False,True,False,"Don't expect to be swinging much after midnight, even in towns.",
60597n,True,True,False,About this time the Fasten Seatbelt sign would usually have been turned off and the flight attendants would have begun preparing for cabin service.,
76755c,True,True,True,"It also describes the results of the scenario analysis, both in terms of the various marginal costs associated with emission control strategies and the economy-wide impact of each scenario.",
41316e,True,True,True,"At eight or ten stitches an inch, it is possible to seam thirteen to sixteen or more inches a second.",
18921c,True,True,True,"Um, when you're talking about your favorite stories, what was your favorite part of the story?",
21229c,True,True,True,yeah yeah you know we're kind of that way too i try to i'm the same way you are i kind of try to judge from day to day i know you know where i am we work a lot with the customers and we have a lot of government folks come in all the time and,
90357c,True,True,True,The Czech playwright Karel Kapek was the creator of robot a `machine which replaces a man' in R.U.R.,
62233e,True,True,True,"The automated sewing systems that create the closely spaced regular stitch patterns used as decorative top stitching on men's dress shirts, collars, cuffs, and pockets are examples of expensive machines operated for a single shift.",
98078e,True,True,True,"( sums up the millennium coverage from around the globe, and examines whether the Y2K preparations were a waste.)",
70916c,False,True,True,to see this kind of thing and you know if you can do any any little bit it helps so,
38421e,True,True,True,"Perched on a steep slope, high in the Galilean hills, Safed (known also as Tzfat, Tsfat, Sefat, and Zefat) is a delightful village-town of some 22,000 people.",
13884c,False,False,False,I take it Americans have a higher opinion of morality than you have even.,
112294e,True,True,True,"If you would like to become a member of ELM, please fill out the enclosed membership form and send it back at your earliest convenience.",
23984e,True,True,True,Black professionals braid their hair to display their ethnic pride.,
86024c,True,True,True,End of digression and back to MUSKRAT-KAT- Muskrat Ramble is credited to Edward Kid Ory and Ray Gilbert.,
19884c,True,True,True,"The AMS system also allows users to search the full text of the public comments, identifies form letter comments and ex parte communications,8 and provides a list of related government web sites-features that are currently not available in the DOT docket management system.",
9047e,True,True,True,so you know it's something we we have tried to help but yeah,
62964e,True,True,True,We first turn to the problem of forecasting sales in retail stores.,
54639n,False,False,False,"It was, when the first one arrived, the first soldier, and he said, Er, ma'am, make, he said, some four, six rations, he said, because plenty of soldiers have come, and I'm going to inform the other houses.",
94212e,False,True,False,"In the midst of a final desultory polishing of her silver, Tuppence was disturbed by the ringing of the front door bell, and went to answer it.",
30003e,False,True,True,Thank you for your ongoing support of our great school!,
20181n,False,True,False,"What the judge really wants are the facts -- he wants to make a good decision, he said.",
124845n,False,False,False,"Since there is no airport on the island, all visitors must arrive at the port, Skala, where most of the hotels are located and all commercial activity is carried out.",
74002n,True,True,True,"U.S. officials became aware of these secret discussions, certainly by March.",
15210c,True,True,True,"Some of the salesladies at this colorful, soft-sell market wear traditional Martinique costumes.",
113443c,True,True,True,"Operators worked feverishly to include the FAA, but they had equipment problems and difficulty finding secure phone numbers.",
124628e,True,False,True,yeah i'm trying to find out how long we're supposed talk,
38783c,True,True,True,"Just east of the Star Ferry terminal, you'll come to CityHall.",
58850e,True,True,True,"At some point between 9:16 and 9:26, Barbara Olson called her husband, Ted Olson, the solicitor general of the United States.",
90739e,True,True,True,"Instead, the Department established the Joint Forces Command, located at Norfolk, Virginia, making it responsible for military response to domestic emergencies, both natural and man-made.",
103732c,True,True,True,"At 8:52, in Easton, Connecticut, a man named Lee Hanson received a phone call from his son Peter, a passenger on United 175.",
89806n,False,True,False,"naches the `glow of pleasure-plus-pride that only a child can give to its parents': This is my son, the Doctor!",
119948c,True,True,True,The knitting machine produces cloth as the loom does but uses a different method.,
89071e,True,True,True,"Such information is very likely to be misinterpreted by the average user, who does not approach a dictionary with a critical eye.",
86564n,True,True,True,"Regulators may not be totally supportive of a more comprehensive business model because they are concerned that the information would be based on a lot of judgment and, therefore, lack of precision, which could make enforcement of reporting standards difficult.",
61636c,True,True,True,"The gardens are among the greatest in Europe, and take in a view of the Sugar Loaf Mountain as part of their design.",
83695e,False,False,False,"In fact, our analysis of the HCTAR data shows that the probability of adopting shipping container markers and modular production significantly increases if both bar codes and EDI have already been implemented.",
104496n,True,True,True,"For example, the CFO Council and the Office of Management and Budget (OMB) are aggressively working on eight priority initiatives outlined in the1998 Federal Financial Management Status Report and FiveYear Plan.",
50923e,True,True,True,the the Iranian borders are still open uh from what i understand understand um,
13911e,True,True,True,"Changes in technology and its application to electronic commerce and expanding Internet applications will change the specific control activities that may be employed and how they are implemented, but the basic requirements of control will not have changed.",
64509c,True,True,True,They managed to control much of the country for nearly a century before the Muslim leader Saladin (Salah-ad-Din) defeated them in 1187.,
26076e,True,True,True,"Most recently, we received results of an employment survey of 1990- 91 graduates, conducted by IUPUI's Career and Employment Services--it was pleasing to learn that we had nearly twice as many graduates as any other department in the School of Liberal Arts.",
61314n,True,True,True,Feminists concerned about language relentlessly reveal language's capacity to discriminate against women or to render them invisible.,
57655c,True,True,True,"Under the rule, HUD may also accept an assignment of",
53341n,False,False,False,You know you look down and see the Pentagon burning and I thought the bastards snuck one by us.,
18391c,True,True,True,"The National Association of State Information Resource Executives (NASIRE) represents state chief information officers (CIO) and information resource executives who share a mission to shape national information technology policy through collaborative partnerships, information sharing, and knowledge transfer.",
68369c,True,True,True,"It is safe to say that lean retailers have also come out ahead, given their rapid growth in relation to, and at the expense of, traditional retailers in many different retail channels.",
136583c,True,True,True,That was another-it was evidently another aircraft that hit the tower.,
44337c,True,True,True,They said the hijackers wielded knives and claimed to have a bomb.,
23779c,True,True,True,The main attraction of Kom Ombo is the vibrant color still found on the columns in the Hypostyle Hall.,
94325c,True,True,True,"To save this precious, historical land from developers, Audubon worked with a local bank and purchased this land for preservation.",
35246n,False,False,False,"Traditionally, a new apparel design was created by asking the designer/artist to make a watercolor sketch.",
72835e,True,True,True,"The paradox of make-believe is that in everyday life, when children subordinate actions to rules, they usually give up something they want'instead of keeping a treasured toy all to themselves, they share it; instead of continuing to play, they clean up; instead of watching more TV, they go to bed.",
28108c,True,True,True,"In this chapter, we will concentrate on the past hundred years, outlining major changes in American retail, apparel, and textiles that occurred before the 1980s.",
120855e,False,False,True,"Territorial rights, in the form of a deck chair, can be assured for a nominal sum.",
103155e,True,True,True,It's absurd but I can't help it. Sir James nodded again.,
17708c,True,True,True,The parallels with the information integration now occurring in retail-apparel-textile channels'this time driven by advances in computer and related technologies'are striking.,
63934n,True,True,True,"Because you are an organization that cares, you are invited to become an integral part of this fabulous event by becoming a corporate sponsor for JCC Auction '99.",
60024e,False,True,False,Any Muslim who rejects his ideas is just one more nonbeliever worthy of destruction.,
70726e,True,True,True,so i have to find a way to supplement that,
132137e,True,True,True,"You claw your way into a position to get your calls returned by actually breaking stories, but that reward is empty.",
120920e,True,True,True,and we decided we'd just go across the road to the office and see if we could rent anything,
54866e,True,True,True,i mean i'm i'm sort of strange in a way i'm i'm about twenty pounds overweight and i smoke but my blood pressure is about my last reading was just the other day it was one hundred two over seventy nine,
28149e,True,True,True,"Finally, it might be worth mentioning that the program has the capacity to store in a temporary memory buffer about 100 words (proper names, for instance) that it has identified as not stored in its dictionary.",
105962c,True,True,True,"14 Managing for Federal Managers' Views Show Need for Ensuring Top Leadership Skills (GAO-01-127, Oct. 20, 2000); Management Using the Results Act and Quality Management to Improve Federal Performance (GAO/T-GGD-99-151, July 29, 1999); and Management Elements of Successful Improvement Initiatives (GAO/T- GGD-00-26, Oct. 15, 1999).",
97072e,True,True,True,58 provides the cost for one boy or girl to participate in scouting activities for a year.,
56426e,True,True,False,"When we leave the house we shall be followed again, but not molested, FOR IT IS Mr. BROWN'S PLAN THAT WE ARE TO LEAD HIM.",
111347c,True,True,True,"Simply fill out the enclosed card, and we will see you at the Grill!",
20938e,True,False,True,"In a still faintly Victorian atmosphere, Dinard has preserved all the best assets of a good luxury villas and long, paved promenades, plush hotels, elegant boutiques, discothyques, casino, parks and gardens, and an Olympic-size public swimming pool.",
51484c,True,True,True,"Price reductions from the beginning to the end of the season also increased dramatically over the period from 1948 to 1988, one in which there was considerable growth in product proliferation.",
69188n,False,False,False,"Among infiuential explanations of why preschoolers are so drawn to pretending, Freud's psychoanalytic theory and Piaget's cognitive theory held sway for much of the twentieth century.",
77659c,False,False,False,"They have already transformed channel relations in such industries as food and grocery, home-building products, personal computers, and office products.",
79485c,True,True,True,"On my honour, I will hang him as high as Haman!""",
146103n,True,True,False,"If not the most beautiful, the chateau is certainly the most formidable in the Loire Valley, a real defensive fortress, its black ramparts still forbidding despite having had their towers decapitated on the orders of Henri III.",
87098c,True,True,True,"And then, well, we found out that my brother had been admitted, until they took out th, that (fragment0, they let him come, but now he didn't come, he went to, to the department of education and asked a transfer, they didn't deny it to him, they transferred him to another place immediately.",
84804n,True,True,True,Ricky Martin was filming his triumphant return to the gay porn industry.,
117260n,False,True,False,"He could stand as a symbol of resistance-above all, resistance to the West and to America.",
63469c,True,True,True,"It lacked intelligence, introspection, and humor--it was crass, worthy of Cosmopolitan or Star . I do have a sense of humor, but can only appreciate a joke when it starts with a grain of truth.",
35664c,True,True,True,The H-2A worker must depart the country and is subject to deportation for failing to do so.,
43540n,True,True,True,Every meter of fabric destined for apparel production is normally inspected by the textile manufacturer.,
97011e,True,False,True,Expectations that the ANC would oversee land reform--returning land seized during apartheid's forced migrations--and wealth redistribution have not been met.,
53819e,True,False,True,"Watch for Pagla Jhora, the Mad Torrent, just after Gladstone's Rock (shaped like the statesman's head).",
7108n,True,True,True,Yet the income gap in free time is not large; financially well-o individuals average only 2 to 4 hours a week less free time than do their less economically advantaged counterparts.,
128494c,True,True,True,well that's right because uh one day it'll be eighty and the next day it'll be about thirty below i tell you what and uh,
15673n,False,True,True,"He looks so awfully tired and bored, and yet you feel that underneath he's just like steel, all keen 38 and flashing.",
37407e,True,True,True,5 are highly correlated during summer months in some areas.,
29289e,True,True,True,But he places most blame on how contemporary children are reared.,
8994c,True,False,False,"Sit down, will you?"" Tuppence sat down on the chair facing him.",
134977c,True,True,True,"Pat Buchanan followed immediately behind, handing out smallpox-infected blankets and bottles of whiskey.",
39077n,True,True,True,And uh she had just cartons and cartons of soup labels that she had saved over the years and redeem them you know I don't know five cents a bushel so she was very practical in that regard.,
35670n,True,True,True,"Joseph Lister pioneered the use of carbolic acid to keep wounds clean, and James Young Simpson experimented with chloroform as an anesthetic.",
138337e,False,False,True,"Also, why Princess Di was like President The public cared more about her empathy than about her actions.",
134655n,True,True,True,Catch up on the Indian avant-garde and the bohemian people of Caletta at the Academy of Fine Arts on the southeast corner of the Maidan.,
115238n,False,False,False,"In the hands of an already successful scholar, the extras that endowments provide ensure continued success - for the scholar and the school.",
126847c,True,True,True,"Tom is the winner of a year's supply of Turtle Wax, and he will receive his prize just as soon as the Shopping Avenger figures out how much Turtle Wax actually constitutes a year's supply.",
34709n,False,True,False,"Lockean ideas provided the footing for American behaviorism, launched by John Watson in the early 1900s and built by B. F. Skinner into a powerful mid-century theoretical force heralding the supremacy of environment in its belief that behavior is shaped by external stimuli.",
28251e,True,True,True,Today it is possible to walk through the old agora (marketplace) and stroll along Roman roads.,
117704n,False,False,False,One recipient of a call from the aircraft recounted specifically asking her caller whether the hijackers had guns.,
5720n,False,False,False,At this time the FAA had no contact with the military at the level of national command.,
575n,True,True,False,Over their backs fell the cutting lashes of a whip.,
108813n,True,True,True,He bent down to study the tiny little jeweled gears.,
65216e,True,True,True,This fall alumni and students at the Indiana University School of Law Indianapolis will initiate several programs to encourage alumni support for the school.,
57401c,True,True,True,"We can leave them and let them die, said Thorn.",
135779c,True,True,True,Judge Bailey was chosen because he should be looked at as the representative of all future winners.,
103482n,False,False,False,"Although it is a significant part of the poverty population, Asians historically have not been able to participate in the services and programs available to the poor, he said.",
26766e,True,True,True,"Generally, if pH of scrubbing liquor falls below a range of 5.0 to 6.0, additional reagent is required to maintain the reactivity of the absorbent.",
78965e,True,True,True,People here at the school have asked for the opportunity to support students and recognize his good work by participating in the Steven L. Bricker Scholarship Endowment.,
88605n,False,False,False,"The remaining parts of the north, although enticing, are difficult to explore.",
1004n,False,False,False,"The Sikhs reacted violently to persecution, and the Marathas spread to Orissa, after which, in the year 1739, Nadir Shah of Persia invaded and carried off the Peacock Throne (broken up after his assassination).",
43519c,True,True,False,Even the Scots are likely to give them more credit than that.,
133452c,True,True,True,they really do i i sometimes think that that should be limited more,
73931n,False,True,False,"Under its, it's , Bryson gives, among others the following examples from the Washington Post , Its the worst its been in the last five years, Its come full circle, then goes on to say It's , which was intended in each of the examples above, is the contraction of it is.",
9377c,True,True,True,"It is great to know that people, like you, who have graduated from our program are willing to support us in such a significant way.",
54327n,False,False,False,substitute my my yeah my kid'll do uh four or five hours this week for me no problem,
75807c,True,True,True,and you know if i know that they're gonna be there you know you you i try to really watch it and like you say you know really dress up and if i know they're not you know i i've been doing a lot of reorganization you know the last couple of months the same way you are you know and it's just so it's just impossible to crawl down on the floor and dig through boxes in a dress you know it is so,
90580n,True,True,True,"This organization's structure included as its operating arms an intelligence component, a military committee, a financial committee, a political committee, and a committee in charge of media affairs and propaganda.",
115139c,True,True,True,"But in fact Haveman and Wolfe's statistical analysis is designed to rule out this and similar alternative theories, leaving us to conclude that the moves themselves are harmful.",
66717e,True,True,True,Nabatean trading town on the route from Gaza to Petra .,
86782e,True,True,True,"Wanniski and company have been drubbed by the Wall Street Journal , the New York Times ' A.M.",
64345e,True,True,True,"These social encounters oer children many opportunities to hear people refer to their own mental states and those of others and, therefore, to observe dierent points of view.",
55721c,False,False,True,"After the second course I began to feel slightly at ease, although I couldn't help being disturbed by the way they just stared at me.",
64231n,False,False,False,"In addition to the arguments previously advanced by the Vice Presidentas representatives and addressed in our June 22 letter to the Counsel to the Vice President (see Enclosure 1), the Vice Presidentas August 2 letter to the Congress asserts that the study is not authorized by statute because GAO is limited to looking at the aresults- of programs and that GAO does not have a right of access to documents because the Vice President is not included under the term aagency- used in GAOas statute.",
145028e,True,True,True,"We're just, we just we don't know who he is.",
57413n,False,False,False,"Consider the Globe : As the respectable media have become sleazy, the Globe has become sleazier.",
7385e,True,True,False,"In general, the definitions in W have been clarified, simplified, and made more precise in L . Also, the citations in W have either been omitted, where unnecessary, or paraphrased, and sources are not given.",
44467c,True,True,True,"But uh, we hear a lot about home and how it used to be and like I said walking five miles to school and--",
92837c,True,True,True,OK Adam is now going to talk about the music industry.,
99791n,True,True,True,"Even analysts who had argued for loosening the old standards, by which the market was clearly overvalued, now think it has maxed out for a while.",
74982e,True,True,True,"After the Saudis agreed to allow U.S. armed forces to be based in the Kingdom, Bin Ladin and a number of Islamic clerics began to publicly denounce the arrangement.",
92422e,False,True,False,In the ancestral environment a man would be likely to have more offspring if he got his pick of the most fertile-seeming women.,
131206n,True,False,True,FDA suggests there may be an association between BSE and a form of human TSE known as new variant Creutzfeldt-Jakob disease.,
142994n,False,False,False,"Woolf identified but did not describe a woman's sentence and, in the same text, wrote of women ancestors (for example, Shakespeare's putative sister) who was silent, silenced by a society dominated by men.",
37060n,True,False,False,"But even without them, he would certainly have understood that the attacks on the World Trade Center would already have unfolded, given Flight 93's tardy departure from Newark.",
94998n,True,True,True,What a contrast from the city she'd left a few miles back.,
65431e,True,True,True,"After completing the process of developing a demand forecast for each SKU, a retailer must determine how much of each item to stock on the shelves of its stores.",
81105e,True,True,True,"A Feminist Dictionary , edited by influential Cheris Kramarae and Paula Treichler along with Ann Russo, suggests the style and the substance of some recent feminist discourse.",
107922e,True,True,True,It was here in 1952 that King Farouk signed his abdication before boarding his yacht for exile in Italy.,
113926n,True,True,False,Such experience better enables the CIOs to work with business managers to build a shared vision for meeting mission needs.,
85167c,True,True,True,"I do, but it gets to a point where like I feel like if I fail, it's just going to be like way too much for everybody.",
33866n,False,False,False,"The Hadith, which recount Mohammed's sayings and deeds as recorded by his contemporaries, are another fundamental source.",
87319n,True,True,True,"But the most sustained assault on Orientalism 's premises, and on its prestige, came from the left.",
34571n,True,True,True,"Thus, if a retailer follows the simplest strategy of ordering at the beginning of each week exactly those items that sold during the previous week, manufacturers must be prepared to ship an unknown number of items each week.",
62534e,False,False,True,"The bankruptcy of secular, autocratic nationalism was evident across the Muslim world by the late 1970s.",
110004n,True,True,True,The assembly of most items of apparel follows the work flow sketched here.,
26486e,True,True,True,We were putting siding on her house and beat on the door nobody comes to the door it's summertime everybody sleeping until 10:00.,
102031e,True,True,True,"Legal Services Corp., 02-CV-3866, names as defendants the national Legal Services Corp., which distributes federal grants to providers, and Legal Services of New Jersey, which distributes state money.",
52395e,False,False,False,"Growth continued for ten years, and by 1915 the town had telephones, round-the-clock electricity, and a growing population many of whom worked in the railroad repair shop.",
21155e,True,True,True,i'm kind of familiar with the weather out that way in west Texas but not in not in Lewisville,
129201c,False,False,False,"36 million could mean the state's legal services for the poor will lose six of their 21 regional offices, the head of a poverty-law resource center said.",
63090e,True,True,True,"And yet, we still lack a set of global accounting and reporting standards that reflects the globalization of economies, enterprises, and markets.",
15110e,True,True,True,"My last afternoon in Louisian was supposed to be no different- but the hotel room was small and claustrophobic, and I was utterly bored.",
111040c,True,True,True,"Upriver, east of Blois, in a huge densely wooded park surrounded by 31 km (20 miles) of high walls, the brilliant white Ceteau de Cham?­?­bord is the most extravagant of all the royal residences in the Loire Valley.",
63414e,True,True,True,"The Secret Service agent felt strongly that the situation in Washington was too unstable for the President to return there, and Card agreed.",
79404n,True,True,True,"That first glimpse of the towering, steepled abbey rising from the sea on its rock is a moment you will not forget.",
71231c,True,True,True,Your gift to the law school will be an investment in its continued excellence.,
9557c,True,False,False,"Tommy Thompson of Wisconsin and Mayor Rudolph Giuliani of New York, the conservative vanguard on the issue, show no inclination to exploit research that says, in effect, Why care about day-care quality?",
142658n,True,True,True,"We put the baby mallard in a small aviary with the half-grown muscovy, and it worked.",
48287n,False,True,True,"Ah, yes, actually, two weeks ago we had a very similar situation, the captain alertly added and quickly changed the subject, 'What's important now is that you get ready for about 2 minutes in the state of weightlessness, and not some Slovakian satellite from two weeks ago.",
86188n,True,True,True,"She recalled first telling the President it was a twin-engine aircraft-and then a commercial aircraft-that had struck the World Trade Center, adding that's all we know right now, Mr. President.",
137141n,True,True,False,"While his allied Islamist groups were focused on local battles, such as those in Egypt, Algeria, Bosnia, or Chechnya, Bin Ladin concentrated on attacking the far enemy-the United States.",
99215n,False,False,False,"Clearly, the press has done a lousy job with its focus on behavior such as infidelity or drug use that most people don't care about.",
143523e,True,True,True,The river-beds are mostly too shallow for anything but flat-bottomed boats.,
38436n,True,True,True,"Men and women struggling with addictions find healing, forgiveness and the chance to make a new start in life... families living from paycheck to paycheck find comfort, food and emergency assistance... and underprivileged children have the opportunity to eat well-balanced meals and participate in special activities.",
22690n,False,False,False,The Illinois Equal Justice Foundation has recently made its first grants from money appropriated by the Illinois General Assembly.,
43888e,True,True,True,so that's that's one of your priorities there's got to be air has to be an automatic,
115825c,True,False,True,"She gave the girl clothes and gifts and took her to her Connecticut estate for weekend pony rides, according to the Star . How was I supposed to compete with that?",
31641c,True,True,True,"We're going to try something different this morning, said Jon.",
89068n,False,False,False,"To see how The Bell Curve tries and fails to get around these inherent problems, see and .",
132881e,True,True,True,"The Army suspected him of malingering, and that didn't sit well with the 9th Infantry Division platoon sergeant.",
35238n,True,True,True,you know things like that But i don't follow any team i check the scores the next morning and i know how everybody's doing and that suffices me But,
69009n,False,True,False,"Sometimes I gave up, as when pointing to my temples (white) brought shampoo rather than the desired bleach.",
15482n,True,True,True,"The church of Panagia Theoskepastos houses a fine 14th-century icon, and the Catholic Cathedral has a tenth-century Madonna and Child.",
118637c,True,True,True,"What a lot of bottles! I exclaimed, as my eye travelled round the small room.",
23435n,False,False,False,"Unfortunately, children are riveted by a character's aggression and miss the caring message.",
14280n,False,True,True,"The author began with a set of hunches or hypotheses about what can go wrong in agency management, and what would be evidence supporting-or contradicting-these hypotheses.",
94127c,True,True,True,"The video footage indicates that he was carrying an unidentified item in his back pocket, clipped to its rim.",
24119c,True,True,True,"We've been a couple of mutts, who've bitten off a bigger bit than they can chew.",
40402n,False,False,True,"At that time, and now later on she, she lives at the library just about.",
57828n,True,True,True,"Although we associate trench warfare with World War I, trenches were characteristic also of the Civil War.",
93843n,True,True,True,"Witness the following conclusion by a researcher who compared American with Japanese infant rearing An American mother-infant relationship consists of two individuals . . . a Japanese mother-infant relationship consists of only one individual, i.e., mother and infant are not divided.",
128497e,True,True,True,yeah i was in Peru Peru but um i there weren't as i recall or at least i wasn't aware of that many Americans there except for a very heavy concentration of Peace Corps volunteers this was when the Peace Corps first are started and it was one of the big targets,
79507c,True,True,True,"An organization's activities, core processes, and resources must be aligned to support its mission and help it achieve its goals.",
98725c,True,True,True,That nine minutes' notice before impact was the most the military would receive of any of the four hijackings.,
53423c,True,True,True,"Mr. Erlenborn attended undergraduate courses at the University of Notre Dame, Indiana University, the University of Illinois, and Loyala University of Chicago.",
139377e,False,False,True,The credibility of the United States working with its European partners in NATO is on the line.,
26368e,True,True,True,"But for 8 minutes and 13 seconds, between 8:56 and 9:05, this primary radar information on American 77 was not displayed to controllers at Indianapolis Center.",
57244n,True,True,False,Among the disadvantages are that the degree of innovation and product differentiation might continue to be limited.,
41836c,False,False,False,"For example, because of wage differentials between the countries, U.S. apparel-makers would need to be 2.5 times more productive than firms in Hong Kong to be competitive.",
62485n,True,True,True,"Madrid is the perfect base for explorations into the heart and soul of Spain, with a wealth of fascinating day trips and a trio of UNESCO-honored cities just an hour or so from the city.",
115987c,True,True,True,"The so-called diskette is a flat black square of rather tough plastic with a hole in the middle and an oblong slot on each of the flat sides; it is said to be 5 inches square, but that is a as the only person who probably ever measured one of these things, I can tell you it is 5 3/16 inches square; that may seem irrelevant, but it is only the beginning of the Great Deception.",
34337c,True,True,True,In parallel with the roots of onomatopoeia (onoma `name' + poiein `to make or do') I have christened the effect onoma again + pladzein `to mislead or deceive.,
10308c,True,True,True,"However, some recent studies explore the connection between development of linguistic gender and sex/gender, and the question of anatomically determined language is fashionable.)",
62801n,False,False,False,His generous contribution to dentistry in 1971 has helped twenty-five orthodontic students so far to meet educational expenses; and more students will receive scholarships this year.,
286e,True,True,True,"At the end of the show is a cluster of popular sportswear with Tommy Hilfiger, Donna Karan, Nautica, the Gap, and such names applied to it.",
60968n,False,False,False,"Information is the resource-extractive industry of the next century, and the concept of intellectual property --a term that dates back 150 years--comes up when individuals or companies assert a particular claim and embody it in the form of copyrights, trademarks, and patents.",
29213n,True,True,True,"Let me emphasize by further extending, in the quote above.",
82712n,True,True,True,"Regular TV viewing typically begins between 2 and 3 years of age, consuming about 10.",
139635c,False,True,True,have that well and it doesn't seem like very many people uh are really i mean there's a lot of people that are on death row but there's not very many people that actually um do get killed,
67632n,False,True,False,oh well yeah that's all i have to say thank you,
82629e,False,False,False,"First, the Comptroller General sends a written request to the agency head for the record that has not been made available to GAO within a reasonable time after an initial request.",
39129c,True,True,True,One senior FAA air traffic control manager said that it was simply not the FAA's place to order the airlines what to tell their pilots.,
35533c,True,True,True,"Between 7:03 and 7:39, Saeed al Ghamdi, Ahmed al Nami, Ahmad al Haznawi, and Ziad Jarrah checked in at the United Airlines ticket counter for Flight 93, going to Los Angeles.",
76056c,True,True,True,Many manufacturers do not explicitly track and use information like weekly demand variation for different SKUs.,
7880n,True,True,True,"Rep. Charles Rangel, D-N.Y.: I would say that if you had members of the KKK, that were not directly tied to the murder--that they did not do the murder--that 90 years [in jail] would be excessive.",
53499n,False,False,False,my goodness it's hard to believe i didn't think there was anybody in the country who hadn't seen that one,
50830c,True,False,False,um-hum um-hum yeah well uh i can see you know it's it's it's it's kind of funny because we it seems like we loan money you know we money with strings attached and if the government changes and the country that we loan the money to um i can see why the might have a different attitude towards paying it back it's a lot us that you know we don't really loan money to to countries we loan money to governments and it's the,
62679c,True,True,True,"Because my family is by no means rich, but we never had that much trouble, so--.",
82830n,False,False,False,"In the 19th century, when Kashmir was the most exotic hill-station of them all, the maharaja forbade the British to buy land there, so they then hit on the brilliant alternative of building luxuriously appointed houseboats moored on the lakes near Srinagar.",
30182c,True,True,False,"Such a plot had not been carried out anywhere in the world in more than 30 years, and never in the United States.",
117942c,False,True,False,They could not recall that any of the passengers they screened were CAPPS selectees.,
9436c,True,True,True,He An air attack against North America may be in progress.,
42130c,True,True,True,"In many ways, the name describes what this campus campaign is all about.",
72875e,True,True,True,"The policy succeeded, and I was fortunate to have had the opportunity to make that contribution to my people.",
126286e,False,False,False,more than anything else in this day and age that's got to be a big factor in your decision's just the the cost of how much you're gonna pay,
36655n,True,True,True,"The regime's response of ferocious repression plus numerous other ineptitudes led to a third revolution in 1848, with the Bonapartists, led by Napoleon's nephew, emerging triumphant.",
25396n,True,False,True,You may remember bumping into me somewhere along your path through college.,
69218n,True,True,True,"And he said, Don't play, the soldier said, don't play, he said, innocent, he said, in that house, I, our house is huge, and I stayed locked up, because just me and my son lived, my baby son, tiny, and me, and well, that's all.",
26403e,True,True,True,"Letters in support or condemnation of the QES program (though one may assume they will insist on programme ) should be addressed to Mrs Anne Shelley, Secretary, Queen's English Society, 3 Manor Crescent, Guildford GU2 6NF, England.",
55350e,True,True,True,"More likely, they read wants as meaning `desires' rather than `lacks,' but that might well be a deliberate, facetious ambiguity.",
73221n,False,True,False,"The analysis also addresses the various alternatives to the final rule which were considered, including differing compliance or reporting requirements, use of performance rather than design standards, and an exemption for small entities from coverage of the rule.",
11926n,True,True,True,"And if they did come, as remote as that is, you and your men look strong enough to handle anything.",
126154c,True,True,True,"Of particular significance --the American public has become acutely aware of the hazards to their health, including the risk of mortality, posed by inhalation of fine particles and exposure to mercury through fish consumption.",
88610n,True,True,True,The alumni and friends of the graduate periodontics program at Indiana University School of Dentistry are establishing an endowment fund.,
143098n,True,True,True,"I like, uh, political non-fiction, and I've read The Making of the President series from 1960 on up.",
10121c,False,False,False,"This method helps children move beyond concrete objects by looking for higher-order relationships'in Sydney's case, categorizing puzzle pieces by color and shape.",
77654c,True,True,True,but there's no uh inscriptions or or dates or anything else,
113452c,True,True,True,. . . [I]n my mind they were competing venues for command and control and decisionmaking.,
32353n,False,False,False,"In all the ways just mentioned, parents and other adults are vital conveyers of culture, through direct teaching of attitudes and values and through the pervasive imprint of culture on the settings and activities they provide for children.",
66248e,True,True,True,The baby's father responded by filing a wrongful death suit.,
132956n,False,True,False,"I entered her shack, opening the painted door covered in runes of warding.",
18011e,True,True,True,"It has long been influenced by their differing traits, and has assimilated their various customs and practices.",
120245n,False,False,False,"The Aegean has a short, wet spring when walking, hiking, and mountain biking are extremely enjoyable activities, because the weather is pleasant but not too hot.",
87393n,False,True,False,We are the only statewide not-for-profit organization whose primary mission is child abuse prevention.,
139981e,True,True,False,"Oh, yes, sir. Dorcas was looking very curiously at him and, to tell the truth, so was I.",
67379e,True,False,True,"It is quite firm about the r -sound when it follows a vowel-sound or is at the ends of words, not dropping it as is usual with the RP but insisting that it be given full value, in various ways, as it is in Scots and Irish and, generally but not always, in the speech of most Americans except for those in New England and the South.",
137888e,True,True,True,It is not widely recognized that in our community there are families in need.,
135882e,True,True,True,"The show, which begins each evening at 9:00 p.m. , relates in melodramatic fashion the history of Istanbul while coloured floodlights illuminate the spectacular architecture of the Blue Mosque.",
122801n,False,True,True,"Overall, parents complain that they have less free time to spend with their children.",
117576e,False,False,True,but i don't know you know maybe you could do that for a certain period of time but i mean how long does that kind of a thing take you know to to um say to question the person or to get into their head,
57184n,False,True,True,"pogonip Another sure-fire dictionary not a quick drink snatched while riding a bouncy stick, but a fog laden with particles of ice.",
71555c,True,True,True,"This tourist heartland is also home to 100,000 Jamaicans who live in the hills surrounding the town.",
78566c,True,True,True,"The business grew and eventually, he was helping thousands nationwide.",
40332n,False,False,False,Boats in daily use lie within feet of the fashionable bars and restaurants.,
53346c,True,True,True,"I just had a report that American 11 is still in the air, and it's on its way towards-heading towards Washington.",
51294c,True,True,True,This points to a final press-friendly quality of McCain' brilliant flattery.,
39687c,True,True,True,"Seizing on symbols of Islam's past greatness, he promises to restore pride to people who consider themselves the victims of successive foreign masters.",
54195c,True,True,True,"And as you do so, Girl Scouts from all over the Hoosier Capital Council invite you to test your knowledge of the crucial services funded through Annual Appeal dollars.",
144753e,False,True,False,"When he's ready for a major strike, how many innocents do you suppose are going to suffer? To quote one of your contemporaries; 'The needs of the many outweigh the needs of the few.' '",
102563n,False,True,False,"The judge gave vent to a faint murmur of disapprobation, and the prisoner in the dock leant forward angrily.",
116647c,True,True,True,The Hijacking of American 77 American Airlines Flight 77 was scheduled to depart from Washington Dulles for Los Angeles at 8:10.,
94866c,True,True,True,"At the far end of David Street, Temple Mount is one of the world's most sacred spots to three major religions.",
30171n,False,False,False,"Until all members of our society are afforded that access, this promise of our government will continue to be unfulfilled.",
112297c,True,True,True,"An understanding that, above anything else, success requires genuine effort, a willingness to set challenging goals.",
71570n,False,False,False,"Journalists and other commentators have sometimes taken a facetious view of the situation, suggesting that person , itself, is sexist because -son denotes `male offspring,' that words like manhole are sexist, and that even woman ( wo + man ) is sexist.",
138180n,True,True,True,it'll be a nice little bit of money we're going to,
72637c,True,True,True,"Thus, the net scale benefit is initially positive, whether or not we adjust for the wage premium.",
115177e,True,True,True,The use of modern design tools and information technology can collapse the design time so that managerial decision-making becomes the longest step in the process'and even the time for that step can be shortened with information technology.,
37063c,True,True,True,"He could have learned of this from messages being sent by United Airlines to the cockpits of its transcontinental flights, including Flight 93, warning of cockpit intrusion and telling of the New York attacks.",
38557n,True,True,True,"Also, the Holy Family are said to have sheltered here on their return from Egypt.",
16978e,True,True,True,"Although by age 4 children know that not all TV programming is real, they judge TV reality according to whether the images resemble people and objects in everyday life.",
14629e,True,True,True,i understand i can imagine you all have much trouble up there with insects or,
141998e,True,True,True,"Considering the circulation of The New York Times on Sundays, his column is probably the most widely read commentary on contemporary English in the world; that places more than one uncommon burden on a he must do his utmost to be accurate; he must try to select subjects likely to be of interest to his readers; and he must write well.",
104395c,True,True,True,Routine screening and intervention will require engendering a sense of role responsibility among emergency department clinicians towards addressing substance abuse.,
106388c,True,True,True,"Afterwards, the Bishop walked among the crowds, eating their picnic lunches.",
138451e,True,True,True,"For example, computers and related equipment have an estimated annual depreciation rate of 31 percent,7 and new versions of software applications are released every few years.",
116970c,False,True,True,", number of parks or acres of land) rather than in terms of historical cost.",
57121c,False,True,True,"'If it were not for the services they provide us, we older persons would not be able to get around to do our business, such as visits to doctors, grocery and drug stores.",
2251e,True,True,True,Such requirements could arise either as a result of voluntary agreements among retailers and apparel suppliers or be mandated through regulation.,
88407e,True,True,True,"Although research is beginning to provide answers regarding factors that may increase the risk for SIDS and suggest actions parents can take to reduce the risks, these measures will not save all babies.",
142238e,True,True,True,Most traditional reform options involve workers paying more for promised benefits or getting lower benefits.,
53953e,True,True,True,so who so if you go out and you're talking like a ten or fifteen thousand dollar vehicle and you add that sales tax on that's a that's a big chunk of change you have to come up with,
104113c,True,True,True,Other flight attendants were busy at duties such as getting medical supplies while Ong and Sweeney were reporting the events.,
106254c,False,True,True,"Although there have been specialized spinning and weaving mills, the great majority of output is produced in enterprises that engage in both operations.",
17110n,True,False,True,"The central section of Tinos has little of interest, but make your way over the hills to the pretty village of Pyrgos, famed for its school of marble carving.",
62982e,True,True,True,"The Indigenous Project, a new program run by the Oregon Law Center, is one of only a handful of places in the United States where indigenous farmworkers from Mexico and Central America can find free and confidential legal aid.",
138210n,True,True,True,"At that event, legal services personnel, court personnel, and other technology experts saw demonstrations by four companies on their products, and assessed their utility for preparing pro se documents.",
75381e,False,False,True,"He told us that by the time he arrived, the order had already been passed down NORAD's chain of command.",
19921c,False,False,False,3) The gap between the productivity of women and the productivity of men.,
134178e,True,True,False,"The average MLS ticket costs a mere $13, one-third the price of an NHL or NBA ticket.",
30570n,True,True,True,"Bin Ladin went initially to Jalalabad, probably because it was in an area controlled by a provincial council of Islamic leaders who were not major contenders for national power.",
126485c,True,True,True,"Thus the evidence at the RHD offices indicated the need for reinforcement of the notion of maleness associated with the word, not, as M and S suggest, a trend toward epicenism.",
15834n,False,True,False,Bin Ladin reportedly showed particular interest in learning how to use truck bombs such as the one that had killed 241 U.S.,
111906e,True,True,True,"The riotous revelry roars right past Mardi Gras (Shrove Tuesday) when red-costumed children star as devils, to its peak on Ash Wednesday.",
36887c,True,True,True,"Pakistani intelligence officers reportedly introduced Bin Ladin to Taliban leaders in Kandahar, their main base of power, to aid his reassertion of control over camps near",
116067e,False,False,True,"The program soon expanded to other vendors, including apparel suppliers, who entered their own trading partnerships with Wal-Mart.",
132918n,False,False,False,"He also made use of the already-established Third World Relief Agency (TWRA) headquartered in Vienna, whose branch office locations included Zagreb and Budapest.",
119421n,False,False,False,"Several security managers said that by participating in our study, they hoped to gain insights on how to improve their information security programs.",
115632c,True,True,True,"Here is a commonsense style book, useful to those who have the education and common sense to be in doubt about questions of English usage.",
17488c,True,True,True,"Once there, he or she must alight from the vehicle and proceed to the mailbox, then return to the vehicle, turn it around and proceed to the road.",
7390e,True,True,True,"They enabled the passengers to gain critical information, including the news that two aircraft had slammed into the World Trade Center.",
74001n,True,True,True,"In February 1996, Sudanese officials began approaching officials from the United States and other governments, asking what actions of theirs might ease foreign pressure.",
98180c,True,True,True,yeah i try to no i uh uh try not to use any insecticides at all i try not to even use insecticides on my lawn but i sometimes i can't manage,
69542e,True,True,True,"The forty operations indicated in the figure may require only twelve minutes if the operators are working at 100 percent efficiency, but any given shirt still takes twenty working days to pass through the plant.",
11989c,True,True,True,Parents reported significant benefits from Girl Scouting for their daughters and themselves.,
37474e,True,True,True,And then there was never like any female blood Averetts until like my oldest cousin had kids.,
87066n,True,True,True,"For one thing, he documents many neologisms, an activity that endears him to many working lexicographers.",
18189c,True,False,True,The important thing is to realize that it's way past time to move it.,
98201n,True,True,True,"NIPA had already recognized mineral exploration as investment, and in 1996, NIPA reclassified government purchases of plant and equipment as investment.",
117892n,True,False,True,"No, Dave Hanson, you were too important to us for that.",
119781c,True,True,True,"However unsatisfactory and over-argued the revisionist case, it did make one serious that the United States had clear national and economic interests and found the Cold War an unusually congenial way to pursue them.",
115742c,True,True,True,This breakdown of PA-Israeli cooperation is the basis for the Israeli complaint that Arafat is culpable for last week's Jerusalem bombing.,
72535n,False,False,False,"So, as he and Tipper walked out, my friend and I were right behind them, and I took the opportunity to say hello and reintroduce myself--as a journalist, I might add--and we chatted about the movie for a few minutes.",
57056n,False,False,False,"It is not really a dictionary, of course, in the sense that is lacks definitions; it is merely a word list.",
62810e,True,True,False,"And Doctor Perennial just stood there and when the evil drill sergeant woke up in him once again, he received an SMs.",
56248e,True,True,True,"More than 100 judges, lawyers and dignitaries were present for the gathering.",
121536e,True,True,True,"The most comfortable courses are in the cooler hill stations, notably Cameron Highlands and Fraser's Hill.",
1248c,True,True,True,"Hani Hanjour, Khalid al Mihdhar, and Majed Moqed were flagged by CAPPS.",
132505e,False,False,False,"But the second reads like gobbledygook while the first tries to provide some basic notion of what is involved and where it is applied while, at the same time, gently notifying users that they are going to have to seek elsewhere for a proper definition, the understanding of which requires far more backgound in mathematics and logic than can be assumed in the average user.",
85455c,True,True,True,"At first glance, it might appear that almost all of the cloth is used in the marker; in fact, only 90 percent has been covered in the layout of 108 individual pieces.",
26343n,True,True,True,"Placido Domingo's appearance on the package, compellingly photographed in costume as the ancient King of Crete, (Anthony Tommasini, the New York Times ) is the main selling point for this new recording of one of Mozart's more obscure operas--a fact that does not make critics happy.",
17290c,True,True,True,"Together, I think we can make a contribution to that upgrading of the lounge which will be very meaningful for the students.",
96360n,False,False,False,"At very young ages, when children are just beginning to acquire culturally valued skills, they depend almost entirely on interactions with more expert cultural members to make sense of their experiences.",
121330c,True,True,True,The Herron School of Art and Gallery of Indiana University is contemporary art!,
57091c,True,True,True,"Friendly Fire , by Joe Lovano and Greg Osby (Blue Note Records).",
120176c,True,True,True,"When a GAGAS attestation engagement is the basis for an auditor's subsequent report under the AICPA standards, it would be advantageous to users of the subsequent report for the auditor's report to include the information on compliance with laws and regulations and internal control that is required by GAGAS but not required by AICPA standards.",
47140n,True,True,False,The Secret Service initiated a number of security enhancements around the White House complex.,
57393c,True,False,True,"A lot of people are going to look at it and say, 'Well, I took the exam the way it is and that's what I had to do it,' said Mr. Curnin.",
28184e,True,True,True,"When most people think of apparel design, they see fashion designers and models on runways.",
21843e,False,True,True,"Across the river from the city, it has superb views; rooms are very contemporary in design.",
88576c,True,True,True,"With the gap still of landslide proportions in most polls, Dole has been written off, correctly or otherwise, by the pundits.",
9797c,True,True,True,Recently I met a guy at a party over at San Barenakedino's.',
97246n,False,False,False,"Cancel, and tear to pieces, that great bond Which keeps me pale!",
19475n,False,False,False,"Correspondingly, employment in automotive and apparel trimmings increased 71.4 percent from 1979 to 1997 while in women's and misses blouses and skirts it declined by 60.6 percent in the same period.",
75465c,True,True,True,yeah um gosh i think it was only like three and a half pounds and for me that's big that's why i'm saying i love to go fishing because i've never caught anything really really big um so because it's always been you know in the on a lake and uh i know they have bigger fish than that but you know three and a half pounds and that was huge for me,
67237e,True,True,True,Outstanding Herron students are honored on this special evening of recognition with gifts from local companies and individuals.,
54291c,True,True,True,"These latter vast regions of forests, rivers, and mountains border the Indonesian state of Kalimantan and the oil-rich sultanate of Brunei.",
101415c,True,True,True,yeah i know and i did that all through college and it worked too,
7632c,True,True,True,"That is where I happened to open this book, where I closed it, and why this review is so brief.",
128583e,False,False,False,"Consider, for instance, how many store clerks still scan items incorrectly at the register.",
118446c,True,True,True,"For your convenience, I am enclosing a copy of Form CC-40, which should be filed with your Indiana State Income Tax.",
4930e,True,True,True,"I also encourage you to seek additional support through your company, church, or service organization.",
73175e,True,True,True,"They capitalized on the natural resources by using the salt to cure fish, which they exported to their home country.",
74078e,True,True,True,"Improvements in architecture, regaining intimate space and scale and all the rest, won't disguise the ugliness of advertising the local bank, Chevy dealer, and chain retailer as a backdrop for baseball.",
25028e,True,True,True,"To help identify solutions to this problem, Senators Fred Thompson and John Glenn, Chairman and Ranking Minority Member, respectively, of the Senate Committee on Governmental Affairs, requested that we study organizations with superior security programs to identify management practices that could benefit federal agencies.",
92609e,True,True,True,"As for Macbeth's great bond , this is a crux over which commentators have argued for years.",
68082e,True,True,True,For W9's exemplary precision in telling us what vocabulary entries and dictionary entries are is offset by its vagueness about which type of entry its PR-wallahs have counted for their blurb.,
36514e,True,True,True,cook and then the next time it would be my turn and i'd try to outdo him and then he'd try to outdo me and we we was really a lot of fun and,
73840c,True,False,True,"Hersheimmer ""WELL,"" said Tuppence, recovering herself, ""it really seems as though it were meant to be."" Carter nodded.",
113781n,False,False,False,"Gifts also support student organizations such as moot court, supply library materials, pay for student research assistants, and make available other necessary resources.",
85968c,False,True,False,"Journalist Charles Rappaport once quipped, I speak ten languages'all of them Yiddish.",
145892n,True,True,True,"Explanation building is the inverse starting with the observations, the evaluator develops a picture of what is happening and why.",
133678e,True,True,True,from grocery store baggers that want to buy my car because it's a Trans Am they're high school seniors seventeen years old and they got to impress their girl friend,
31165n,True,True,True,We will host a reception for Century Club members during the Indiana Dental Association meeting in Indianapolis.,
133761e,True,True,True,"In the new competitive arena'where demand uncertainty and time to market have become important factors along with price'textile firms are being forced to adapt to information-integrated channels, rather than just drawing on the economies of scale that led to their success in the past.",
131461c,True,True,True,"Some 72,000 volcano-zone residents were evacuated at great cost to the French government.",
79130n,True,True,True,"Sure enough, there was the chest, a fine old piece, all studded with brass nails, and full to overflowing with every imaginable type of garment.",
111084e,True,True,True,Pesticide concentrations should not exceed USEPA's Ambient Water Quality chronic criteria values where available.,
84759c,False,False,False,"One day when the wind chill factor was nearing absolute zero, I took shelter in the service club.",
119582n,True,True,True,"The Romans never really infiltrated Ibiza, and even after the defeat of Hannibal in 202 b.c. during the Second Punic War their influence was restrained.",
6035c,True,True,True,"One gets the impression that the editors of L used the good stuff from the W and substituted their own, much better material when they encountered some of the bad stuff.",
118235n,False,False,False,oh really yeah i've i've never seen either one of them,
124642n,False,True,False,"She learns that you can consider possibilities and choose among them, thereby controlling eventual outcomes.",
113193c,True,True,True,of course you could annex Cuba but they wouldn't like that a bit,
46820e,True,True,False,and my and my part-time work you know it's not our the restaurant our favorite restaurant in the town of Salisbury where actually we live you know where my where i'll return to my job or whatever we can normally eat out for um under fourteen dollars,
118257c,False,True,False,"W has illustrations (better than those in the Third Unabridged ); L has none, but it must be noted that other British dictionaries lack them also, so L need not have included them purely for competitive reasons in the main market it is intended to serve.",
4972n,True,True,True,"Finally, turning to her toilet, she rested her face in her hands, and gave a sort of groan.",
131733n,True,True,True,i always wait for the movie i don't have time to read the book,
2870n,True,True,True,"Most menu prices include taxes and a service charge, but it's customary to leave a tip if you were served satisfactorily.",
42718e,True,True,True,"In the mid-1990s, Nordstrom ran newspaper ads promising, for certain products, that if the size or color of an item the customer wished to purchase was not in stock at the store, Nordstrom would locate the desired item and mail it to the customer at no additional cost'both the item and its delivery were free.",
139409e,True,True,True,"Then, all the time, it was in the spill vase in Mrs. Inglethorp's bedroom, under our very noses? I cried.",
67113e,True,True,True,"The seven grants flow from a new Nonprofit Capacity Building program at the foundation, part of a trend among philanthropists to give money to help organizations grow stronger, rather than to the program services they provide.",
376c,True,True,True,"She will first analyze the historical data by separating the causes of past changes in demand into the following (1) trend, (2) seasonality, (3) cyclicality, and (4) random fluctuation.",
101245n,True,False,True,we were lucky in that in one respect in that after she had her stroke she wasn't really you know really much aware of what was going on,
57408c,True,True,True,"After a lifetime of trials, Donna not only earned her GED at Goodwill, she earned a job here.",
42621n,True,True,True,"After the purge of foreigners, only a few stayed on, strictly confined to Dejima Island in Nagasaki Bay.",
80643n,False,True,False,"For instance, when Clinton cited executive privilege as a reason for holding back a memo from FBI Director Louis Freeh criticizing his drug policies, Bob Dole asserted that the president had no basis for refusing to divulge it.",
51994e,True,False,True,"As the children gained perceptual, cognitive, and motor experiences, stimulated intact areas of the cerebral cortex compensated for the early damage.",
102098n,True,True,True,The paper marker identifies each piece in the layout so that the cloth pieces for individual apparel items can be put together after the fabric is cut.,
132898e,True,True,True,Yet these nagging problems do not negate the need for a new approach to inventory management; they merely indicate how complicated supplier relationships have become.,
33407n,False,False,False,"If anyone has a good idea about how to bring back the opinion leaders of yore, I am all for it.",
110637n,False,True,False,"According to one call, they voted on whether to rush the terrorists in an attempt to retake the plane.",
60761c,True,True,True,"If you're not from Charlotte, you're not going to know where that's at, but, um, it was really far away from everybody and behind the airport and stuff like that.",
61240e,True,True,True,"And companies in transformed retail-apparel-textile channels have established a complex web of computer hardware and software, other technologies, and managerial practices that have blurred the traditional boundaries between retailers and suppliers.",
120563n,True,True,True,"A Goodwill staff member addresses a group of welfare You can earn the money to support yourself and your family, she says.",
78532c,True,True,False,"And you said, How do I get this tar off of me uncle?",
125013e,True,False,True,yeah okay yeah those games are fun to watch you you you watch those games,
110036n,False,True,False,but but it is peaceful i mean it is relaxing to do once you find the time to do it,
98469n,True,True,False,Basic products are prime candidates for lean retailing because such a product style remains in a retailer and apparel company's product line over much of the selling season and often over several years.,
105453n,True,True,True,Princes Street is to Scots what Oxford Street is to the English the premier shopping street of the land.,
29791c,True,True,True,"Last year a small number of alumni each contributed between $2,500 and $4,999 to the school.",
131710n,False,True,False,"She kept her most important papers in a purple despatch-case, which we must look through carefully.""",
84304e,True,True,True,"Tillie Olsen identifies silent periods when women are diverted from their work by needs of their families; Spender talks of silence upon silence that has kept women's experience from being encoded; Adrienne Rich, in On Lies, Secrets and Silences , sees women's struggle for self-determination muffled or silenced over and over ; most recently, Sandra Gilbert and Susan Gubar chart women authors' apparent alienation from language, their frequent use of pseudonyms an attempt at renaming or, really, naming themselves.",
97314n,True,True,True,"In June 1984 I moved from Ottawa to Victoria, on Vancouver Island, where I now enjoy genteel retirement.",
141787n,True,True,True,"The most recent hijacking that involved U.S. air traffic controllers, FAA management, and military coordination had occurred in 1993.",
18057n,True,True,True,The heading of the Langley fighters was adjusted to send them to the Baltimore area.,
85345c,True,True,True,"This chapter also describes a new approach to production and sourcing strategies, one that balances traditional and short-cycle production lines.",
53708e,True,True,True,"Because a reduction in the I/S ratio means that changes in sales will be matched by a smaller change in inventories, a lower ratio also implies lower inventory volatility.",
10902c,True,True,True,The recurrent motif of time travel came to the fore in H.G.,
143248c,False,False,True,"The details of what happened on the morning of September 11 are complex, but they play out a simple theme.",
77933c,True,True,True,"That is, businesses commonly contract out any function that can be done by another firm at a lower cost.",
38238e,True,True,True,"It is difficult to place all the blame on Renfrew, for his editor should have noticed the lack of coherence.",
70892c,True,True,True,"By now, you should have received registration materials for the Fall Alumni Dental Conference.",
4905n,True,True,True,"While pretending, Vygotsky explained, children repeatedly face confiicts between the rules of the make-believe situation and what they would do if they could act impulsively, and they usually decide in favor of the rules.",
94464c,True,True,True,"In addition, we supported the creation of a 250-page Poverty Law Manual that introduces advocates to the fundamentals of poverty law.",
15841e,True,True,True,"Not long afterward, senior al Qaeda operatives and trainers traveled to Iran to receive training in explosives.",
16574c,False,True,True,"We had a barn, a dairy farm that was maybe quarter of a mile from the house and uh, Mama say, We need milk.",
105769e,False,False,False,yeah yeah i i went i went off to school wanting to either be a high school algebra teacher or high school French teacher because my two favorite people in the in high school were my algebra teacher and French teacher and uh and i was going to do that until the end of our sophomore year when we wanted uh we came time to sign up for majors and i had taken chemistry for the first time that year and surprised myself i did well in it,
91539e,True,True,True,"The history, culture, and body of beliefs from which Bin Ladin has shaped and spread his message are largely unknown to many Americans.",
37715c,True,True,True,"If the company makes money on the policy, other insurers are expected to follow.",
137040e,True,False,True,We look forward to receiving comments from the readers of this paper.,
14832c,True,True,True,Somewhere in VA Marsha sees a billboard for this restaurant to eat at.,
74320e,True,True,True,"At 7:15, a pair of them, Khalid al Mihdhar and Majed Moqed, checked in at the American Airlines ticket counter for Flight 77, bound for Los Angeles.",
107769n,True,True,False,"The user is offered a choice with man- a a tiger or other animal that has acquired the habit of eating a woman given to chasing, catching and devouring men.",
132029c,True,True,False,That analysis is guided by an economist's faith in the maxim that people are generally pretty good at looking out for their own interests.,
3270n,True,True,True,"One common way of measuring inventory is to calculate the I/S ratio'that is, the ratio of total finished good inventories to total sales.",
94011e,True,True,True,The doctor accepted quite readily the theory that Mrs. Vandemeyer had accidentally taken an overdose of chloral.,
77165c,True,True,True,okay movies i've i haven't seen too many lately i have kids and we went and saw The Rescuers Down Under over the the break do do you have kids you take to movies or,
1773n,True,True,False,He and his associates weren't operating at the level of metaphor.,
25547c,True,True,True,"Indeed, Hannah's tale suggests that young children denied these supports can still profit from them later, if such supports are available and they have the fortitude to capitalize on them.",
110583n,False,False,False,"Over the last ten years, VNS has delivered over $1 million worth of free services to the citizens of Central Indiana.",
2552e,True,True,True,"And frankly, the number seems a tad low to me.",
70166c,True,True,True,"In fact, a production line is probably never in perfect balance.",
12438n,True,True,True,and it just depends on how bad that person is,
113073c,True,True,True,"Right now, there are thousands of people who do not know what it feels like to support themselves.",
120345c,True,True,True,and you fry them with garlic and a little bit of couple dashes of hot pepper,
138764c,True,True,True,"The costs associated with demand uncertainty, which were previously connected primarily with fashion products'that is, the problem of selling a highly perishable item'have grown enormously for apparel retailers.",
96004n,True,True,True,"Look here, you've been asking me a lot of questions.",
96279c,True,True,True,"Czarek was welcomed enthusiastically, even though the poultry brotherhood was paying a lot of sudden attention to the newcomers - a strong group of young and talented managers from an egzemo-exotic chicken farm in Fodder Band nearby Podunkowice.",
75775e,True,True,True,i don't know how what it would take to be come up with a true perfect system or if one exists but,
127894n,False,False,False,Boston Center immediately advised the New England Region that it was going to stop all departures at airports under its control.,
95103e,True,True,True,NEADS decided to keep the Otis fighters over New York.,
89c,True,True,True,"Consider the following conversation between Mel and his 4-year-old son, Ben, as the pair took a summer-evening walk on a California beach near their home.",
21297c,True,True,True,He was crying like his mother had just walloped him.,
1771e,True,True,True,"Sun Ra's spaceships did not come, as it were, out of nowhere.",
143149n,True,False,True,"Within seconds, the Command Center received a visual report from another aircraft, and informed headquarters that the aircraft was 20 miles northwest of Johnstown.",
7099e,True,False,True,"As a result, they do not have to be preoccupied with those needs and, instead, can turn their attention outward, toward acquiring physical, cognitive, and social skills.",
25437n,True,True,True,"Well, we will come in and interview the brave Dorcas."" Dorcas was standing in the boudoir, her hands folded in front of her, and her grey hair rose in stiff waves under her white cap.",
125470n,True,True,True,"Steps are initiated to allow program board membership to reflect the clienteligible community and include representatives from the funding community, corporations and other partners.",
143095c,True,True,True,Five minutes later she smiled contentedly at her reflection in the glass.,
73200e,True,True,True,Or the flight attendants may just have been in their way.,
93778n,True,False,False,"Because of this, most expensive automation equipment is concentrated in preassembly, drawing on multi-shift operations.",
124704c,True,True,True,"In August 1996, Bin Ladin had issued his own self-styled fatwa calling on Muslims to drive American soldiers out of Saudi Arabia.",
5588n,True,True,True,Accusations of corruption among officials in Rao's administration in 1995 also paved the way for a comeback.,
123523n,False,False,True,The thin plastic sheet effectively cuts off the flow of room air through the fabric.,
39449c,False,True,True,"In the Roman Catholic Church, for example, women can function as acolytes (one of the minor orders of the diaconate) but may not be officially installed as acolytes.",
52205n,False,False,False,Perhaps Aman will sharpen his perspective and techniques and institute such interviews as a regular feature of Maledicta .,
55769e,True,True,True,"Um, I guess the only story that they ever say a lot about my grandmother was the fact that she did not like my mom when uh my father and she first got together.",
23982e,True,False,True,And I think that brings a smile to God's face.,
101242e,False,False,False,"In addition, Saracens invaded the Provencal coast from North Africa, and Magyar armies attacked Lor?­raine and Bur?­gun?­dy.",
71527n,False,False,False,"But it is patently ridiculous to refer to someone whose sex is known as a chairperson . Chair should be reserved for the office of the chairperson, not the person holding the office.",
96448n,True,True,True,"Once they know their Social Security benefits promised under current law, workers can calculate how much they can expect from employer-sponsored pension plans and how much they need to save on their own for retirement.",
23762e,True,True,True,The aggregate effect on the amount of federal government saving is what affects the level of national saving and economic growth.,
16945e,True,True,True,"Unrest and some political extremism have surfaced from time to time, but since aid from France is so vital, and French customs so ingrained, it seems almost inconceivable that the FWI will seek total independence as other Caribbean islands have done.",
40440n,True,True,True,Small towns like Louisian lay scattered all over the Oil Fields; the main train line branched between them.,
66689n,True,True,True,"OMB issued the guidance in Memorandum M0010, dated April 25, 2000.",
21420c,False,True,True,then there's that uh let's see i like the Lakers Milwaukee Atlanta Hawks i like them too,
52870e,True,True,True,"Too many families have separate adult-child living areas, each equipped with its own TV and other leisure pursuits so that parent-child dialogues seldom take place.",
127710e,True,True,True,Please join with us to see that happy endings do continue.,
19403c,True,True,True,"In the apt description of one witness, It drops below the radar screen and it's just continually hovering in your imagination; you don't know where it is or what happens to it.",
95843c,False,False,False,The optimal policy is one for which marginal increases or decreases in chosen inventory levels will not confer additional profits.,
131841n,False,False,False,"Though Turabi had been its inspirational leader, General Omar al Bashir, president since 1989, had never been entirely under his thumb.",
51351c,True,True,True,They may at least begin to suggest the considerable language barrier between my hosts and me.,
17576n,True,True,False,The percent of total cost for each function included in the model and cost elasticity (with respect to volume) are shown in Table 1.,
5565e,True,True,True,"It doesn't seem expensive--they use it in Bangladesh, after all.",
60732c,True,True,False,"It started with The Wild Bunch : We sexualized violence, we made it beautiful.",
100231c,False,False,False,17 An alternative to unaddressed mail would be to auction off the right to be a third bundle on specific days in specific post offices.,
139966c,True,True,True,"All the hijackers had assigned seats in first class, and they seem to have used them.",
39496c,True,True,True,"Further, there is no universally accepted way to transliterate Arabic words and names into English.",
102412n,True,True,True,The correct translation is the Yueh (or Viet) of the south (as opposed to the Yueh who used to be just beyond present-day Shanghai).,
96125n,True,True,True,"If you are keen to learn Israeli folk dancing, the Bicurei Ha'etim Cellar in Heftman Street will teach you.",
70260n,True,True,True,Always check with drivers and hotel employees to determine if road conditions are good before you depart.,
93354e,True,True,True,because i always had to do it and so i just pay someone else to do it and they do the they do the cutting they fertilize they um edge and um i think this year i'm going to have some landscaping put in,
55090e,False,True,True,"In many other places, the ancient sites lay buried'and still do'beneath modern modern property owners quite understandably take a dim view of tearing down their buildings on the off chance that the remnants of an ancient town will be found several yards below.",
95172c,True,True,True,um yeah that sounds kind of neat uh is location at all important to you like you know how far it is from your house or whatever,
145127c,True,True,True,"What you say about Lawrence is a great surprise to me, I said.",
47798e,True,True,True,"On the west side of the square is Old King's House (built in 1762), which was the official residence of the British governor; it was here that the proclamation of emancipation was issued in 1838.",
130003n,False,False,False,"I think uh-oh 200 pounds of mush going to be laying on the floor, I'll never get him up you know.",
55503n,True,True,True,"Finally, as children participate in narratives and listen to those of others, they acquire culturally accepted ways for negotiating clashing viewpoints.",
72553c,True,True,True,"The emergency call lasted approximately 25 minutes, as Ong calmly and professionally relayed information about events taking place aboard the airplane to authorities on the ground.",
4082n,True,True,True,"Helms, who will be 81 when his fifth term ends, is increasingly frail.",
67698e,True,True,True,"Although new work practices are evolving in the apparel industry, many workers still specialize in one operation or at most two.",
45741e,True,True,True,To reach Old Cairo take the Nile River Bus from the jetty near the Ramses Hilton hotel; it will drop you at the terminus of Masr El-Qadeema; or take the Cairo metro line 1 to Mari Girgis Station.,
132413c,True,True,False,"But in all probability the girl will have entirely forgotten the intervening period, and will take up life where she left off at the sinking of the Lusitania.""",
115179c,True,True,True,The computer can watercolor the sketch and produce the storyboard for presentation.,
1698c,True,False,False,"I was under the impression it was based on Webster's Ninth Collegiate Dictionary , and indeed it was; but there are so many improvements and changes that the absence both of a Longman copyright notice and of any identification of a specific editorial director are a bit mysterious.",
128518e,True,True,True,"As shown in the cases studied in Chapter 7, production-cycle time and inventory carrying costs are two crucial parameters in making rapid replenishment sourcing decisions.",
112374e,True,True,True,"Thus, while the fighter pilots under NORAD direction who had scrambled out of Langley never received any type of engagement order, the Andrews pilots were operating weapons free-a permissive rule of engagement.",
6890c,True,True,True,"I can't think of anything, but it's been nice chatting with you.",
98175c,True,True,True,finding an interesting shell on the beach ( Looks like Mom's shiny necklace.,
125173c,True,True,False,I was old enough at the time that I knew what was going on.,
107693n,True,True,True,It means that they gather and interpret their material fairly and argue about its interpretations rationally.,
64868c,True,True,True,"Its overall influence is profound but undiscussed, although aspects of that influence are discussed constantly, under headings like language, education, standards, literacy, literature, science, and medicine.",
133842c,True,True,True,to uh working a steady eight hour job as it were i had been working for a camp and had relatively real long hours sixteen years old and could handle getting up at five and not getting to bed until ten or eleven and,
11736e,True,True,True,"And, uh, I assume, um, that English is your native language.",
112503n,True,True,True,"Is there anything specific that, uh, you remember about your grandma?",
97926e,True,True,True,"General Motors, for instance, lost $460 million to strikes in 1997, but investors treated the costs as a kind of extraordinary charge and valued the company as if the losses had never happened.",
142817e,True,True,True,"Thus, in modern parlance, when a person goes off half cocked (or at half cock ), he or she is not in control of the situation.",
436e,False,True,False,"(This, remember, was in my youth, and it was a time when typographical errors were called typographical errors, not typos'at least by kids in junior high.)",
53566n,True,True,False,"Wells's The Time Machine (1895), considered by some the first work of true SF.",
62625e,True,True,True,Such a short-cycle production system adds to the cost of customized apparel.,
61600e,True,True,True,Yet the train trip across the country she will take at age 3 1/2 and her first day of kindergarten at age 5 may still be memorable when she is 80.,
70499n,False,False,False,"Having served thousands, the .dba is recognized as one of the nation's largest and leading authorities on the self-employment of people with disabilities.",
126106n,True,True,False,"In the succeeding minutes, controllers were attempting to ascertain the altitude of the southbound flight.",
101987n,True,True,True,"Instead, he underscores that children are avid, active learners, but adults must cultivate their drive toward mastery.",
55658c,True,True,True,see now in a situation like that the boys are only sixteen years old and they were sexually involved with her and i think like at that particular point she was twenty three you know so she wasn't really that much older than them and being a boy at that age i think that they're very um you know let's face it that's at a point in your life when you you're just starting to realize all the things of life,
82142c,True,True,True,"To avoid New York area air traffic and uncertain about what to do, the fighters were brought down to military airspace to hold as needed.",
23114c,True,True,True,And environmentalists have on occasion attacked religion for promoting human domination over the natural world.,
21152c,True,True,True,"The University of Nevada-Las Vegas boasts a student population over 23,000 (though, like most of the people in Las Vegas, they are commuters).",
75658e,True,True,True,"In this period, a number of key technological changes sewing machines that made many more stitches a minute, long knives instead of shears for cutting, and pressing machines.",
15633e,True,True,True,The order must be broken down into groups of units to be worked on together.,
86008c,True,True,True,"But you might as well see for yourself if you don't believe me. The note, in Tuppence's well-known schoolboy writing, ran as follows: ""DEAR JULIUS, ""It's always better to have things in black and white.",
79436e,True,True,True,"LSC set a deadline of October 1, 1998, for submission of state planning reports.",
86723e,True,True,True,"Even as more people are accumulating balances through employer-sponsored 401(k) saving plans and individual retirement accounts, personal saving-which does not reflect gains on existing assets-has declined.",
4795e,True,True,True,"We saw a whole new model develop - a holistic approach to lawyering, one-stop shopping, she said.",
68144c,True,True,True,"We are pleased to tell you of a very exciting development with the fund, which has reached a market value of $750,000.",
40856n,True,True,True,On the Use of Generalized Additive Models in Time-Series Studies of Air Pollution and Health.,
129980e,True,True,True,uh uh yeah that well um the older you get the more convenience you try to bring with you i guess so i'm up to dragging the trailer around which is my next step is going to be probably Winnebago i hope if i only can afford one but that,
23082c,True,True,True,Michael B. Wachter of the University of Pennsylvania and his colleagues conclude that there is a wage and fringe benefit premium for the postal bargaining labor force of 29.,
17935c,True,True,True,An Army special force launched a raid on Mogadishu to capture him.,
106431c,True,True,True,"Maybe in that sense, the behavior of the Pippens and Iversons of the world is defensible.",
70394e,True,True,True,"The IUPUI Challenger Scholars are chosen from among outstanding students in the humanities, sciences, technologies and education who have chosen to pursue careers in teaching, at any level.",
88962c,True,True,True,"A Treasury of the World's Great Letters , Simon and Schuster, N.Y., 1940) in which he relates how he sends his native boy up a palm tree, where he cuts off a couple of vast nuts.",
131279c,True,True,True,It places a high value on success with such things.,
122299n,False,False,False,"When tired, Sophie's teddy bear and leprechaun don't stay up late doing just as they please.",
146129e,True,True,True,"If you still want to join, it might be worked.",
25431c,True,False,True,J. C. Penney built an internal data communications network well in advance of its use with suppliers.,
118314n,True,True,True,"If you want to keep on, that's fine, but, so much time!",
32432e,True,True,True,The law school is limited in these recessionary times because it's impractical to raise tuition significantly to gain the difference from lost state appropriations.,
113644c,True,False,False,so do you have do you have the long i guess not not if there's see i was raised in New York but i guess up there you all don't have too long of a growing season do you,
138434e,True,True,True,So now I'm going to run three pools over the summer.,
73045e,True,True,True,Blair has just published a volume of speeches and articles titled New Britain : My,
2920n,True,True,True,Many controllers work at the FAA's 22 Air Route Traffic Control Centers.,
61023c,False,True,True,it's actually there well Iraq has had uh designs on that place since nineteen twenty two so you know it wasn't like something that just suddenly popped up,
115206e,True,True,True,The Challenger Scholars Program attempts in a small way to address this crisis by encouraging bright and dedicated students with a desire to extend their knowledge into the classroom as teachers to continue in that career path.,
118246c,True,True,True,um something that i i think that i've noticed that i i have a friend i think if you're going into like uh law or medicine a very particular very specific field even even engineering you can get you can meet a lot of the requirements at a public um institution,
256c,True,True,True,"Land of Lincoln helped Tasha Johnson of Marion get Social Security benefits to support her four children after the 29-year-old woman was diagnosed with non-Hodgkin's lymphoma, a type of cancer, she said.",
110387n,True,True,True,"Zoom-out vs. zoom- Ever since Roe , pro-life posters and pamphlets have depicted isolated fetuses.",
24466c,True,True,True,Um we always tended to stop somewhere scenic either going to or coming from.,
107779n,True,True,True,"Actually my first semester at Charlotte, I was a Pre-Business major to go into Marketing and Advertising, because I did that in high school, too.",
89422n,False,False,False,"Straightened out for a while, Humayun came back in 1555 with his Persian army to recapture the Punjab, Delhi, and Agra, but the next year his opium habit caused his death (see page 64).",
86457e,True,True,True,He thought the biggest barrier was how to change the culture in the ED so that staff would ask screening questions.,
28232e,True,True,True,"We would all slide the windows down on the bus open the door, stick your head out the door, you couldn't hear anything coming that way, you couldn't hear anything coming the other way, and he'd just drop it in low and gun it, we would make it another morning.",
86507n,True,True,True,you sound like this girl that i talked to about books and we got into movies one night,
73951n,True,True,True,"It was led by Ali Mohamed, a former Egyptian army officer who had moved to the United States in the mid-1980s, enlisted in the U.S.",
114987e,True,True,True,"Last year, Arafat cracked down on Hamas after a string of bombings in Tel Aviv and Jerusalem, arresting more than 1,200 suspected terrorists, destroying Hamas safe houses, and confiscating its weapons caches.",
45306e,True,True,True,"Each caters to a specific crowd, so hunt around until you find the one right for you.",
10716e,True,True,True,"Or the virtual impossibility of finding a quiet place to study or even think, so that the children can cope in school and one day have a chance of achieving something better?",
90120c,True,True,True,you know and he he was talking about that he was talking about nobody went broke over paying thirty percent,
31113c,True,False,True,"One wag, J., wrote in to ask, Is there a difference between pests and airlines?",
138841n,True,True,True,"Massive tidal waves swept over Crete, and other parts of the Mediterranean, smashing buildings and drowning many thousands of people.",
73444n,False,False,True,well they're so close to an undefeated undefeated season they can taste it and they wanna make history so i don't think they're gonna lack for motivation,
73235e,True,True,True,It hopes to bring on another 25 or 35 people when the new building opens next fall.,
21834n,True,True,True,But the world is not run for the edification of tourists.,
31091n,True,True,True,uh it's in Georgia it's yeah it's right outside of Macon and and it's just a i like the way that i like the way that idea of the south is,
405n,True,True,False,"Jon replaced Susan's cloak with a white robe and a head scarf, also quite dirty.",
115600n,True,True,True,"From 1998 through 2000, the federal government achieved surpluses, shifting from being a drain on net national saving to become a contributor to it.",
142961c,True,True,True,We believe this is the same call in which the Vice President urged the President not to return to Washington.,
32754n,False,False,False,"After shuttering the DOE, Clinton could depict himself as a crusader against waste and bureaucracy who succeeded where even Reagan failed.",
111432e,True,True,True,"Cobuild and CED are far from being such polar opposites, but they exemplify this general point.",
128510c,True,True,False,"The threat of Soviet bombers diminished significantly as the Cold War ended, and the number of NORAD alert sites was reduced from its Cold War high of 26.",
127410n,True,False,False,"In this case, shareholders can pay twice for the sins of others.",
120955c,True,True,True,Another thing those early French and Dutch settlers agreed upon was that their island should be free of levies on any imported goods.,
13194e,True,True,True,"Anyway, the studio itself was kind a dingy, it wasn't very professional.",
32583e,True,True,True,yeah i it just totally ridiculous i mean the Israeli's could have fixed the whole problem years ago if they just sent sent their guys in there and killed Saddam,
109915n,False,False,False,"My bottom line is that I would recommend the book to students and colleagues and I hope it does well, despite its anti-intellectual p.c.",
40263e,True,True,True,The Annual Appeal is one of two Girl Scout initiatives you will hear about in 1996.,
7667c,True,True,True,and you back in you know and or just pull into your spot and uh some you can rent by the year some you can rent daily or nightly or by the week or whatever,
71725e,True,True,True,"Increased rates of product introduction, product proliferation, and shortened product cycles mean that companies have to respond much faster to rapidly changing markets.",
39681c,True,True,True,"He spoke of the suffering of the Iraqi people as a result of sanctions imposed after the Gulf War, and he protested U.S. support of Israel.",
37034e,True,True,True,yeah uh yeah absolutely and the credit union has nine percent interest so yeah so that's,
77899n,True,True,True,"As we prepare for all the events this fall, we are also looking into the future with the preparations for a new facility for the professional art school, administrative offices, faculty studios, a library and a contemporary gallery.",
2921n,False,False,False,FAA headquarters is ultimately responsible for the management of the National Airspace System.,
79346n,True,True,True,Our work has also shown that agencies can do a better job of providing incentives to encourage employees to improve performance and achieve results.,
19402c,True,True,True,"Eventually, the shelter received word that the alleged hijacker 5 miles away had been a medevac helicopter.",
120059e,True,True,True,"Component modularization and prefabrication off-site can reduce the amount of time cranes are needed on a site, as well as provide opportunities to reduce project schedules and construction costs and to concentrate jobs locally at the prefabrication facility.",
12670n,True,True,True,A profile crowns Chris Rock The Funniest Man in America.,
126211e,True,True,True,"By investing in the community through this partnership, you can help more than 220,000 people in central Indiana next year.",
118130c,True,True,True,"18 In 1989, rural carriers received an average of 34 cents per mile as a motor vehicle allowance.",
110388n,False,False,False,Pro-choicers point out that these close-up images literally cut the fetus's context--the woman--out of the picture.,
100349n,True,True,True,He touched it and felt his skin swelling and growing hot.,
119694n,False,True,True,"In sociocultural theory, this joint, mutual focus is called intersubjectivity, or shared understanding.",
135182e,False,False,False,"Behind the cathedral, croseover the Rue de la R??publique to the 15th-century Eglise Saint-Maclou, the richest example of Flam?­boy?­ant Gothic in the country.",
142320c,True,True,True,"We provide free counseling and support services to them through our office in Birmingham, and we have camping and adventure services for them here on our Lake Martin Campus.",
132162n,True,True,True,"Mitch, in contrast, scores low on fearful distress and high on positive mood.",
34212n,False,True,False,"Between 8:25 and 8:32, in accordance with the FAA protocol, Boston Center managers started notifying their chain of command that American 11 had been hijacked.",
51489e,True,True,True,and uh i'm originally from Virginia and uh and my memories of summer have always been that stifling humidity,
133456e,True,True,True,"This tax preference allows state and local governments to borrow at lower rates to build highways, schools, mass transit facilities, and water systems.",
87800e,True,True,True,"Their rulers introduced Buddhist and Hindu culture, Brahmin ministers to govern, and an elaborate court ritual.",
88861e,True,True,True,"She was taken to the infirmary, and on recovering consciousness gave her name as Jane Finn.",
24929e,True,True,True,Chapter 1 provides general background information on emission control technologies.,
36320e,True,True,True,"He sat a short distance from them, his eyes on Jon.",
53304n,False,True,True,"Children can become competent readers and writers without being trained, pushed, or goaded into literacy learning in early childhood.",
71747e,True,True,True,"For their part, family-planning organizations and the Clinton administration seem equally adamant.",
144307n,True,True,True,yeah plus uh you know look at the you know the besides the pollution the the aspect of invasion of privacy there's a big pollution aspect too i find i throw out a lot of those flyers and i have no interest in,
113683e,True,True,True,"Madam Regent attended church and the mission schools (which you can still visit in Honolulu) and burned images of the old Hawaiian gods, while Kamehameha II entertained lavishly in the company of his wives.",
45917c,True,True,True,Low-cost labor overseas and the increasing penetration of imports have certainly undercut American apparel manufacturers; apparel imports grew rapidly in most categories starting in the mid-1970s.,
145683n,True,True,True,"In colonial days, housewives typically did spinning, weaving, and tailoring for the family.",
57826n,False,False,False,"The soldier in charge would command, after each firing, that the rank on the scaffold step down and be replaced by the rank that had just reloaded, thus alternating ranks and sustaining the rifle fire.",
138237n,True,True,True,"Indeed, 58 percent of Columbia/HCA's beds lie empty, compared with 35 percent of nonprofit beds.",
85489n,True,True,True,"At 9:44, NORAD briefed the conference on the possible hijacking of Delta 1989.",
33025c,True,True,True,"Partnership with YMCA of Liberia - In 1998, we continued our efforts to help the YMCA of Liberia re-establish after 7 years of civil war.",
33966c,True,True,True,it would probably be a lot more work and probably not turn out as good,
25833c,True,True,True,"Diamonds are graded from D to X, with only D, E, and F considered good, D being colorless or river white, J slightly tinted, Q light yellow, and S to X yellow.",
162c,True,True,True,"About this same time Sweeney reported to Woodward, Something is wrong.",
75610c,True,True,True,"At the same time or shortly thereafter, Atta-the only terrorist on board trained to fly a jet-would have moved to the cockpit from his business-class seat, possibly accompanied by Omari.",
95307c,True,False,True,She might add that there is a 50 percent probability that demand will fall between six and thirteen units.,
78765e,False,False,True,"It is far less than is available at most law schools including Bloomington spent $279,000 for scholarships during the same time period!",
29823e,True,True,True,"From there, take the road that heads back to the coast and Es Pujols, Formentera's premier resort village.",
128271n,False,False,False,Men's clothing has generally been made in long production runs with only small variations among styles in a given year and relatively little change from year to year.,
74447c,False,True,False,Lifetime Extension of SCR De-NOx Catalysts Using SCR-Tech's High Efficiency Ultrasonic Regeneration Process,
45652n,True,False,True,The Collins COBUILD English Language Dictionary of 1987 ( Cobuild ) boasts xxiv plus 1703 pages.,
76958e,True,True,True,i'm on i'm in the Plano school system and living in Richardson and there is a real dichotomy in terms of educational and economic background of the kids that are going to be attending this school,
126688e,True,True,True,"Thanks to our Big Sisters volunteers, these young people are self-confident, believe in themselves and are beginning to realize their full potential.",
68755c,True,True,True,"But another aircraft was heading toward Washington, an aircraft about which NORAD had heard United 93.",
117752n,True,True,True,"Missouri was asked to continue its planning efforts and file a supplemental planning report with LSC on or before October 1, 1999.",
132269n,True,True,True,"Yet most understand its great potential, even if they openly admit they don't have all the answers.",
42239e,True,True,True,"But when the cushion is spent in a year or two, or when the next recession arrives, the disintermediating voters will find themselves playing the roles of budget analysts and tax wonks.",
64295e,True,True,True,And welfare reform is an uncertain solution with an unknown starting date.,
91070c,True,True,True,right yeah that's it's always handy to have that that credit card for whatever it is that you might need it for,
132149n,False,True,False,"At the conclusion of this vast exercise, done without the aid of computers, there emerged a pattern of familial relationships that linked together languages spoken, in earlier times, from Britain as far east as Chinese Turkestan and from India as far north as Lappland.",
65099c,True,True,True,"We uh, we would run our safety drills at the elementary school.",
9984n,False,False,False,"A conventional siege was useless against such a seemingly impregnable rock, however, and with so much food and water the Zealots could not be starved into submission.",
91797n,True,True,True,We know they will have to come from the south but that gives them a space as wide as the town in which to launch their attack.,
53850e,True,True,True,"At 8:34, the Boston Center controller received a third transmission from American 11:",
5329e,True,True,True,1) FBI intelligence files indicate that Democratic fund-raiser Maria Hsia has been a Chinese agent.,
91676e,True,True,True,and and so you know like every other day or or so they have like movies for a dollar Sometimes they're even free i think uh they showed uh Chima Para Diso free,
112402n,True,True,True,"Although the accounting and reporting model needs to be updated, in my view, the current attest and assurance model is also out of date.",
55727e,True,True,True,"It does appear now, however, in dictionaries and the English-language media.",
5705n,False,True,False,"But some very clever comparative linguists, beginning in Germany in the 19th century, theorized about how the nature of the ancestors of the more modern tongues.",
120216e,True,True,True,IDAs are special in that low-income savers receive matching funds from federal and state governments as well as private sector organizations as an incentive to save.,
14264c,True,True,True,that's cool kind of like Pink Floyd or something uh yeah basketball's cool but football kind of after a while,
66284n,True,True,True,"They need real-time information regarding what goods their plants have in finished, work-in-process, and material inventories.",
55328n,False,False,False,"Although it ceased to be a political capital in 1707 (when Scotland joined with England to create the United Kingdom), Edinburgh was at the forefront of intellectual debate.",
26299c,True,True,True,"Restored in 1967, the beautiful exterior is complemented by the fine period furniture housed inside.",
14662e,True,True,False,"Three months later, when interviewed in Afghanistan by ABC-TV, Bin Ladin enlarged on these themes.",
90219n,True,False,False,"The 2000 census showed Illinois with about 35,000 fewer people who are eligible for LSC services because of low income, about $22,000 a year for a family of four, Kleiman said.",
120113e,True,False,True,"In The Bride of Lammermoor (Chapter V), we are informed that the heroine placed certain restrictions on their intercourse, a limitation that might have been more usefully set in that same author's Rob Roy (Chapter VII) where we are told of the chance that the narrator and Miss Vernon might be thrown into very close and frequent intercourse.",
61597c,True,True,True,"Nine months earlier (before the child could talk), the family had taken the same walk.",
135744n,True,True,True,A valuable seven-week course called COPES [Community Orientation for Expatriate Spouses] introduces the non-employed spouse to day-to-day life and opportunities in central Indiana.,
8562e,True,True,True,"They, too, can read and write, of course, but their solecisms, barbarisms, and vulgarisms call for rebuke, and what better rebuke than to treat them as if they did not belong at all'to condemn them figuratively to the outer darkness of the unlettered?",
18953n,False,False,False,"While writers whose business it is to be witty often fail to produce, grave authors occasionally are mirthful when laughter is farthest from their minds.",
26374e,True,False,True,Radar reconstructions performed after 9/11 reveal that FAA radar equipment tracked the flight from the moment its transponder was turned off at 8:56.,
145913n,True,False,True,The Office of Information and Regulatory Affairs of OMB approved the,
123074c,False,True,True,"Indeed, it is not clear to us that the video teleconference was fully under way before 9:37, when the Pentagon was struck.",
139723e,True,True,True,"Rosy, too, had seen the tune as Muskrat, Muskat , and Muscat . I asked him what he thought the original title was.",
2756c,True,True,True,"However, the excitement and motivation of that goal is often diminished by the difficult financial constraints that students experience.",
31311e,True,True,True,Thank you for your past help and your continued support.,
8652n,True,True,True,oh older ones too i know a few of those,
91561e,True,True,True,Please call Sharyl Hamblen at 921-2049 or Kim Gattle at 921-2056 if you have any questions.,
140626c,True,True,True,"The passengers continued their assault and at 10:02:23, a hijacker said, Pull it down!",
3839e,False,True,True,"There are slave irons, traditional island costumes, and an interesting French map of 1778 showing the theatre de la guerre (theater of war) between the Americans and the British.",
5540e,True,True,True,"There is another option called, SUGGEST, which, if invoked, lists up to seven or eight words that you might have had in mind when you wrote the one that offended the machine, and this brings me to the point of this article.",
123585c,True,True,True,he was he's of course uh i guess he's trained in this uh martial arts of some sort but the plot was bland the acting was bland It was just mostly centered upon his abilities to,
53468c,False,False,False,"But is the Internet so miraculous an advertising vehicle that Gross will be able to siphon off $400 per person from total ad spending of $1,000 per family--or persuade advertisers to spend an additional $400 to reach each of his customers?",
49894c,True,True,True,and not only is it you know trouble to have to drive but it takes time away from your home and your family when you're out driving,
106664e,True,True,True,Your contribution to Goodwill will mean more than you may know.,
41391e,True,True,True,GAO also issued over 160 reports detailing specific findings and made over 100 recommendations to agencies and to the President's Council on Year 2000 Conversion for improving the government's readiness.,
113060c,True,True,True,I hope that our common interests will lead us to a consensus - one that will provide the country with significant benefits.,
115316e,True,True,True,"Named after the city gentleman and infamous burglar, it is one of the best-known pubs in the city.",
62737c,False,False,False,"7) Nonautomated First-Class and Standard-A mailers have the option of requesting that their mail be processed manually, even though the costs for such processing are substantially higher than mechanized processing.",
8713e,True,True,True,This data is used to model the behavior of access costs.,
127152e,True,True,True,Those accounts had the effect of deflecting questions about the military's capacity to obtain timely and accurate information from its own sources.,
105412n,True,True,True,"Between 9:34 and 9:38, the Cleveland controller observed United 93 climbing to 40,700 feet and immediately moved several aircraft out its way.",
44957e,True,True,True,Postal Service data to define the relationship between costs and cost drivers.,
37600c,True,True,True,"It is true that textiles firms still sell to apparel-makers, which in turn sell to retailers, which ultimately sell to consumers.",
99708n,True,True,True,It was made up to look as much like an old-fashioned steam train as possible.,
123206c,True,True,True,"Indiana residents (4,400 of our 5,980 alumni) may also take advantage of the Indiana Tax Credit (Form CC-40).",
68377e,True,True,True,"The staff member has mentioned several times to Becky that she should take the art home, but Becky doesn't want to; she wants the staff person to have it.",
55619n,True,True,True,"We are privately funded by thousands of individuals, clubs, businesses, churches, foundations -and others.",
85387c,True,True,True,"In any event, it is hard to discern, from the arch style affected in an attempt to make dull facts interesting, just what is the origin of sow one's wild oats . In many entries, Claiborne labors the obvious, offering little or nothing we do not already know, could easily imagine, or for which the author offers no explanation.",
111656c,True,True,True,"This fund has given us, the members of the Indiana Dental Association, the opportunity to make a direct investment in the quality of dental education in our state.",
135255c,True,True,True,"The message, again, that I get from the story, for me personally, was that there would always be a special connection between me and God, and actually was just another of the ways my grandmother put for me to learn, or believe, that I could do anything, I could be anything, because I had a special connection and special protection, um, from not only her, which was more important for me at the time.",
9644n,False,False,False,"That war, like others, produced disgruntled veterans and those more adventurous or more restless after military service.",
17850n,True,True,True,"As you begin that process this year, I would like to ask you to consider helping young people in Marion County toward more positive youth development by becoming a supporter of the Marion County Commission on Youth, Inc.",
132936c,False,False,False,"This one-at-a-time, uncoordinated series of regulatory requirements for the power industry is not the optimal approach for the environment, the power generation sector, or American consumers.",
122813n,False,True,True,"Yet once their children are beyond their grasp, they are hardly o the hook!",
115593n,True,True,True,"In addition, Dublin Tourism has devised and signposted three self-guided walking tours of the city, which you can follow using the booklets provided.",
13192e,True,True,True,"From there that was kind of frustrating me a little bit, going into, um, sessions every day or every night and having 15 people around me smoking fat blunts, drinking forties of Old English, and really not getting a whole lot of stuff done that was, it was, it was just depressing.",
15771c,True,True,True,or just get out and walk uh or even jog a little although i don't do that regularly but Washington's a great place to do that,
64346e,True,True,True,"At 8:21, American 11 turned off its transponder, immediately degrading the information available about the aircraft.",
88528e,True,True,True,The Department of Labor's interim rule is adopted pursuant to the authority contained in Section 707 of the Employee Retirement Income Security Act (Pub.,
76189c,True,True,True,The fine weave and pattern are typical of a Scottish weaver's attention to detail.,
73755c,True,True,True,and see the thing is you know he go out and he'll spend it when he wants you know and uh uh i'm afraid to i'm afraid to use that credit card,
101470n,False,False,True,"Yet, in the mouths of the white townsfolk of Salisbury, N.C., it sounds convincing.",
140630e,True,True,True,The airplane headed down; the control wheel was turned hard to the right.,
66035c,True,True,True,"Three minutes later, Sweeney was reconnected to the office and began relaying updates to the manager, Michael Woodward.",
104755e,True,True,True,You can also view a Roman Nileometer carved in the rock which measured the height of the river and helped the ancient priests to time the announcement of the Nile flood that initiated a movement of workers from the fields to community projects such as temple building.,
101954e,True,True,True,A federal employment training program can report on the number of participants.,
75655c,False,True,True,Load time is divided into elemental and coverage related load time.,
88996c,False,False,False,"After all, what can one do with a language like English except come up with things like A SLUT NIXES SEX IN TULSA or I MAIM MAIMI?",
84517e,True,True,True,yeah TI people yeah and so i just figured no it's just this area you know,
103989c,True,True,True,"As you know, this is an extraordinary year for council fund raising.",
144464c,True,True,True,"He dia, diagnosed me as having acute leukemia and um, this was when I lived back in Raleigh.",
84128c,True,True,True,The agency also receives a percentage of money from the Interest On Lawyers' Trust Accounts.,
4050c,True,True,True,"The national mood is stressed on the octagonal spire of the University's Rajabai Clocktower, with 24 figures representing the castes of the Maharashtra State, of which Mumbai is the capital.",
54822n,False,False,False,"Twenty-eight grants targeted statewide web sites, which encompass not only all of the LSC programs in a state, but other state justice community partners.",
121117e,False,False,False,A men's trousers manufacturer in the early 1990s invested in modular production in some of its lines to reduce throughput times.,
120166n,True,True,True,yeah yeah yeah well because that's the way they they might seem outwardly but boy there's a lots going on in there,
66650e,True,True,True,The relatively small crowds mean that fans sit close to the action.,
88050c,True,True,True,"If you have any questions about this report, please contact Henry R. Wray, Senior Associate General Counsel, at (202) 512-8581.",
13141c,True,True,True,"Now that manufacturers of power tools and ball bearings talk about their products as fashion items, the apparel industry'always subject to the whims of fashion'has much to say to any industry that involves retailing.",
90038c,True,True,True,"He said, But, to take the livestock, I can't, I can't do it alone, at least, four, he said, because, it's difficult with the animals.",
138609e,True,True,True,"Indeed, Washington wore a dark brown suit, entirely made in America, for his first inaugural on April 30, 1789.",
115224e,True,True,False,"For the upcoming world championships in microhockey, a super-vaccine was to be developed, which would be administered to all participants and audience members.",
104682e,True,True,True,There have been so many changes to the IUPUI campus and your department that you and your fellow graduates might not recognize them.,
114939n,False,False,False,"There is very little to see here, or at the ruined Essene monastery of Qumran itself.",
117886e,True,True,True,and these comments were considered in formulating the interim rules.,
142807e,True,True,True,He celebrated the fact by announcing that the capital would be moved from Calcutta to a whole new city to be built in Delhi.,
16334n,False,False,True,"If I work at it, I might even be able to pick up some endorsements from members of the Sonics.",
138243n,False,True,False,"One admiral declares that he was literally thus cradled, under the breast of a gun-carriage.",
87007c,True,True,True,"It has been a busy time, for we have an ambitious agenda for growth and development.",
42850n,False,False,False,"The cockpit voice recorder data indicate that a woman, most likely a flight attendant, was being held captive in the cockpit.",
16219e,True,True,False,"But NEADS did not know where to send the alert fighter aircraft, and the officer directing the fighters pressed for more I don't know where I'm scrambling these guys to.",
131288e,True,True,True,Cop Bud White (Crowe) and Ed Exley (Pearce) almost mix it up (59 seconds) :,
31706e,True,True,True,"The man who had once come up with a has-been corner skit, in which, as Zmuda recalls, forgotten performers would be sent out to flounder in front of an audience ...",
43874n,False,True,True,"(It should be noted that Johnson made the same kind of adaptation of another poem by Juvenal, Satire X, calling it The Vanity of Human Wishes.",
123077n,True,True,True,"Logs indicate that it began at 9:25 and included the CIA; the FBI; the departments of State, Justice, and Defense; the FAA; and the White House shelter.",
109525c,True,True,True,"Even after having just seen Adrin's skill with his rapier, Ca'daan had not seen a man move so sure and so naturally with such devastating results.",
125619e,True,True,True,"Troyes is also a center for shopping, with two outlet centers selling both French and international designer-name fashions and home accessories.",
76020c,True,True,True,"The city was founded in the third millennium b.c. on the north shore of the bay, and reached a peak during the tenth century b.c. , when it was one of the most important cities in the Ionian Federation the poet Homer was born in S myrna during this period.",
54815c,True,True,True,He also stresses grievances against the United States widely shared in the Muslim world.,
91606n,True,True,True,"He liked to do little league and soccer with him, and we did all the things families do.",
26547e,True,True,True,"The military aide returned a few minutes later, probably between 10:12 and 10:18, and said the aircraft was 60 miles out.",
142816c,True,True,True,a good team but they're an underdog that's why i like them is the Philadelphia Eagles,
143354e,True,True,True,"I might add that a gift of $400 qualifies you for recognition in the School of Liberal Arts Dean's Council, a critical group of supporters whose generosity does a lot to advance the calibre of the School.",
59843n,True,True,True,"2.5 Financial audits are performed under the American Institute of Certified Public Accountants' (AICPA) generally accepted auditing standards for field work and reporting, as well as the related AICPA Statements on Auditing Standards (SASs) which interpret the standards and provide guidance on conducting such work.",
87904n,False,True,False,He fell in love with Monica Lewinsky--and even told her he wanted to be with her when he left office.,
142466n,False,False,False,Finding the correct parts for a shirt can often involve a hunt through the plant.,
50531e,False,False,False,"In the USPS view of the world, institutional costs are a larger share of total costs and fewer costs can be expected to be shed, if and when, say, transaction mail leaves the system.",
41742n,False,False,False,"Forge an adult-child relationship based on shared understanding, or intersubjectivity'one in which the adult strives to connect with the child by stretching down to his or her point of view, thereby helping the child stretch up to the adult's more mature perspective.",
94241c,True,True,True,and uh you know it's like they they consider that but it would be the same way here you know it's like if if you had to do it you know you have a big sign i'm sorry i don't get paid you know,
82472e,True,True,True,Do you know how long we've been here? he asked one morning as they sat facing each other at breakfast.,
76884e,True,True,True,The first installment of the Star Wars Trilogy Special Edition opened in theaters everywhere.,
82732n,True,True,True,"Because of the casualties, Lind says, the United States would eventually have had to leave Vietnam anyway.",
125001c,True,True,True,"Just before 8:14, it had climbed to 26,000 feet, not quite its initial assigned cruising altitude of 29,000 feet.",
102668c,True,True,True,Our 90th Birthday celebration began in July and will continue through February.,
25258e,True,True,True,The young adults who leave Pleasant Run have those same feelings.,
57073n,False,True,True,"Chased him all the way up to the upstairs, I don't think the bird ever even pooped in the house not that we found--",
55360n,False,True,True,"The search for an AIDS vaccine currently needs serious help, with the U.S. government, the biggest investor in the effort, spending less than 10 percent of its AIDS-research budget on the problem.",
4786c,True,True,True,And leave a singed bottom all involved With stench and ...,
119758e,True,True,True,uh-huh so do you have to get a shade tolerant grass is that what you're,
43970n,True,True,False,"The other women gasped and asked, And what is the famous Lipschitz curse?",
101981e,False,True,True,"For the beginner ' and for most others, too ' Beaune is the place to buy.",
124304c,True,True,True,Initiatives that we suggested for the CIO Council to consider,
126725e,True,True,True,What about high school into college into adulthood what are some of the books that you read?,
86136e,True,False,False,The guidelines do not apply to inpatient hospital services and hospice services and will be used by Medicare fiscal intermediaries to determine the maximum allowable costs of the therapy services.,
63013e,False,False,False,"Although claims data provide the most accurate information about health care use, ensuring adequate follow-up for purposes of obtaining information from patient self-report is important because many people do not report alcohol-related events to insurance compa-nies.",
52545c,True,True,True,"According to the Natural Resources Conservation Service, this single, voluntary program will provide flexible technical, financial, and educational assistance to farmers and ranchers who face serious threats to soil, water, and related natural resources on agricultural and other lands, including grazing lands, wetlands, forest lands, and wildlife habitats.",
61416c,True,False,False,"I think, I think your favorite was do you remember Maurice Sendak and we would read the about Pierre and the lion.",
70412n,True,True,True,"As a result, rather than reacting impulsively to the sight of a lollipop, Sophie relied on ideas to regulate the lollipop's very existence'and the teddy bear's, the leprechaun's, and her own actions toward it!",
43984e,True,True,True,"The utopian communes of anarchists, socialists, and hippies, for example, have not even dented it.",
58557c,False,False,False,"In the first instance, IRS would have no record of time before the person could get through to an agent and of discouraged callers.",
67436c,True,True,True,yeah well i was surprised at the the way they drafted last year they didn't really didn't go for the uh big offensive lineman or the defensive lineman they're going for the skilled positions so quarterbacks they really,
98872e,True,True,True,"It was a series of little fiction stories, and my mother must have read me every single one of them.",
144332c,True,True,True,Congratulations on the completion of your bachelor's degree from Purdue University School of Engineering and Technology at IUPUI.,
19796e,True,True,True,Cabourg is the most stately of the old Channel resorts.,
72254e,True,True,True,"When somebody orders custom-made clothing, his or her measurements are taken by a fitter in a store and, three to six weeks later, the garment appears.",
109201e,True,False,True,"It is a contraction of gung-yeh ho-dzo , `industrial cooperation, 'and it caught on because it is easy to pronounce, as in 'Nam or the States . 'Nam by itself is no more derogatory or misleading than shortening airplane or telephone or gung-ho .",
39670e,True,True,True,"A stable funding level not only supports GAO's strong return on investment of $57 for every $1 spent, it creates the environment necessary to recruit, retain, compensate, train and motivate a strong and capable workforce.",
29160e,True,True,True,you know our church each year has a one of their major fund raisers is you know a garage sale and there's a ton of clothes always you know left over and i take those down to the uh,
73334n,True,True,True,The mission of the Social Health Association of Central Indiana is to promote healthy behavior and responsible relationships through sexuality education and life skills training.,
85797c,True,True,True,The association's mission is to reduce the incidence of fraud and white-collar crime through prevention and education.,
130228c,True,True,True,"Oftener than not, use of language establishes membership and social-cum-educational rank as clearly as any parchment.",
62238c,True,True,False,"Clearly, GAO needs assistance to meet its looming human capital challenges.",
6381e,True,True,True,"Paris and its immediate surroundings are a magnet for tourists, students, businessmen, artists, inventors ' in short, everyone except perhaps the farmer and fisherman, who may well come to the city to protest government policies.",
21212e,False,True,False,"Some predict the jokes will wear thin soon, while others call it definitively depraved (Tom Shales, the Washington Post ). (Download a clip from South Park here.)",
43310e,True,True,True,You have to have good peripheral vision and you have to really concentrate.,
109510c,True,True,True,so i really i really don't have heart burn at all with doing it myself over four nights tie i tied the car up if four days but we're fortunate we didn't need it,
131059e,True,True,True,"In about a quarter of an hour the bell rang, and Tuppence repaired to the hall to show the visitor out.",
75468c,True,True,False,"As previously noted, we published new independence standards dealing with non-audit/consulting services when the AICPA failed to act.",
121927c,True,True,True,"Often, an entry offers nothing in the way of etymology and merely explains the meaning.",
126449e,True,True,True,"Dublin has international restaurants galore, and the New Irish Cuisine is built upon fresh products of Ireland's seas, rivers, and farms.",
75838c,True,True,True,uh i really i miss college i had a good time,
13221n,True,True,True,"I can't help but wonder if Shuger thought to ask himself a few simple questions before launching his attack-- questions such as, did Tripp ask to be moved to her current job?",
114971c,False,False,False,"They won't be killing off George Clooney's character at ER like they did to Jimmy Smits at NYPD . Instead, Dr. Doug Ross is being forced out over the next two episodes because the maverick heartthrob gives an unauthorized painkiller to a terminally ill boy (Thursday, 10 p.m.).",
134097n,True,True,True,Their goals remain influential as India approaches the new millennium while it continues to modernize its industry and increase its agricultural output.,
113030e,True,True,True,"Along the eastern coastline are several fine beaches with perfect windsurfing conditions in their wide, shallow bays.",
55514e,True,True,True,Profitability is measured as operating profit margin'revenue minus costs of goods sold divided by revenue.,
89312c,False,False,True,i wish it was as good over here as it is over there but if you're the,
80341c,True,True,True,looking at that and you know and if it's if it's funny or if it keeps my interest if it's exciting i'll watch it if not i don't and times that i saw that or pieces of that it wasn't any it wasn't great Thirty Something i watched a few times because there was a few good episodes and then after that it it i just lost interest in it,
16538e,True,True,False,Are you going to buy any gifts for people or make anything?,
60456c,True,True,True,"This is especially true on Menorca, where cold winter winds limit the season's length.",
86201e,False,False,False,huh no i haven't attempted that i'm satisfied with what we have right now and we do have a gas credit card and we use that,
18056c,True,True,True,The mission crew commander explained to us that the purpose was to position the Langley fighters between the reported southbound American 11 and the nation's capital.,
131261n,False,True,True,"But I'll take up my stand somewhere near, and when he comes out of the building I'll drop a handkerchief or something, and off you go!""",
39853c,True,True,True,"The reception is scheduled for Thursday, April 29, (6:00-7:30 p.m.) at the Hyatt Regency.",
1073c,True,True,True,News ' cover says the proliferation of small computer devices and the ascendance of Web-based applications are eroding Microsoft's dominance.,
54680c,True,True,True,"Providing a stitch'or a package of pasta, a home computer, an automobile'in time requires a growing degree of integration among business enterprises within and across industries.",
114473c,True,True,True,"Previously, at the request of the Republican Ranking Minority Member of the House Committee on Government Operations, GAO reviewed activities of President Clintonas Task Force on Health Care Reform and was provided with an extensive listing of working group participants drawn from the government and from outside organizations.",
28715c,True,True,True,Progressives at last are noticing that the best argument for government activism is that it works.,
105561e,False,False,False,and they just put instructors out there and you you sign up for instruction and they just give you an arm band and if you see an instructor who's not doing anything you just tap him on the shoulder and ask him questions and they'll show you things,
49636e,False,True,True,"The FAA, the White House, and the Defense Department each initiated a multiagency teleconference before 9:30.",
90103c,True,True,True,Both unions established a foothold in the industry because they represented strategic workers in the apparel production the skilled cutter working inside manufacturers' plants.,
123325c,True,True,True,Each center thus had part of the knowledge of what was going on across the system.,
51567n,True,True,True,"Jarrah was in seat 1B, closest to the cockpit; Nami was in 3C, Ghamdi in 3D, and Haznawi in 6B.",
40213c,False,False,False,"That word boustrophedon describes writing that goes from left to right on the first line, then right to left on the second, then left to right on the third, and so on; it comes from a Greek word describing the turning in a field of an ox and plow.",
129978c,True,True,True,no that's true and and and Lord knows with that legislature up there they probably did all kinds of things while he wasn't looking,
58971e,True,True,True,"Inevitably, some of the entries are more imaginative than others; Dickson will have his hands full if everyone responds giving private words.",
57176e,True,True,True,"metapsychosis One of the finest of traps for the knowledgeable it has nothing to do with some over-arching, society-wide psychological illness like alcoholism or jogging.",
13623e,True,True,True,"Its only real faults are its title, which belies the content, the cutesy headings, and the lack of a truly detailed self-indexing does not provide coverage of sufficient detail.",
82174c,True,True,True,"NEH-supported exhibitions were distinguished by their elaborate wall panels--educational maps, photomurals, stenciled treatises--which competed with the objects themselves for space and attention.",
139779e,True,True,True,"As with many new technologies that have developed since the 1970s, adoption of innovative equipment is still occurring in fits and starts and depends on a given firm's size and mix of products.",
135092c,True,True,True,Speed of delivery has increasingly become part of the competitive equation.,
19396c,True,True,True,These rules implement section 106 of the Federal Crop Insurance Reform Act of 1994.,
113632c,True,True,True,"Since the system would automatically verify all receipts and acceptances prior to invoice payment authorization, there would be no need to authorize payment prior to verification of receipt.",
2922e,True,False,True,"The Operations Center located at FAA headquarters receives notifications of incidents, including accidents and hijackings.",
71286e,True,True,True,Won't you help the WYCA provide a great summer for those kids?,
31242c,True,True,True,This was the saturation and 125-piece walk sequence Enhanced Carrier Route mail volume in 1996.,
33090e,True,False,False,"And then I was off, the world exploding behind me.",
44688e,True,True,False,oh no no they're not fired they there are they have one chance to then go in a program if you come back positive you have one chance to go in and go into they have a lot of uh rehabilitation both for alcohol and for drug use uh and they have uh a lot of uh they they have an agency where you can go for personal problems financial or whatever,
114763n,False,False,False,American 77 was then 5 miles west-southwest of the Pentagon and began a 330-degree turn.,
120231c,True,True,True,The FBI told us they found no trace of explosives at the crash sites.,
118178e,True,True,True,When was the last time you stopped at IUPUI since you graduated?,
9550n,False,False,False,"I've not been able to corroborate this explanation, but I'll never forget it.",
75799e,False,True,False,"He was defeated by the alerted, unarmed passengers of United 93.",
103230e,True,True,True,"Some maintained collaborative relationships with al Qaeda, but many disengaged entirely.",
89302e,False,False,False,"But uh, come mealtime boy this little apartment with central air conditioning running, the smoke hung about four and a half five feet down from the ceiling.",
43764c,True,True,True,You will find a number of Mary's personal effects on display.,
38734c,True,True,True,She responded by throwing down the block and turning to another activity.,
75257n,True,True,True,i can't do any jumping up and down because it makes it hurt,
136867e,True,True,True,It just kind a fills it out a little bit makes it a little easier on the ear especially if they can't sing but.,
21330e,True,True,True,'So I assume he hacked into the autopilot and reprogrammed it to-',
38925c,True,True,True,"Was it a sudden decision on his part, or had he already made up his mind when he parted from me a few hours earlier?",
79302n,False,False,False,"He said to me, You have to go, he said to me.",
117937e,True,True,True,"The screener should have resolved what set off the alarm; and in the case of both Moqed and Hazmi, it was clear that he did not.",
139697c,True,True,False,"As Andrew Norman wrote, in a letter published in this book on page 113, You flit freely back and forth between prescriptivism and descriptivism.",
141527n,True,True,True,"Onomatopoeia has a long, honorable, and pleasurable history'from Aristophanes' brek-ke-kex ko-ax ko-ax to Kermit's ribbet, ribbet 'from majestic lines in ancient epic poetry to simple, homey words like plop, splash , and murmur . In every language and time, the sound and look of some words have given clues to their their sound has suggested their sense.",
86753c,True,True,True,"Do you remember any stories about Grandma Mackton, your mom's a little bit?",
43760c,True,True,True,"Language appropriate to a basic ability to read and write, followed by the capacity to handle abstract usage, and, at a higher level, to be at ease with what Philip Gove in Webster's Third called ISV, `international scientific vocabulary.",
144660n,True,True,True,This joint attention to objects and events fosters early language development.,
140193c,True,True,True,"and so on through the whole megillah : `long, involved story.",
73546c,True,False,True,"It was passed from here through the [operations] center at the White House, from the [shelter].",
74461e,False,False,False,"In 1923, Turkey broke away from the tired Ottoman rulers, and Kemal Ataturk rose to power on a wave of popular support.",
87538c,True,True,True,"Not really original, no, it was, uh, poems by well-known authors that you'd find in a book, but she had to memorize a lot of them, and she, but she read us children's poems, too, out of books, books that were written for children.",
143651n,True,True,True,"How long, Thaler and Siegel ask, will it take most investors to get wise to the fact that the equity premium is just too damned high?",
128535e,True,True,True,"Market Street is home to the Edinburgh CityArt Gallery, showcasing the work of up-and-coming artists.",
69318e,True,True,True,"American narratives rarely dwelt on misdeeds and, at times, even recast children's oenses as strengths'as indicative of quick thinking and an active, spirited disposition.",
57499n,True,True,True,"He then discovered, to his surprise, that the Langley fighters were not headed north toward the Baltimore area as instructed, but east over the ocean.",
40158e,True,True,True,"We have concluded, from the available evidence, that the Vice President arrived in the room shortly before 10:00, perhaps at 9:58.",
91356e,True,True,False,"The Times says this tracking list is drawn up from information from bookstores, but publishers say they routinely call up the Times to tip them off to books selling with increasing momentum so that they can be added to the tracking list.",
95010c,True,True,True,"Making a marker is a complicated task, even with modern computer assistance.",
78105c,True,True,True,"Their supplies scarce, their harvest meager, and their spirit broken, they abandoned the fort in 1858.",
21957e,True,True,True,But those that are manufactured for sale in in Europe and so forth are quite the other way around,
32851c,False,True,False,In few other modern cities are you likely to see such a variety of costumes.,
121345c,True,True,True,"A sidebar notes that controversy remains over the Mars meteorite that crashed into Antarctica about 11,000 years While scientists have demolished most of the evidence that the meteorite contained living creatures, they cannot explain why the meteorite contains a molecule that on Earth is only produced by biological processes.",
37136e,True,False,True,"The Kal tangled both of Adrin's arms, keeping the blades far away.",
48223n,True,True,True,yeah although i do worry that how easy this one was might be a bad lesson uh to the to the younger people um you know than there is the other generation,
127395e,False,False,True,"Republican consultants agree that conservative candidates in the South, Southwest, Midwest, and Rocky Mountains will beg for Reed's talents and connections.",
141355e,True,True,True,"Because introducing changes at any step may unbalance the system as a whole, technological innovations have not easily found their way into the sewing room'which may be out of sync with what an integrated retail-apparel-textile channel requires.",
25267e,True,True,True,"for `family hold back,' an exhortation ensuring ample provender for guests.",
92402e,False,True,True,"This guide will introduce you to many, but not all, of the popular Aegean Islands.",
77868n,False,False,False,"International Trade Commission, U.S. imports of textiles and apparel from China and two of the traditional Big Three Asian suppliers'Hong Kong and Korea'continued to decline in 1996, when these countries together with Taiwan, accounted for 23.",
26052c,False,True,False,oh i don't know either the other growing up all i knew was,
90117c,True,True,True,"The first pertains to operational performance, or the ability of a supplier to respond to lean retailing replenishment requirements.",
144063c,True,True,False,so are can i just ask you are you Canadian,
7738c,True,True,True,"Turning a corner of the Mazza Gallerie into a women's tennis store, I was startled to see ...",
82161n,True,True,True,"Using teams can also assist in integrating different perspectives, flattening organizational structure, and streamlining operations.",
131590n,True,True,True,"a 808(2) only applies if the agency finds with good cause that notice and public procedure thereon are impracticable, unnecessary, or contrary to the public interest.",
62934e,False,True,False,"And that's how it was, he left, at dawn, and he said, See you there, and he left with the, with the livestock, with the, and the, the others who were going to help.",
131910c,True,True,True,Las Vegas now seems poised to accept the multiple layers of its existence as a tourist city.,
93182c,True,True,True,Your past support of the Challenger program has been critical to its success these last four years.,
102857e,True,True,True,Expenses included in calculating net cost for education and training programs that are intended to increase or maintain national economic productive capacity shall be reported as investments in human capital as required supplementary stewardship information accompanying the financial statements of the Federal Government and its component units.,
82658c,True,True,True,Excellent reviews for the collaboration between two of the '90s' most acclaimed jazz saxophonists.,
48253n,True,True,True,I've read several of his books both fiction and non-fiction books.,
113628n,True,True,True,5 The share of gross national saving used to replace depreciated capital has increased over the past 40 years.,
118937c,True,True,True,The President apparently spoke to Secretary Rumsfeld for the first time that morning shortly after 10:00.,
45565e,True,True,True,"Since Slurvian thus exists in both a Germanic language (English) and a Romance language (French), must it not therefore follow that Slurvian has its origin in the common ancestor of both tongues, that is in the Indo-stage?",
104868n,True,True,True,"Communicate with high warmth, using a positive emotional tone and providing explanations and justifications for your expectations.",
9412c,True,True,False,for the direct sunlight and stuff right but uh but i i haven't really found it too bad we've lived in our house about uh oh thirteen years i suppose and and really really only painted once and you know it was new when we bought it and we painted one time since then but you know it's probably going to be time to paint again in a couple of years,
87485c,True,True,True,But caring adults like you can reach out and help.,
106699c,True,True,True,"Young Parents A key component in reduction of potential risk of child abuse, designed to decrease stress in the parent/child relationship enabling the parent to continue school attendance and achievement.",
27771e,True,True,True,"The operator must first select the work to be done, put aside the tickets that indicate she performed the sewing appropriate for those bundles and should be paid at the specified rate for the job, open the appropriate bundles, and position the pieces to be joined on the sewing table in preparation for sewing.",
69275n,True,True,True,I think she must have enjoyed it because she read them to us too.,
92062c,True,True,True,"Krugman's column will henceforth be known as The Dismal Science, a phrase too famous to be ownable by anyone, except possibly British essayist Thomas Carlyle (1795-1881), who coined it.",
26699c,True,True,True,"Children who failed to grasp the kidnapper's motive and the reason for the arrest judged him to be good, not bad.",
145557e,True,True,True,"A new guideline, for example, may tell us to send heart surgery patients home earlier.",
128357n,False,False,False,Junn Quechua children have diculty with false-belief tasks for years after children in industrialized nations have mastered them.,
29405c,True,True,True,"As this exchange shows, Secretary Rumsfeld was not in the NMCC when the shootdown order was first conveyed.",
10367e,True,True,True,"Al Qaeda leaders set up a Nairobi cell and used it to send weapons and trainers to the Somali warlords battling U.S. forces, an operation directly supervised by al Qaeda's military leader.",
129078e,True,True,True,yeah so it's easy to do i'm actually interested in getting one of those kind of my wife has been talking about this in the past couple of years one of those kind of campers that pop-up so it's about uh maybe eight foot square and but only about two feet tall and when you get to where you're going it raises up and there's tenting material,
4882e,True,True,True,"In British English it is no longer considered a solecism to use the plurals they, their, them, theirs as a generalized pronoun for words like eyeryone, everybody, anyone, anybody , etc.",
145541c,True,True,True,One of the flights that received the warning was United 93.,
95473e,True,True,False,"Look, it's your skin, but you're going to be in trouble if you don't get busy.",
29974c,True,True,True,"The basic elements of life in the Aegean began to come together as early as 5000 b.c. , and were already in place by the late Bronze Age (c.",
40708c,True,True,True,"The only comprehensible explanation is that the vocation that had burrowed in next to medicine had taken control, had insisted.",
134873c,True,True,True,"Garlic is compounded from the Old English gar `spear,' and leac `leek.",
107408n,False,False,False,Contributions qualify for tax deductions under state and Federal guidelines.,
34259e,False,True,True,She will step down from the court in December 2002.,
1279n,True,True,True,"A diskette is also called a floppy ; the reason for the name is not immediately apparent (nor why the item is called a diskette , for that matter), but all becomes clear.",
128743c,True,True,True,"More to the point, even as the major airlines have been reaping large profits over the last four years, their productivity has not risen at all, suggesting that consolidation is not improving efficiency.",
94112e,True,True,True,"The call lasted about two minutes, after which Policastro and a colleague tried unsuccessfully to contact the flight.",
93042n,True,True,True,"Real currently, what do you enjoy reading at the present?",
128769e,True,True,True,Both plants are capable of making the same set of products.,
121620c,True,True,True,"Unlike the women's industry, where style has always mattered more, relatively large men's apparel manufacturers such as Haggar; Hart, Schaffner, and Marx; Fruit of the Loom; Arrow Shirt Company; and Hathaway Shirt emerged, seeking to capture economies of scale.",
140900n,True,True,False,and uh well if you if you got got him a power mower it'd probably take him a lot less time to do it but i enjoy doing it i feel good doing it uh i i feel a lot better doing it with a power mower with that with a with a pull tractor on it so i don't have to push so hard,
18427c,True,True,True,well that's not why i got it right how do you like your tread mill,
73928n,True,True,False,"My prize example was uttered by the incomparable Cher, during a morning-show interview.",
132658e,True,True,True,"You know, like I know one day I'll have to sit down and decide if I'm where I want to be in life or if I'm not.",
126768c,True,True,True,The media focused on Liggett's admissions of the obvious--that cigarettes are addictive and cause cancer and heart disease--and its agreement to pay the states a quarter of its (relatively small) pretax profits for the next 25 years.,
122617c,True,True,True,Statistical analysis showed that those garments for which the Buying Committee had the greatest disagreement were indeed those with the greatest demand uncertainty.,
57755n,False,True,False,We hope the events of the near future will not.,
66398c,True,True,True,The definition in the Third Unabridged was a model of clarity compared with that.,
95890e,False,False,False,"' Perhaps it was so called because it opens in morning and closes at night, or because of its eyelike shape.",
109533n,True,True,True,"For example, James Garner's Rockford dubbed as a Japanese tenor is a reminder of one's firm awareness of Garner's American tone and timbre.",
16592n,True,True,True,"* All times given for this conference call are estimates, which we and the Department of Defense believe to be accurate within a ˨ˠ3 minute margin of error.",
130129e,True,True,True,"If she wasn't, how would they have known Jane Finn had got the papers?",
34972e,True,True,True,The intent is that the faculty will contribute to the award annually.,
129267n,False,True,False,Retail buyers of old grappled with this problem as they do today.,
118495c,True,True,True,"Bin Ladin has stated flatly,Our fight against these governments is not separate from our fight against you.",
6386n,True,True,True,isn't it i can remember i've only been here eight years but i can remember coming to work from i used to live in Wylie and i could see downtown Dallas,
117851n,True,True,True,"And I'm like, I'm trying to convince him to, you know, if I don't make it and there's a strong possibility I won't, I know that, I'm not stupid, I'm nor going to go to L.A. and make five million or more than that--",
53339n,True,True,False,"The pilots knew their mission was to divert aircraft, but did not know that the threat came from hijacked airliners.",
83178c,True,True,True,"At the same time, these regimes had closed off nearly all paths for peaceful opposition, forcing their critics to choose silence, exile, or violent opposition.",
41650e,True,True,True,"In order to do this, laboratories must be developed and maintained with equipment that will provide first-rate, hands-on experience for our students.",
14126e,True,True,True,and so i have really enjoyed that but but there are i do have friends that watch programs like they want to see a particular program and they are either home watching it or definitely recording it they have some programs that they won't miss,
6041n,True,True,True,Ted is a single father with three children under 10.,
71720c,False,False,False,Consider a study of the relationship of maternal employment to first graders' academic and social competence.,
56973e,True,True,True,i think they prey on people's um inherent politeness on the phone even with a machine i find people being kind of polite and waiting for it to finish what it has to say and then they feel an obligation to respond even though there's not even a person there,
70100c,True,True,True,It profiles a new kind of office superstore-cum-hotel that sells generic office space to lonely telecommuters.,
35787e,True,True,True,"A portion of the nation's income, in turn, is saved, allowing for additional investment in domestic factories, equipment, and other forms of capital that workers use to produce more goods and services or for investment abroad.",
70441c,True,True,True,"I am happy to report that we have reached our 50 person minimum and the Class of '58 will be celebrating, as planned, at the Holiday Inn on Saturday, September 18 at 6:30.",
45298e,False,False,False,Eve's Apple turns out to be a sturdier book than it seems.,
84901e,True,True,True,The Tunnel of Eupalinos can be explored but it's not for the claustrophobic.,
51985c,True,True,True,"For more than 26 centuries it has witnessed countless declines, falls, and rebirths, and today continues to resist the assaults of brutal modernity in its time-locked, color-rich historical center.",
44250c,True,True,True,I kept them in good shape until my last 78-rpm turntable died.,
118415c,True,True,True,John Panzar has characterized street delivery as a bottleneck function because a single firm can deliver to a recipient at a lower total cost than multiple firms delivering to the same customer.,
79263c,True,True,True,"For example, service coordination is a popular remedy for limited funds.",
121250n,True,True,True,"They said that the current system reflects that diversity, with agencies developing new participation processes and information management systems as needed for their individual programs and communities.",
77159c,False,True,False,The controller checked to see if American Airlines could establish communication with American 11.,
13853n,True,True,True,"Our students and the public are continuing to enjoy a number of special programs, such as the Visiting Artist Program, which draws about 10 nationally known artists who present free public slide lectures about their work, the Saturday School, now in its 70th year of providing art classes for junior and senior high school students every spring and fall, and the Pre-College Program, offering art classes for recently graduated high school students who are interested in careers in the arts.",
75857c,True,True,True,Recently we read that how children turn out is mostly written in their genes; there's little we as parents can do about it.,
31556e,True,False,False,"Carmel Man, a relation of the Neanderthal family, lived here 600,000 years ago.",
65130c,True,True,False,"In Mumbai, both Juhu and Chowpatty beaches are, for instance, definitely a bad idea, and though the Marina beaches in Chennai are cleaner, there may be sharks.",
21370n,False,False,False,Customers rarely inform the sales clerk in a typical retail store if a desired product is out of stock; they either buy a different product or leave the store without making a purchase.,
124656c,True,True,True,yeah yeah uh-huh yeah we we saw that one uh we find that uh that uh if you can get into those dollar movies you know they're uh they're a dollar and a half what is it dollar and a quarter dollar and a half now,
13629c,True,True,True,"Chapter 3, Generalizations, treats with good sense methods that can be employed to avoid sexism in a wide variety of constructions.",
126583e,True,True,True,they eat a lot of it you know you can take your vitamins and she was telling me to take zinc so anyway i've been taking enough zinc you know to kill a horse probably i hope it doesn't hurt me but anyway i did read one chapter of that,
97511c,False,True,True,"Actually, I went back to see my doctor and when I, everything you know was fine.",
33143c,True,True,True,"The Vice President's military aide told us he believed the Vice President spoke to the President just after entering the conference room, but he did not hear what they said.",
22315n,True,True,True,We reach out to kids -- especially those from disadvantaged neighborhoods where the risks are highest.,
101988c,False,False,False,"They must induce children to develop talents, skills, good values, and a sense of accomplishment through engagement not just in activities that are easy and fun, but in ones that are meaningful and challenging'that help them sustain eort in the face of diculty, overcome obstacles, and advance to greater heights.",
95226n,False,False,False,Crisis managers at the FAA and the airlines did not yet act to warn other aircraft.,
99638c,True,True,True,yes i've had a German Shepherd that did that one time,
143317e,True,True,True,"By 9:20, Indianapolis Center learned that there were other hijacked aircraft, and began to doubt its initial assumption that American 77 had crashed.",
69849e,True,True,True,it doesn't have to do i mean the thing is is that you know it's like you might be standing somewhere right and like let's say you're you you go you know you're driving out and you're driving back home and it's late at night and you stop by one of these you know twenty four hour you know gas stations joints,
128366c,True,True,True,i don't even know how they figure it really i'm glad i don't work in a store,
116176e,True,True,True,Students of human misery can savor its underlying sadness and futility.,
127190c,True,True,True,I feel sure that you will want to be one of that special group of donors who responded to this last solicitation from Cavanaugh Hall.,
25622n,False,False,False,"It was kind of, it's sort of, it seemed unfair to me to, um, to subject her to that, and plus, I mean, the schedule was just starting to take a toll on me as well, and you can only put in so many 80 hour weeks before you kind of break down from it.",
107390n,False,True,True,"If the sewing machine is correctly threaded, the operator then lifts the presser foot'a device that comes down on either side of the needle to hold the cloth'and, if the needle is in the up position, inserts the fabric.",
102085e,True,True,True,Here's how it Simply detach the Care Card from the top of this letter and keep it handy.,
894n,False,False,False,"The most up-to-date versions of automatic-cutting equipment, including the GERBERcutter, are even more effective.",
142964e,True,True,True,These two accounts are commonly combined in discussing the Social Security program.,
125387e,True,True,True,"Many of the thirsty crowd were veterans, as were many of the bartenders.",
139744c,True,True,True,"In the felled seams of shirts and jeans, for example, the visible stitches might be of a color designed to decorate the garment.",
118670c,True,False,True,The Kal whistled and Vrenna's eyes sparkled when she saw Jon swing it.,
100301c,True,True,True,"I'm all for Latin courses, but there's an easier way of building your English vocabulary then plowing through the intricacies of Latin morphology and syntax.",
110046e,True,True,True,A niche incumbent might provide delivery less frequently or to a subset of possible stops.,
126247e,True,True,True,"At that point in time, the Langley pilots did not know the threat they were facing, did not know where United 93 was located, and did not have shootdown authorization.",
128943n,True,True,True,"Thanks to the support United Way of Central Indiana receives from people like you, there are hundreds of stories like Cecilia's.",
76370e,True,True,True,"A moment later, the clear, high-pitched sound of the whistle could be heard over the Rabbi's final shofar blast.",
91269n,False,False,True,"Those who are not familiar with feminist writings may find it useful and interesting to consider a book, recently published in Britain, that is typical of the harsher brand of such works.",
77778c,True,True,True,But my main object in choosing the passage was to illustrate the way in which Shakespeare could move from the literal to the metaphorical or metaphysical in his use of a legal term.,
125187n,True,True,False,"The narthex, or entrance hall to the nave, is crowned by a magnificent sculpted tympanum of Jesus enthroned after the Resurrection, preaching his message to the Apostles.",
24473n,True,False,False,Uh she had a big garage that was separate from the house and almost bigger than the house it was almost like it was a barn.,
59483n,True,True,True,"At the dawn of a new millennium, a fresh set of theories of child development has blossomed.",
134012c,True,True,True,"According to Miyares, the DBA is the first organization to target the role of disabled persons in business.",
81430n,True,True,True,"I pointed out to him that if they made available a proper manual the number of calls could probably be reduced to 6,000.",
37478e,True,True,True,"But like, so I was always raised like a tomboy and everything like that and my dad treated me like a guy all the time.",
59402c,True,True,True,"Part of the original design, they were destroyed by Emperor Aurangzeb, who refused images susceptible to idolatry.",
58532e,True,True,True,"They returned to live in the Galilee village of Nazareth, making pilgrimages to Jerusalem.",
65557e,True,True,True,"Both dictionaries list abbreviations and biographical and geographical entries in separate sections at the back, a practice I have never liked.",
120732c,True,True,True,How to Watch Washington Week in Review : Back to front.,
67063c,True,True,True,"Consistent with GAO's Congressional Protocols, GAO will then offer the requester(s) a draft of the product that is with the agency for comment.",
2800c,True,True,True,"My memory is rickety, but I am sure my first recording was labeled MUSKRAT RAMBLE, and I think, though I am less sure, that it was played by the late Muggsy Spanier, who was, to my mind, one of the greatest of jazz trumpeters.",
126382e,True,True,True,Bin Ladin now had a vision of himself as head of an international jihad confederation.,
75662c,True,True,True,"When Hart, Schaffner, and Marx, for instance, opened its doors in 1879, only 40 percent of men's suits were ready-made.",
132273n,True,True,True,"To some critics, the mystery isn't, as Harris suggests, how women throughout history have exploited their sexual power over men, but how pimps like him have come away with the profit.",
24514n,True,True,True,"Not yet a reality, but often seriously discussed, is terraforming `aitering an extracterrestrial body to make it capable of supporting Earth's life forms.",
15537e,True,True,True,"So unlike people who are fortunate enough to be able to afford attorneys and can go to another lawyer, our clients are simply lost in the legal system if they cannot get access to it from us.",
10214e,True,True,True,"In their testimony and in other public accounts, NORAD officials also stated that the Langley fighters were scrambled to respond to the notifications about American 77,178 United 93, or both.",
22938n,True,False,True,"Despite a recent renovation, the Meadows Mall is the least appealing of the three suburban malls.",
88500e,True,True,True,"Where necessary, brief but not cryptic explanations are provided of any information that might seem to be out of the ordinary.",
26260e,True,True,True,"About thirty years ago, when I was concocting an epicurean dish and saw that I had no sherry on hand, I went to the liquor store and bought a bottle of muscatel that was being sold for an absurdly low price and that I thought might be exactly right for my sauce.",
25109e,True,True,True,yeah i do remember that and uh i remember as a kid my parents watching the Ed Sullivan Show that was really the big deal in our household was the Ed Sullivan Show yeah i guess i guess it was a Saturday night and i went to see the movie The Doors a couple of days ago and they had this scene,
93107e,False,False,True,"Although automation of sewing operations is generally not cost effective, these innovations have made some inroads in particular segments.",
50314c,True,True,True,"audits and other reviews, including those showing deficiencies and recommendations reported by auditors and others who evaluate agencies' operations, (2) determine proper actions in response to findings and recommendations from audits and reviews, and (3) complete, within established time frames, all actions that correct or otherwise resolve the matters brought to management's attention.",
89896n,True,True,True,"Although these advances are encouraging, our work is far from complete.",
131209n,False,True,True,There are also a couple of small aircraft lying offshore (relics of drug runners who ran out of luck) that make fascinating artificial dive sites.,
133026n,True,True,True,"Bin Ladin shares Qutb's stark view, permitting him and his followers to rationalize even unprovoked mass murder as righteous defense of an embattled faith.",
129464e,True,True,True,It can entail prospective and retrospective designs and it permits synthesis of many individual case studies undertaken at different times and in different sites.,
29431e,False,False,False,"This means that half of your contribution will be returned to you through State tax savings, while the entire donation amount will remain deductible on your Federal taxes.",
48845c,True,True,True,upwards of a mile but Washington is one of my favorite places to visit uh my daughter lives in Arlington and when i go to visit her i love to get out on that bike trail and either ride the bike oh gosh you can ride a bike practically all the way to southern Virginia,
87407c,True,True,True,"We come to a little difficulty here, since Mrs. Inglethorp never drank it.""",
11362e,True,False,False,The volumes are available again but won't be returned to the stacks until the damp library itself gets renovated.,
75383c,True,True,True,"And, there is always a need for scholarship funds to help make college degrees possible for our students, most of whom come from central Indiana.",
45381e,True,True,False,"If approval was given, the orders would be transmitted down NORAD's chain of command.",
90764c,True,True,True,"Julius Caesar's nephew Octavian took the name Augustus; Rome ceased to be a republic, and became an empire.",
145047e,True,False,False,The management of the cafe has established the rules for the use of their facility.,
65244n,False,False,False,"Uh, it was pretty much a kitchen a front room and two-bedroom house one bathroom.",
110208n,True,True,True,We make simulacra out of mandrakes--like the manicurist in the barber shop.,
115247n,True,False,False,oh really yeah so he he's uh he's probably going to be going to jail and and the problem with him is he's on a guaranteed salary like for three years so whether he plays or not they've got to pay him ten million dollars so if they,
8354c,True,True,True,that's really true a lot of it is um the color certain colors seem to be more acceptable,
139568e,True,True,True,"My own little corner of the world, policy wonking, is an example.",
85461c,True,True,True,"At best, experience with different combinations of waist sizes and leg lengths for a given design allows a scheduler to aggregate the units to be made into groups of large and small sizes, which means marker-makers can achieve efficiencies near 90 percent for casual pants.",
67207n,True,True,True,Two more weeks with my cute TV satellite dish have increased my appreciation of it.,
62869e,True,True,True,"We need to be sure of our going."" But Tuppence, for once, seemed tongue-tied.",
21747c,False,False,False,"But, uh, I guess I did that for it must have been close to, um, a year and a half maybe, and then I decided not, and ended up leaving.",
84221e,True,True,True,"Through the youth mapping process, it was confirmed that the positive opportunities for youth on weekend evenings were lacking.",
94113e,True,True,True,"The flight attendant reported that the flight had been hijacked, both pilots had been killed, a flight attendant had been stabbed, and the hijackers were probably flying the plane.",
1947e,True,True,True,"How does the YWCA differ from other organizations that provide health, fitness, social and education services?",
101908e,True,True,True,"They found plenty of water pouring down from the mountains, and more timber than anyone knew what to do with.",
141788e,True,True,True,"90 In order to understand how the two agencies interacted eight years later, we will review their missions, command and control structures, and working relationship on the morning of 9/11.",
96296c,True,True,True,"Because several passengers on United 93 described three hijackers on the plane, not four, some have wondered whether one of the hijackers had been able to use the cockpit jump seat from the outset of the flight.",
67161c,True,True,True,"All five hijackers passed through the Main Terminal's west security screening checkpoint; United Airlines, which was the responsible air carrier, had contracted out the work to Argenbright Security.",
54225e,True,True,True,Just like the respect we've earned from U.S.News and World Report.,
113782c,True,True,True,"Sewing rooms are generally arranged in rows of workers, each seated at a machine doing one operation on a bundle of parts.",
141136c,True,True,True,"After anesthesia was introduced in the U.S. in 1844, the phrase came flguratively to mean to `deal with a bad situation resolutely,' as in Rudyard Kipling's lines Bite the bullet, old man,/ And don't let them think you're afraid.",
70118n,True,True,True,yes uh i bought a uh Bristol thirty five five for my wife,
19339n,True,True,True,Some were in business and some were talking about starting a business.,
92094c,True,True,True,"Inside the National Military Command Center, the deputy director of operations and his assistant began notifying senior Pentagon officials of the incident.",
103300e,True,True,True,"If this were indeed to have been a handbook , users would have found a longer list more useful.",
74992c,True,True,True,"SSA will consider the comments received by April 14, 1997, and will issue revised regulations if necessary.",
29373n,True,True,True,"After considering comments of the Postal Service and other participants, the Commission found the proposal problematical, and declined to pursue it.",
96164e,True,True,True,") In some countries, puzzles of this type are called cryptograms, a name we shall use from here on.",
102477e,True,True,True,The simplest is for one or more of the members to simply donate one million dollars to the IGGS Scholarship Fund.,
103926e,True,True,False,The most popular form of shadow theater is known as Wayang Siam.,
98858e,True,True,False,"The complexity of the problem, even for basic blue jeans, is staggering.",
43478n,False,True,False,"As a basic guide, the symbols below have been used to indicate high-season rates in Hong Kong dollars, based on double occupancy, with bath or shower.",
108562e,True,True,True,Most of the Clinton women were in their 20s at the time of their Clinton encounter,
143114e,False,False,False,"Thus, Step down (or back) and give me a shot was readily understood.",
11534c,False,True,True,He found himself thinking in circles of worry and pulled himself back to his problem.,
48038e,True,True,True,"In this situation, the value to the mailer of the improved service would be considered along with the cost of doing the work.",
142317e,True,True,True,I'm enclosing some information on Children's Harbor which I hope you'll find interesting.,
66058n,True,True,True,"For instance, in 1995, the Labor Department sponsored the Apparel Industry Partnership, in which a number of U.S. apparel manufacturers, UNITE!, the National Consumers League, the Interfaith Center on Corporate Responsibility and others agreed to monitor compliance with labor standards of contractors.",
94486n,True,True,True,The Star reports that actress Jodie Foster is pregnant through artificial insemination.,
111509n,True,True,True,"I don't know what, he sells like cars or something.",
108415n,True,False,False,Our review indicates that the Food and Drug Administration complied with the applicable requirements.,
8589c,True,True,True,"From his headquarters in Jersey City, he distributed messages calling for the murder of unbelievers.",
95883e,True,True,True,Charles Geveden has introduced legislation that will increase the Access to Justice supplement on court filing fees.,
92330c,True,True,True,From that point of view the differing interpretations Mr. Anson and I read into the passage are of secondary importance.,
62551c,True,True,True,It was something that they were in a position to do one time and no one before or no one since could ever reduplicate it.,
12562c,True,True,True,"David Cope, a professor of music at the University of California at Santa Cruz, claims to have created a 42 nd Mozart symphony.",
137906e,True,True,True,"This whole unsavory episode brings back memories of skits with Monty Python ! One of my favorite lines was, You are guilty of six--no, seven--charges of heresy.",
85863c,True,True,True,Sometimes it flattens entire neighbourhoods to make life easier for them.,
2468c,True,True,True,"The Mosque of El-Jezzar, built in 1781, dominates the landside of the old city (the other three sides jut into the Mediterranean).",
128033n,True,True,True,"They typically determined the specifications of the goods purchased, the volume purchased, and the price to be charged to customers at retail.",
128860c,True,True,True,"I can't remember much family togetherness when I was a kid, Hannah remarked.",
97476c,False,True,False,"They would rather me stay in Nursing because they know that's where my heart is but, um, you know, they're behind me in whatever I decide to do.",
44812c,True,True,True,i think there would be an awful lot of resentment and um i i really don't think it would be feasible on our country,
142812e,True,True,True,And how they use to take their lunches to school and some of the things they took for lunch like fatback meat biscuits and--.,
91493n,True,True,True,oh i did and i laughed real hard when i took it in for the two thousand mile checkup and uh,
84870n,True,True,True,because we don't always read the newspaper sometimes it just sits around for a while and then we just chuck it,
82471e,True,True,True,"We're no nearer to finding Tuppence, and NEXT SUNDAY IS THE 29TH!""",
66236e,True,True,True,"Um, well, let's see, so do you think that those experiences helped you figure out the kinds of things you liked to read?",
60183c,True,True,True,"According to one report, Saddam Hussein's efforts at this time to rebuild relations with the Saudis and other Middle Eastern regimes led him to stay clear of Bin Ladin.",
18417n,True,True,True,Islam is a faith that brings comfort to a billion people around the world.,
49123n,True,True,True,"Several of the individuals and organizations that we contacted also suggested that agencies move to a more consistent organization, content, and presentation of information to allow for a more common look and feel to agencies' ITbased public participation mechanisms in rulemaking.",
134580n,True,True,True,well Dana it's been really interesting and i appreciate talking with you,
41193e,True,True,True,allow the efficiencies of a low-cost mailstream to be available to all who can use them.,
94824c,True,True,True,"When cutting is completed, the pieces are removed in stacks and arranged in bundles for sewing.",
69517e,True,True,True,"So when I graduate, more than likely I'll move to Boston, but Charlotte has definitely been a nice place to live.",
16220c,True,True,True,F-15 fighters were scrambled at 8:46 from Otis Air Force Base.,
40957e,True,True,True,"bar code Not the ethics of the legal profession nor the law that interferes with the corner conviviality, but the small rectangle of stripes (bars) on store merchandise that provides coded pricing and inventory information to electronic scanners.",
122322e,True,True,True,well uh normally i like to to go out fishing in a boat and uh rather than like bank fishing and just like you try and catch anything that's swimming because i've had such problems of trying to catch any type of fish that uh i just really enjoy doing the boat type fishing,
53477e,True,True,True,"But in most situations in which a firm provides a wide range of goods to customers, some of its products will have low or moderate demand variation, while others' demand will vary a great deal.",
7091n,True,True,True,A sufficiently clever system of taxes and subsidies can induce people to make accurate reports of their own emotional distress.,
61429n,True,True,True,"In this enclosed but airy building, you'll find ladies with large machetes expertly chopping off hunks of kingfish, tuna, or shark for eager buyers.",
142538c,True,True,True,We need your help with another new feature that starts next week.,
145596e,True,True,True,"In the 16th century the word was also a `to run through, run across.",
21009c,True,True,True,"Therefore, this year's annual operating campaign for the Herron School of Art and Gallery is focusing on the need for funds to help maintain the facility and our programs.",
33340n,False,True,False,"There are a number of expensive jewelry and other duty-free shops, all with goods priced in US dollars (duty-free goods must always be paid for in foreign currency).",
33619n,True,True,True,"Our goal is to award scholarships in the amount of $5,000 to first-year minority dental students to pay for supplies and equipment required in the first academic year.",
24220c,True,True,True,"A newly unified Christian Spain under the Catholic Monarchs, Ferdinand and Isabella, completed the Reconquest, defeating the only Moorish enclave left on the Iberian peninsula, Granada, in 1492.",
30294n,True,True,True,impregnable Non-English speakers have been known to think this means inconceivable.,
55515n,True,True,True,Figure 14.5 shows our basic results in regard to average profit margin for different levels of technology adoption.,
71560c,False,False,True,But of what use is a long entry on spoonerisms?,
142200e,True,True,True,"I think that's one I remember, a lot because when I was in 1st grade, I was sick a lot of the year, and I was out of school a lot of the year.",
52762n,True,True,True,"Personal Communication with P. Croteau, Babcock Borsig Power, August 2001.",
114100n,True,True,True,"Paroseas cave, reef, and wreck diving around its shores, giving the diver a wide range of environments to explore.",
124413n,False,False,False,She did not display signs of panic and did not indicate any awareness of an impending crash.,
52200c,False,True,False,"And I said to him, And what is that for?",
119360c,True,True,False,okay what types of music do you like to listen to,
85279c,True,True,True,"The almost midtown Massabielle quarter (faubourg de Massabielle), is sometimes described as the most picturesque in the city.",
70536c,True,True,True,LSC's State Planning Initiative began in 1995 primarily in response to the programmatic changes and budget cuts that were threatening the very survival of legal services delivery across the nation.,
140109e,True,True,True,"I feel like I'm letting them down, so to, so to speak.",
52298e,True,True,True,"That, the sun hadn't come up yet, it was still like, five in the morning.",
67451e,True,True,True,"Fadl resented receiving a salary of only $500 a month while some of the Egyptians in al Qaeda were given $1,200 a month.",
140737c,True,True,True,The center also contacted the West Virginia State Police and asked whether any reports of a downed aircraft had been received.,
72870c,True,True,True,"Because marginal costs are very low, a newspaper price for preprints might be as low as 5 or 6 cents per piece.",
29433e,True,True,True,"However, these tax credits are only available for a limited time, so we ask that you act soon if you would like to use them.",
109818n,True,False,True,"Bettelheim committed suicide in 1990, evidently having found life unbearable, despite (or because of) his fictions.",
13137n,False,False,False,"But they persevered, she said, firm and optimistic in their search, until they were finally allowed by a packed restaurant to eat their dinner off the floor.",
66858e,True,True,True,"Managing better requires that agencies have, and rely upon, sound financial and program information.",
93958n,True,True,False,"Calcutta seems to be the only other production center having any pretensions to artistic creativity at all, but ironically you're actually more likely to see the works of Satyajit Ray or Mrinal Sen shown in Europe or North America than in India itself.",
49624n,False,False,False,"So, I have my sister's kid here and I'm going to kill him underneath this vehicle shortly.",
23722n,True,True,True,"With your personal commitment, the IUPUI Chancellor will be able to act sooner and more effectively when special opportunities arise.",
123437c,True,True,True,"That is not entirely true, for linguists know too much about language to suggest that there ever was, literally, a single language from which all Indo-European languages descended.",
62106e,False,True,True,The organizations usually allowed individual members who had changed employers to continue participation.,
5913c,True,True,True,"Life, unlike Reich's book, is not a series of morality fables.",
25067e,True,True,True,"Adjust the task to an appropriately challenging level, and tailor teaching and assistance to the child's changing needs.",
80099e,True,True,True,His family had lost a son and a daughter now.,
106390e,False,False,False,"Mykonos has had a head start as far as diving is concerned because it was never banned here (after all, there are no ancient sites to protect).",
63474e,True,True,True,High demand variation similarly occurs during the beginning and end of a product life cycle.,
93554c,True,False,True,"However, if people can readily withdraw money from tax-preferred accounts for purposes other than retirement, there is no assurance that tax incentives would ultimately enhance individuals' retirement security.",
9691n,False,False,False,"That means we now have the opportunity to be a stable, positive and important part of each child's life for an entire decade.",
142095c,True,True,True,"Additions to the 2002 Request for Proposal (RFP) include questions for applicants on staff diversity, recruitment and retention strategies and training, and the organization's strategic planning.",
20024e,True,True,True,"After the death of Columbus in 1505, Jamaica became the property of his son Diego, who dispatched Don Juan de Esquivel to the island as Governor.",
117276c,True,True,True,Assume that the manufacturing lead time'the amount of time required to go from a production order to a product ready for shipping to retail'is less than one week.,
108928n,True,True,True,"I can, well you know we just relived the story today of when you built the house over on um, // Songbird.",
18340e,True,True,True,"All The Little Monster Books, I can't remember what the individual names of them were but I've read them all multiple times.",
52627e,True,True,True,"Mr. Delaney is a victim of the confusion so often experienced by Latin students between the gerund, which is a neuter noun, active in meaning, and the gerundive, which is an adjective of similar form, but passive in meaning.",
68025n,True,False,False,"However, I am sure there will be other items that will be needed in the new facility to enhance the educational experience of students, including graduate students.",
91134e,True,True,True,"All on board, as well as many civilian and military personnel in the building, were killed.",
135439e,True,False,True,Now he comes running out from there whenever he sees Harry.,
143760n,False,False,False,uh and i think even Electric Light Orchestra had some some real um influences by classical music and i'm still still my favorite in fact most of my CDs that i got are classical music,
34962c,True,True,False,.. I chucked him out the door and he's not been back innerwards.,
76184c,True,True,True,"I would just scream and scream you know that, No, no, don't do that.",
53509n,True,True,True,"The entrance is also home to several sculptures, including one of Carlyle, the gallery's founding father.",
89412e,True,True,True,I am pleased to tell you that we have had a positive response to the letter.,
45089e,True,True,True,Many users commented on the effectiveness of the new technology in promoting closer relationships among providers.,
95953e,True,True,True,"While AILA has joined the ACLU and other organizations in a Freedom of Information Act request to find out who is being detained where and why, Mohammed notes that the reasons for the immigrants' detention were not immediately clear and sometimes had dire consequences.",
142194e,True,True,True,"In contrast, suppliers that have continued to innovate and expand their use of the four practices, as well as other activities described in previous chapters, keep outperforming the industry as a whole.",
100754e,True,True,False,"We'll be the first to admit we make mistakes, but most of those are bureaucratic.",
113087n,True,True,True,uh the one we thought would be the most timid uh turned out to be the one that stuck with it and was the first to learn,
125631c,True,True,True,"As a result, product proliferation represents a shift in the curve relating sales volume and variability (see Figure 7.4).",
28827c,False,False,False,Information Computer Attacks at Department of Defense Pose Increasing Risks,
99244n,False,True,True,The panels are to collect advice and recommendations from representatives of affected small entities as part of their deliberative process.,
69077e,True,True,True,You now have the opportunity to help your school honor Dr. Phillips by contributing to an endowed professorship in his honor which will help assure continuation of his work.,
6857c,True,True,True,This fellow is flying a hot air balloon and suddenly realizes he is lost.,
23164c,True,True,True,"As we strive to continue and improve upon our efforts for the community, it is our hope that you will join us by providing Keep Indianapolis Beautiful with a generous gift.",
48098n,True,True,False,Junior may have wrecked the car and daughter may have attained the age for orthodontia.,
75609c,True,True,True,"As this was happening, passenger Daniel Lewin, who was seated in the row just behind Atta and Omari, was stabbed by one of the hijackers-probably Satam al Suqami, who was seated directly behind Lewin.",
29451c,True,False,True,"That was the first time I saw them, the gue, the guerillas.",
123207e,True,False,True,Gifts of $100.00 are more are recognized through various ways by the school.,
146073c,True,True,True,One of us will call you to discuss how your company can become an important highly visible partner with the JCC in support of our scholarship programs.,
114316n,True,False,False,There's a dramatic difference between someone like Michael Dell and someone like Al Dunlap.,
7248n,False,False,False,"(The Ramseys buried their daughter in Atlanta, then vacationed in Sea Island, Ga.) This absence, some speculate, gave the Ramseys time to work out a story to explain their innocence.",
73706c,False,True,True,and i'll go there for you know two months straight we won't go anyplace else,
111179c,True,True,True,"The Standard , published a few days before Deng's death, covers similar territory.",
84092e,True,True,True,"But if banks, airlines, and communications companies accept key recovery, the terrorists will risk potential exposure every time they do business with those institutions.",
133355n,True,True,True,You can see from the enclosed newspaper article the quality and diversity of those who receive this honor.,
11376n,True,True,True,This in turn will help us to increase and even improve the services we offer.,
108965c,True,True,True,The vocabulary-building argument is a potent one for proponents of Latin education.,
16054c,True,True,True,"As our consideration of Anselmo and his parents revealed, doing the task for the child severely reduces learning and self-regulation.",
57380e,True,True,True,I lay awake waiting until I judged it must be about two o'clock in the morning.,
78762n,False,False,False,This figure represents only 5 percent of the total cost that law students paid for their legal education.,
112283n,True,True,True,"The remainder of Chapter 1 is mainly a catalogue of misinterpretations, aberrations, and plain errors regarding the use of man as a generic.",
144549n,True,True,True,"When we encounter the young woman again, she has taken a job as the live-in domestic at a huge and crumbling Roman townhouse belonging to an English loner named Jason Kinsky (David Thewlis).",
100373n,True,False,True,PROGRAM ACCOUNT -The budget account into which an appropriation to cover the subsidy cost of a direct loan or loan guarantee program is made and from which such cost is disbursed to the financing account.,
7707c,False,True,False,so i how do you feel that it should be applied,
60870n,True,False,False,"As described below, the ensuing years saw additional efforts to establish connections.",
40715e,True,True,True,Eighty percent of pagers in the United States were knocked out by a satellite malfunction in space.,
52784n,False,False,False,oh you know i like what i'm doing right now,
134221n,False,True,True,"During the 1980s, however, the amount of inventory held by Federated ballooned while it faced bankruptcy.",
82573c,True,True,True,"Just when you thought it was safe to assume that we now know all we are ever likely to know about the past, someone digs another hole and unearths (literally or figuratively) some ancient one day it is a fragile scroll, found in a cave near the Dead Sea, that turns out to be pre-Biblical; the next day it is an entire terracotta army of Chinese the next it is a skull, excavated from the Olduvai Gorge, that compels anthropologists (once again) to revise their guesses about the earliest stages of Homo sapiens sapiens vs hominids.",
123164n,False,False,False,"And, where the reference is made in the first paragraph to the twanging release of Ulysses' silver bow, that the bowman is not Ulysses but Apollo, shooting into the Greek camp.",
114418c,True,True,False,What did you enjoy about reading the Lewis and Clark journals?,
53755n,False,False,False,"He next spoke to Vice President Cheney, Dr. Rice, New York Governor George Pataki, and FBI Director Robert Mueller.",
133075c,True,True,True,"The Wither's eldest boy, one of the four of the town militia, saluted in the old style with his stick sword.",
47642c,True,True,True,"But to you, who know the truth, I propose to read certain passages which will throw some light on the extraordinary mentality of this great man."" He opened the book, and turned the thin pages.",
93786c,False,True,True,One spoke very little English and one spoke excellent English.,
25750e,True,True,True,"9 About two-thirds of the production volume of our surveyed business units did their marker-making, spreading, and cutting in a single location.",
121624e,True,True,True,"Throughout much of the post-World War II era, the majority of men's shirts sold in the United States were white dress shirts, primarily through department stores.",
80600n,False,False,False,or yeah exactly and that's what i say you'll you'll be you'll be so much better off for it as you get older because you know a lot of kids resent things that parents tell them and and stuff but it's because you've been there,
98367e,True,True,True,and uh it may be a Mexican pizza sometimes both together um along with and see it which is really funny too you know normally she goes straight for vegetables except when she's having French fries,
131068e,True,True,True,"At 9:00, American Airlines Executive Vice President Gerard Arpey learned that communications had been lost with American 77.",
33530c,True,True,True,"The tourist industry continued to expand, and though it became one of the top two income earners in Spain, a realization that unrestricted mass tourism was leading to damaging long-term consequences also began to grow.",
49773c,True,True,True,The line to the White House shelter conference room-and the Vice President- kept cutting off.,
106081e,True,True,True,"Increased saving by current generations would expand the nation's capital stock, allowing future generations to better afford the nation's retirement costs while also enjoying higher standards of living.",
123098n,True,True,True,"Jon was fighting at full speed, sweat forming on his brow.",
93357e,True,True,True,"So is the salt, drying in the huge, square pans at Las Salinas in the south.",
125083n,True,False,False,"Alternatively, there are Sousa and Goncalves (Rua do Castanheiro, 47) and Unibasket (Rua do Carmo, 42; Tel. 291/226 925), both in Funchal.",
39867e,True,True,True,and it's just like college too i think that if a kid goes to college and you can help them fine but i don't think you should pay the whole way,
62643c,True,True,True,"Your past contribution provided a direct line of support for local programs that promote health and wellness, strengthen families, invest in our children, help people become self-sufficient, and serve the elderly and disabled.",
112084c,True,True,True,"Over time, their policies- repression, rewards, emigration, and the displacement of popular anger onto scapegoats (generally foreign)-were shaped by the desire to cling to power.",
70875e,True,True,True,"To keep the colors fresh, he dabbed the carcass with blood from a pail, then grabbed his paintbrushes to capture those lurid reds on canvas.",
29449e,True,True,True,"I always had to get up early, milk the cows, and, uh, run, run them, as we say, because it's a, to the pastures, until times got pretty bad, and one day, I sent my daughter to, to the pasture to bring in the cows.",
36481n,False,False,False,"Yeah, he taxied to a gas station to fill it up.",
24656e,True,True,True,"Under Deng Xiaoping, Beijing actively sought to cultivate a good bilateral relationship.",
3852e,True,True,True,"The statue was beheaded several years ago by islanders, who blame Josephine for her role in the slavery in Martinique.",
98099c,True,True,True,"Somebody who obviously that English was not their first language, but they wrote a book?",
111643n,True,False,False,"The vineyards hug the gentle slopes between the Vosges and the Rhine Valley along a single narrow 120-km (75-mile) strip that stretches from Marlenheim, just west of Strasbourg, down to Thann, outside Mulhouse.",
9060n,True,True,True,"Yes, undoubtedly the hand of Mr. Brown! Mr. Carter paused.",
130482e,True,True,True,Trays can be found in all sizes and those with a wooden stand make wonderful portable tables for the home.,
69122c,True,True,True,"Alternatively, an adept supplier who uses information for planning, production, and distribution may well share in the competitive advantages derived from better information on the true state of final customer demand.",
99037n,True,True,True,"Summer boasts long, warm days with strong sunlight and hazy views.",
61781e,True,True,True,"go off half cocked Muzzleloaders, then as now, had a half cock, or safety position, for a gun's hammer that partially back-locked the trigger mechanism so that the weapon could not be fired.",
107608n,True,True,True,"In an atmosphere of economic crisis stagnant productivity, bank closures, and rising unemployment conservatives wanted somebody tougher, more dynamic than eternally compromising old-style politicians.",
39076e,True,True,True,"Um, she always kept all her bills and expenses at an absolute minimum ran everything very efficiently kept an extremely tidy house uh.",
9022c,True,True,True,"I'm sure he'll be back to work soon enough- it's only a leg wound, barely broken flesh.",
12913e,True,True,True,"Two days a week, Kevin leaves his office 45 minutes early to take charge of his 2-year-old daughter, Sophie, while her mother, a university professor, teaches a late class.",
109623c,True,True,True,"Thus, recent evidence suggests that by not including an estimate of reductions in short-term mortality due to changes in ambient ozone, both the Base and Alternative Estimates may underestimate the benefits of implementation of the Clear Skies Act.",
22128n,False,False,False,"As Damon's message suggests, in building an eective vision of child development and child rearing, neither the child's inner thoughts and feelings nor the role of adult guidance can be singularly extolled or wholeheartedly ignored.",
73294c,True,True,True,"Historians have often discussed the three estates of the Western world'nobility, church, and commons.",
61396e,True,True,True,"Again, let me assure you that we would appreciate receiving one million dollars from you and each of our 161 alumni.",
132947c,True,True,True,"Beautiful examples of enamelware, ceramics, and pottery are produced in great abundance, often following a Celtic theme.",
38978n,False,False,False,"Um, I like this area a whole lot and it's, it's growing so much and I just want to be near my family so I can take care of them whenever they get older.",
111845n,True,True,True,We believe such statements do not reflect an adequate appreciation of the FAA's responsibility for the safety and security of civil aviation.,
86793c,True,True,True,"But he said he thought the Ledfords understood they could qualify only if he put down a stated income, typically an undocumented business income that raises the borrower's interest rate.",
129295c,True,True,True,FAA personnel at both Reagan National and Dulles airports notified the Secret Service.,
92252n,True,True,True,"Believing they had only a minute or two, the Vice President again communicated the authorization to engage or take out the aircraft.",
96619n,True,True,True,"' The principal parent of Yiddish is High German, the form of German encountered by Jewish settlers from northern France in the eleventh century.",
115173n,True,True,True,Practice 16: Be Alert to New Monitoring Tools and Techniques,
123131c,True,True,True,"True to his word to his faithful mare, Ca'daan left Whitebelly in Fena Dim and borrowed Gray Cloud from his uncle.",
3103n,True,True,True,"The track continues past the necropolis to an impressive amphitheatre, very probably carved by Nabateans, but influenced by the Romans.",
136882c,True,True,True,"It was a splendid life ”I loved it."" There was a smile on her face, and her head was thrown back.",
35053n,True,True,True,"Not only must capital goods be replaced as they depreciate, but new generations of workers must be comparably",
36004e,True,True,True,"And I said, I don't have anybody, I said, hidden away.",
49434n,True,False,True,it's so bad wanted to mow today i was off and i wanted to mow the yard but just walking across it it's still so mushy if i took a mower out there i'd tear the sod up so bad,
140517c,True,True,True,Not too many stories about Grandmom and Grandpop though they were pretty quiet.,
10164n,True,False,False,"findings, the Administrator has determined that an environmental impact statement need not be prepared.",
107353c,True,True,True,"The emergence of textile, apparel, and retail enterprises in the United States is full of fascinating twists.",
20254n,True,True,True,"His vigorous strides soon enabled him to gain upon them, and by the time he, in his turn, reached the corner the distance between them was sensibly lessened.",
23765c,True,True,True,well the difficulty is is if you look in the Old Testament and and the numbers of places that uh the Lord went out and just simply struck down and that was part of the problem when they went into the Promised Land that they that they uh they didn't destroy everybody and that that's,
51481e,True,True,True,"This is not surprising, given the traditional retailing strategy under which retailers commit to purchases well in advance of the selling season.",
51311e,True,True,True,Be forewarned that the download takes quite a while via modem.,
37231n,False,False,False,"Unlike PBS, however, SLS uses the single garment rather than the bundle as the unit of production.",
65289c,True,True,True,Kyoto's kabuki troupe performs in December and Osaka's in May.,
77893c,True,True,True,"As he stepped across the threshold, Tommy brought the picture down with terrific force on his head.",
18050n,False,False,False,"After consulting with NEADS command, the crew commander issued the order at 9:23:Okay . . . scramble Langley.",
75554n,True,True,True,yeah i'm i'm sort of an acting process engineer but not officially but that's pretty much what i do yeah,
130277n,True,True,True,"What are you going to do about it?"" Tuppence frowned severely.",
40672c,True,True,True,He trained in desktop publishing and combined his enthusiastic work ethic with new-found skills in a burgeoning industry.,
21867e,True,True,True,"In the other bracket, the Broncos beat the New York Jets.",
66070e,True,True,True,His plan was a simple a symmetrical design with straight streets and grand squares.,
136097e,True,True,True,and going to school is also always very prohibitive now unless your parents are wealthy,
46300n,True,True,True,"Its scorecard included measures for accuracy, speed and timeliness, unit cost, customer satisfaction, and employee development and satisfaction.",
40100c,True,True,True,Linda Tripp was indicted for illegally taping telephone conversations with Monica Lewinsky.,
108846c,True,True,True,"Or, eligibility could be restricted to those who have already been pregnant, or at least sexually active; to those over age 13, or under age 21; or some combination thereof.",
98237c,True,False,True,He writes that it's the first time he's added such a track.,
53274n,True,True,True,"And, pursuant to the President's instructions I gave authorization for them to be taken out.",
99572n,True,True,True,"Tax purists would argue that the value of the homemakers' hard work--and the intrafamily benefits they presumably receive in return for it--should, in fact, be treated as income and taxed, just like the wages paid to outside service providers such as baby sitters and housekeepers.",
49646e,True,True,True,"I can remember Mom and Dad saying Grandmom in the kitchen hollering, Daddy, Daddy, Daddy I wish you wouldn't talk like that in front of the girls.",
122236c,False,False,False,"And really it's a great relief to think he's going, Hastings, continued my honest friend.",
102629e,True,True,True,Congress' determination to make agencies accountable for their performance lay at the heart of two landmark reforms of the 1990 the Chief Financial Officers (CFO) Act of 1990 and the Government Performance and Results Act of 1993 (GPRA).,
26346e,True,True,True,The early phases of the Industrial Revolution in England were closely linked to the mechanization of the textile industry and its transfer from the home to the factory.,
45443c,False,False,False,"This confluence of a bad tax, a $1 billion reserve, a botched opposition campaign, and voters willing to call a bluff resulted in the I-695 victory.",
77442n,True,False,False,"I've been going up as a progress in school, so I, it will be a good change for me.",
120230c,True,True,True,One of the passengers who mentioned a bomb expressed his belief that it was not real.,
20274n,True,True,True,"In the summer, the Sultan's Pool, a vast outdoor amphitheatre, stages rock concerts or other big-name events.",
125766n,True,True,True,"Recall the Zinacanteco Indian child weavers and the Brazilian child street vendors, who are advanced in skills relevant to their own culture yet behind on tasks devised for children in Western industrialized nations.",
117713c,False,False,False,"The traditional opening time for many hotels is the Orthodox Easter, although some do not open until the end of April.",
14707e,True,True,True,Then he came and we stayed on in the same place.,
62648n,False,True,False,"Because he knew little about the cattle business and cared less, he never got around to branding his stock.",
105191c,True,True,True,The Washington Post called it the culmination of a six-month game of political chicken.,
26957e,True,True,True,Your National Audubon Society membership also gives you the opportunity to be part of the Audubon Network.,
91748c,True,True,True,"In terms of the retail bottom line, this risk appeared in the indirect costs associated with holding inventories of unwanted products and stock-outs of popular items.",
37172e,True,True,True,You'll find galleries in all the major towns and in some of the smaller villages.,
83709c,False,False,True,"And like the autobiographical and everyday narratives that adults generate, children's narratives increasingly focus on people's internal states'their desires, feelings, and She wanted it so much or I felt bad.",
12484n,False,False,False,"bound in fetters, they work continually without being allowed any rest by night or day.",
138013c,False,True,True,We are most grateful for your support in whatever amount you can spare!,
68165e,False,True,True,"In the moment of victory, Tuppence betrayed a somewhat unsportsmanlike triumph.",
138711c,True,True,True,"The new requirements stress closer attention to individual learning between students and advisers and emphasize the connections among literary study, writing, and linguistics.",
81009n,True,True,True,"If the data from a series of tests performed with the same toxicant, toxicant concentrations, and test species, were analyzed with hypothesis tests, precision could only be assessed by a qualitative comparison of the NOEC-LOEC intervals, with the understanding that maximum precision would be attained if all tests yielded the same NOEC-LOEC interval.",
1278n,True,True,True,"After it has been installed, the DOS, as it is called (once identified, nothing in computerese is ever called by its full name a Personal Computer becomes a PC; a Disk Operating System becomes a DOS; if it is made by a company called MicroSoft, it is called MS/DOS), performs certain functions, though rarely any that anyone but a computer specialist would want to perform.",
46459n,True,False,True,yeah i've always threatened to take lessons but i've never gotten around to it,
23010n,True,True,True,"Al Qaeda helped Jemaah Islamiya (JI), a nascent organization headed by Indonesian Islamists with cells scattered across Malaysia, Singapore, Indonesia, and the Philippines.",
78982n,False,False,False,"In some developing countries, workers are brought to the factories, which are generally located at the outer reaches of the local industrial infrastructure.",
132042c,True,True,True,"""You're not going to marry him, do you hear?"" he said dictatorially.",
74989e,True,True,True,"33 By 1994, the Saudi government would freeze his financial assets and revoke his citizenship.",
12401e,True,True,True,"Only smooth and clever entry into the make-believe activity'for example, inviting the dolls and stuffed animals to get up for breakfast'could lure Mattie into starting the real part of her day without protest.",
7408c,True,True,True,"She uses speech derived from that conversation to refiect on the thunder, allay her fear, and help her wait until Deb's task is finished and they can go inside.",
128657c,True,True,True,"The Congress, which controls our funding levels, began to include many members who did not support the purpose and goals of a federal civil legal services program.",
131624e,False,False,False,"So it has gone, with conspiracism playing a role in crisis after crisis.",
118460n,True,True,True,and the other thing is the cost it's almost prohibitive to bring it to a dealer,
130310n,True,True,True,"Both were run by editors (Paul Williams, Jann Wenner) who saw rock stars as modern poets and voices of their generation.",
51486c,True,True,True,"Standard print film is available in many shops in the major towns, but serious shutterbugs will want to seek out one of the following photography stores for a full range of specialist film and Abbey Photographic, 25, Stramongate, Kendal LA9 4BH; Tel. (01539) 720-085, or The Photo Shop, North Road, Ambleside, Cumbria LA22 9 DT; Tel. (015394) 34375.",
60318n,True,True,True,"It took somebody like Slater'an indentured apprentice for over six years at the Arkwright and Strut's plant in Milford, England'to ferry the plans to America.",
86918e,True,True,True,"At 9:32, a third radio transmission came over the Keep remaining sitting.",
55241n,True,True,True,"[W]omen mocking men by calling into question their masculinity is also classified as sexual harassment, the paper added.",
20375e,True,False,True,"In the stock market, however, the damage can get much worse.",
115150e,False,False,False,"We hate them because they are smarter, or more studious, or more focused than we are.",
9128c,True,True,True,At the top of the hill is the imposing medieval fortress of Kadifekale.,
71845n,True,True,True,", First-Class Mail used by households to pay their bills) and the household bill mail (i.e.",
94511c,True,False,True,"For a second, I thought the crowd might provide me with some cover, or at least slow my pursuers down with its sheer density.",
5848n,False,False,True,"So let me draw a slightly different moral from the saga of beach volleyball as it has evolved in our If, as Speaker Gingrich says, the price of volleyball is eternal freedom, still it may take a village to raise a volleyball net.",
64009e,False,True,False,The bull start making his noises and all that other stuff.,
6663n,True,True,True,"And as our discussion in Chapter 6 will reveal, on the whole, the quality of American child care'whether center-based or home-based'is mediocre to abysmal.",
140449n,False,False,False,"In Cecilia's case she had to face the situation with a limited education, no skills and no source of income.",
34574e,True,True,True,"The Report and Order, in large part, adopts the unanimous recommendations of the Hearing Aid Compatibility Negotiated Rulemaking Committee, an advisory committee established by the Federal Communications Commission in 1995.",
137646n,False,False,False,"New York 's John Leonard calls Oz an ecology and anthropology of terror, not for the faint of heart or the queasy of stomach ...",
120254c,True,True,True,because like Tech is known to be a good engineering school and A and M maybe is known more for computers,
12696c,False,False,False,"You shouldn't drink that non-pasteurized milk, but hey, it never hurt us.",
53545c,True,True,False,Emergency physician attitudes concerning intervention for alcohol abuse/dependence in the emergency department.,
57557c,True,True,False,"This is my old friend, Monsieur Poirot, whom I have not seen for years.""",
120328e,True,True,True,"metaschizotherium Not an over-arching, society-wide split personality, but mind blowingly enough an extinct rhino with a fivetoed foot.",
60022n,False,True,False,"Third, no middle ground exists in what Qutb conceived as a struggle between God and Satan.",
106975c,True,True,True,This simple fact of sewing makes it very difficult to automate the process.,
114539e,True,True,True,Your support is vital and your generosity will make a real difference.,
26372c,True,True,True,"Just like we have hairpins and powder-puffs."" Tommy handed over a rather shabby green notebook, and Tuppence began writing busily.",
119065n,False,False,False,but you know they kids seem like when they get ten or twelve years old they fall out of that and and they don't follow it at all you know there're very few scouts go on and become Eagle Scouts and and i don't know what the high rank is for the gals but,
138770e,True,True,True,"Throughout this book'and especially in Chapter 5, which addresses the development of children with physical and mental disabilities'we will see many more examples of these synergistic eects.",
94914e,True,True,False,Chapter 4 ( The Building Blocks of Lean Retailing) describes how the essential elements of lean retailing'bar codes,
47607e,True,True,True,"Since 1984, Indy Reads (formerly the Greater Indianapolis Literacy League) has provided tutoring to adults in Marion County reading at the very lowest level of literacy.",
30564e,True,True,True,"He found lodgings with Younis Khalis, the head of one of the main mujahideen factions.",
90965n,True,True,True,"Not quite as large is the Papal Crose commemorating Pope John Paul II's visit in 1979, when more than one million people gathered to celebrate mass.",
126219e,True,True,True,"It is appropriate, therefore, to reconsider whether United 93 would have been intercepted.",
125272n,True,True,True,yeah you can also do the same thing using um if you have ground beef just stir fry the ground beef drain off the oil use the same hoi sin sauce and um some of the frozen mixed vegetables,
28256c,True,True,True,"A Stitch in Time is organized into five sections, roughly corresponding to the channel components.",
53922c,False,True,True,okay i'll keep that in mind yeah you serve that yourself or the for a family,
130493c,False,True,True,"Denim is from de `from' + Nimes , the town.",
14710e,True,True,True,Spock did not cure American mothers and fathers of their impossible dream of being professional parents equipped with the developmentally correct answers.,
64336c,True,True,True,you know they can't really defend themselves like somebody grown uh say my age you know yeah,
136145e,True,True,True,Subcontractors who might do cutting as well as sewing are provided with enough fabric to make the order.,
138870c,True,True,True,"At 8:26, Ong reported that the plane was flying erratically.",
94594c,True,True,True,"I want to thank you for your past support of the Visiting Nurse Service Foundation, Inc.",
74187c,True,True,True,"Like when I lived at home, we did not get along at all for anything in the world; we would fight all the time.",
66185e,True,False,True,The political cleansing that did not happen through the impeachment process leaves Clinton with a great and serious burden.,
21358c,True,True,True,"In some respects, it may not be long before certain aspects of dialect geography will be largely historical.",
136639e,True,True,True,"The mansions have been downgraded to consulates since the capital was transferred to Ankara in 1923, and modern shops and restaurants have sprung up.",
111805n,True,False,True,and uh the whole organization was targeting to replace whole life policies with a term life with annuity an annuity and uh,
32610n,True,False,True,"If these special children are to become the adults we all need them to be, we have to lead them in the right direction right now.",
98154n,True,False,True,"They welcome the chance to belong, to become self- sufficient, to regain their self-esteem and confidence.",
124721n,False,False,True,It praised the 1983 suicide bombing in Beirut that killed 241 U.S.,
97791n,False,False,False,"At the end of 1979, the Soviet government sent in military units to ensure that the country would remain securely under Moscow's influence.",
112868c,True,True,True,The President emphasized to us that he had authorized the shootdown of hijacked aircraft.,
136426e,True,True,False,um-hum yeah that's very true you know how many is it they say we have so many lawyers in this country and i guess i i live near Washington being in in Baltimore it's something like one in four people in the Washington,
37436e,True,True,True,"Together they had a force of 130 attorneys and the responsibility to serve the civil legal needs of about 550,000 poor and vulnerable people throughout the state.",
3800n,True,True,True,"However, some participants cautioned that principle-based standards should not be viewed as a panacea to solve the problems with financial reporting and could lead to an undesirable situation where you would not have comparability or agreement as to the treatment of similar transactions.",
129159c,True,True,True,"At 9:42, the Command Center learned from news reports that a plane had struck the Pentagon.",
45537c,False,False,True,Those Creole men and women you'll see dancing it properly have been moving their hips and knees that way since childhood.,
71824n,True,True,False,Text box 4.1 describes how the NIPA and unified budget concepts differ.,
84079n,False,False,False,"Sadly, vandals removed all the tomb's spectacular treasures, but they did leave the gentle beauty of rose and poppies in rich inlaid stones of onyx, green chrysolite, carnelian, and variegated agate.",
127151c,True,False,False,"In addition, they overstated the FAA's ability to provide the military with timely and useful information that morning.",
109122e,True,True,True,"Notice how, for the biological side of brain development to go forward, appropriate stimulation is essential while formation of neural connections is at its peak.",
83926e,True,True,True,Today it is the effects of pollution that are taking their toll on Agra's monuments.,
135920e,True,True,True,That fund would allow us to grant a $500 scholarship annually to meritorious applicants with financial need.,
113913e,False,True,False,"To be fair, Si doesn't pay for all such treats.",
23423e,True,True,True,Your child was a recent participant in a Social Health program at his or her school.,
55679c,False,False,False,"As surveys have shown that etymological information is the least often sought after, making the average user wade through the etymology before getting to the definition has always seemed pointless and irritating to me; besides, it is unlikely that the serious, consistent seeker of etymological information is likely to use anything but the OED or a major etymological dictionary.",
82887e,True,True,True,yeah yeah so it's interesting to talk to somebody from that general vicinity,
140983c,True,True,True,"Clearly, this rosily checkered past was soon to be replaced, chiefly, it seems, as Judeo-Christian-Islamic-Confucian-Buddhist cultures flourished.",
23225n,True,True,True,"Specific cliches' working wife, working mother, house-wife , etc.'are discussed, with sober explanations of why they are offensive and with suggestions for suitable alternatives.",
69236e,True,True,True,"To be sure, it is the most common meaning, which is why it is listed first.",
143608e,True,True,True,"In research designs based on statistical inference, the criterion for establishing casuality is whether the findings are likely to have occurred by chance following appropriate comparisons to eliminate alternative interpretations.",
139028c,True,True,True,kind of like for the same reasons as you i just the care that goes into them and you know if i you know decide to take off for a week or so,
36811e,True,False,True,"This having come to his stepmother's ears, she taxed him with it on the afternoon before her death, and a quarrel ensued, part of which was overheard.",
36814n,True,True,True,"He and his wife had lived at Styles Court in every luxury, surrounded by her care and attention.",
111693e,False,False,False,The conspiracy-minded allege that the chains also leverage their influence to persuade the big publishers to produce more blockbusters at the expense of moderate-selling books.,
52883c,False,False,False,"Islamist revival movements gained followers across the Muslim world, but failed to secure political power except in Iran and Sudan.",
64170e,False,True,True,"Um, as a child, what did you like most about the story, as opposed to what you would like most about it now?",
96122c,True,True,True,"Examples of franglais which they find particularly monstrous are, I hear, to be condemned to a newly created Mus??e des horreurs.",
48093n,True,True,True,"Obviously, if all members of the two Boards were to pledge $1,000 per year, we would be most grateful and we would have a great story to tell.",
8697e,True,True,True,"Second tier, but nearly as promising, are Morales of Texas, Scott Harshbarger of Massachusetts, and Dennis Vacco of New York.",
101195c,True,True,True,These traditional low-drafted craft ply effortlessly and quietly through the water guided by their experienced pilots.,
136433n,False,False,False,It is regrettable that Lederer uses the word corruption (p.,
37064c,True,True,True,At least two callers from the flight reported that the hijackers knew that passengers were making calls but did not seem to care.,
19001n,True,True,True,"Each year, we help thousands of people who face tremendous obstacles.",
74617e,True,False,False,"For example, the Secretary of Labor has used his or her bully pulpit to call attention to the problem",
3916c,False,False,False,"The publisher sent unrevised bound proofs from which this review was prepared; unfortunately, there was no proof of an index, but the publisher has assured me that there will be one in the published book, a rather essential ingredient of a work with this title.",
6079e,True,True,True,So this story was read to you by your cousins?,
104049e,True,True,True,Every August young women convene to light joss sticks and some even climb the nine-meter (30-ft) rock to pray for good husbands.,
71365e,False,False,True,"We noted earlier that a retailer's decision about how much to stock depends on the demand forecast for the product, the level of product availability it wishes to provide to customers, the frequency with which it will place replenishment orders, and the lead time to acquire replenishment units.",
138272c,True,True,True,yeah uh-huh but we look at it sort of as an investment in the future too,
11838c,True,True,True,I noticed that there was a long branch running out from the tree in the right direction.,
57773c,True,True,True,"Very often the emperor was only a minor, so that the Fujiwara patriarch acted as regent.",
56320c,False,False,True,"For big Raj-buffs, the supreme example of Indo-Gothic style is the Victoria Terminus, affectionately abbreviated to VT nowadays, once the railway station that launched adventures inland, now handling mostly suburban traffic.",
16646c,True,True,True,"One or two, replied Tommy modestly, and plunged into his recital.",
46949c,True,True,True,"Then as he caught the other's sidelong glance, ""No, the chauffeur won't help you any.",
76895c,True,True,True,"At the eastern end of Back Lane and turning right, Nicholas Street becomes Patrick Street, and in St. Patrick's Close is St. Patrick's Cathedral .",
58377e,True,True,True,"Whether you drink beer or alcohol or not, a trip to Dublin isn't complete without a visit to some of its pubs don't miss this experience.",
25151n,False,False,False,"Only trouble was, they had infinite ammunition...we only had so many bullets.",
74000c,True,True,True,"In any case, on May 19, 1996, Bin Ladin left Sudan-significantly weakened, despite his ambitions and organizational skills.",
71773e,True,True,True,A 1997 Henry J. Kaiser Family Foundation survey found that Americans in managed care plans are basically content with their own care.,
97427e,True,True,True,"Simply put, the less certain retailers are of the demand for their product, the more safety stock they must hold to meet consumer needs.",
86676n,False,False,False,The way we try to approach it is to identify every legal problem that a client has.,
94674n,False,True,True,"Meanwhile, a site established for the WorldAid '96 Global Expo and Conference on Emergency Relief, which took place last fall, gives you a firsthand glimpse of the frequently crass world of the relief business (note the long list of commercial exhibitors in attendance).",
91106n,True,False,True,SSA is also seeking statutory authority for additional tools to recover current overpayments.,
61662e,True,True,True,"as invested with its dignity, since the seventeenth century just as the Crown has been used for the monarch, or the Oval Office has come to stand for the President of the United States.",
121153c,True,True,True,Even the lower limit of that differential compounds to a hefty sum over time.,
105932n,True,True,False,"The central porch is still intact, depicting Jesus's entry into Jerusalem, the Crucifixion, and other scenes from the Bible.",
19633c,True,True,True,"According to Jane Langmuir, director of the project, water and heat come together and create a totally new appliance.",
48222c,True,True,True,"News berates computer users for picking obvious, easily cracked passwords and chastises system administrators for ignoring basic security precautions.",
25257c,True,True,True,Do you remember the combination of elation and apprehension you felt when you first left home?,
54110c,True,True,True,bGross national saving is held constant as a share of GDP at 18.,
27858c,False,True,True,"O brave new world,/ That has such people in 't.",
13139n,True,False,True,A Stitch in Time uses the U.S. apparel story to highlight the transformation of retailing and manufacturing across the board.,
102112c,True,True,True,"As the above clues demonstrate, a Graphic CE should be accompanied not only by a flag but also by a Semantic CE.",
96392n,True,False,False,"We didn't know as much about it as we do today, and were learning and adjusting to diabetes at the same time we were building our marriage.",
125009n,True,False,False,YOU CAN HELP SUPPORT THESE AND OTHER NEEDED SERVICES HERE IN CENTRAL INDIANA.,
131341e,True,True,True,"It features over 50 outlets for discounted designer fashions, from Armani to DKNY.",
45760e,True,True,True,"By the 1990s, high birthrates and declining rates of infant mortality had produced a common problem throughout the Muslim a large, steadily increasing population of young men without any reasonable expectation of suitable or steady employment-a sure prescription for social turbulence.",
15560c,True,True,True,yeah uh-huh yeah it's one of the things uh if you read in the newspapers and stuff he's the critics really like it or they really don't,
29258c,True,True,True,Their rights have been the source of conflicts in the central government.,
3465e,True,True,True,"Grandpop was a very quiet, somber man he wouldn't say much but uh, Gra ndmom was a little more boisterous.",
12698c,True,True,True,You couldn't leave it if you didn't rinse your glass out after you got drinking after you got done drinking it would stick to the glass to the point where you'd have to scrape it.,
87758e,True,True,True,Incoming strays increased by 19 percent over the last three years and is expected to continue to climb.,
58192n,False,False,False,"In April 1453 the Sultan's armies massed outside the city walls, outnumbering the Byzantines ten to one.",
8282e,True,True,True,any bad stuff so uh i think TI we spend of of of all the major semiconductor firms we probably put safety and environmental on the utmost foremost uh uh first thing we always look at and we probably put more money into the systems and engineering behind the systems than any other firm i know of we eat and sleep the stuff everything we do over here and uh,
620n,True,True,True,you know like CODA comes out of your out of your pay and the credit union comes out of your pay so we don't have to do anything there and the rest of it as far as my salary goes i just have it automatically deposited in into our bank,
104303n,False,False,False,"High Crimes is painfully shoddy, even for a book rushed to press.",
21465c,False,True,True,oh boy it the i think it's like one or the other isn't it i mean you either,
50063c,True,True,True,"Spreading the cloth many plies thick without stressing the cloth is, again, one of the quality steps of getting ready to sew.",
113453c,False,False,False,"As one witness recalled, [It] was almost like there were parallel decisionmaking processes going on; one was a voice conference orchestrated by the NMCC . . . and then there was the [White House video teleconference].",
16155e,True,True,True,Hall said that Britain has enjoyed a half-century of pre-eminence in this field of endeavor and that this could now be destroyed.,
130153e,True,True,True,"We had a great big book of Grimm's Fairytales, and looking back on that they were grim!",
56754n,True,True,True,"Well aware of the island's burgeoning wealth and repository of supplies, the French pirate Bertrand de Montluc sailed into Funchal harbor with his 11-galleon armada and 1,300 men.",
139137e,True,True,True,"67 through .67d, provide a mechanism for limiting the issues on which a trial-type hearing is required; allow the Postal Service to explain the unavailability of data that would otherwise have to be filed; and provide for data collection for the duration of the experiment.",
28387n,True,True,False,Shall I tell you what it would be like for your soul to live in the muck of a swamp in a mandrake root? Dave shook his head.,
6534e,True,True,False,"South Carolina has no referendum right, so the Supreme Court canceled the vote and upheld the ban.",
144173c,True,True,True,and then i got into it and then back out of it and it it just seems like every couple of years i get back in there,
56344e,True,True,True,"The Herndon Command Center immediately established a teleconference between Boston, New York, and Cleveland Centers so that Boston Center could help the others understand what was happening.",
98445e,True,True,True,"It seeks genuine direct elections after a period that is sufficient to organize alternative parties and prepare a campaign based on freedom of speech and other civil rights, the right to have free trade unions, the release of more than 200 political prisoners, debt relief, stronger penalties for corruption and pollution, no amnesty for Suharto and his fellow thieves, and a respite for the poor from the hardest edges of economic reform.",
55539e,True,False,True,"So I remember silly things like that, that were a lot of fun . I read, uh, the story that, I don't, this isn't, ah, I think the first real story that I read was, uh, The Red Badge of Courage.",
55730e,False,False,True,"At 9:39, the NMCC's deputy director for operations, a military officer, opened the call from the Pentagon, which had just been hit.",
44877e,False,True,True,"FAA controllers at Boston Center, which had tracked the first two hijackings, requested at 9:07 that Herndon Command Center get messages to airborne aircraft to increase security for the cockpit.",
44493e,True,True,True,"But Japan was reluctant to sue for peace because the Allies were demanding unconditional surrender with no provision for maintaining the highly symbolic role of the emperor, still considered the embodiment of Japan's spirit and divine origins.",
66974e,True,True,True,The looking-glass image of utopia--dystopia--has provided more numerous additions to the English lexicon.,
97624e,True,True,True,Current Chinese leaders have distinctive characteristics that give them significant advantages over the United States in foreign policy.,
17166c,True,True,True,"Recall how Sophie satisfied both teddy bear's and leprechaun's desire for a lollipop, when just one TinkerToy lollipop was available.",
129202e,True,True,True,i think it's real good anyway it's it's been it was nice meeting you,
15268n,False,False,False,Two of them told me yesterday that as a group they decided they had to earn the right to ask others for help by accomplishing something real to help themselves.,
25418c,True,True,True,"However, when I highlighted antecedent , what appeared on the screen was the same list of synonyms but with antecedent missing, and preceding had reappeared.",
134514e,True,True,True,"However, co-requesters cannot approve additional co-requesters or restrict the timing of the release of the product after it is issued.",
141591c,True,True,True,uh-huh well maybe well i've enjoyed talking to you okay bye-bye,
90846n,True,True,True,"In Texas, the ability to produce fairly stated external financial reports was only the first step in building a more effective, resultsoriented government.",
18086c,True,False,True,Miller claimed the First Amendment (right to freedom of speech and association) rather than taking the Fifth (right against self-incrimination).,
40852c,True,True,False,"Um, I read some of the same books that they had read to me, first, and then, as I got older, I just got hungry for books.",
130642e,True,True,True,"And, for the rest of the way home, I recited to them the various exploits and triumphs of Hercule Poirot.",
131495e,True,True,True,"But it was quite a natural suggestion for a layman to make.""",
128387e,True,False,False,"And I remember that being, appearing to be so far in the future.",
104368n,True,True,True,"The first is that I find their interpretation of the evidence often skewed; the second is that while adjustment to lexicon, which they have always strongly advocated, is one thing, modification of grammar is another.",
14672c,True,True,True,"The main gate of the churchyard leads out to Greyfriars Place, and across the street you will find an excellent view of one of Scotland's newest museums.",
76544e,True,True,True,"Very well ”but it's all extremely mysterious. We were running into Tadminster now, and Poirot directed the car to the ""Analytical Chemist."" Poirot hopped down briskly, and went inside.",
46382e,True,True,True,"The next morning they ate dry bread, two strips of lean meat, and two eggs fried in animal fat on a skillet of black scorched iron.",
67699n,False,False,False,"Through repetition of the task and coaching by experts, the operator would become very productive.",
61638n,True,True,True,"Miyares is a quick to share credit for his success with his business partner and long time friend Clay Chong (they own NUVENCO Group, a San Diego based product and business management firm where Chong is president and Miyares vice president); Chong's wife, Jan, administrative supervisor for the organization; and JoAnn.",
43867c,True,True,True,"June 21, 1995, provides the specific requirements for assessing and reporting on controls.",
121910e,False,False,False,"If ancient writings give only a romanticized view, they do offer a more precise picture of Indo-Aryan society.",
57543e,True,True,True,made it yeah made it all the way through four years of college playing ball but,
23756n,True,True,True,"In particular, the model provides a useful framework for assessing the long-term implications of alternative budget policies through their effect on national saving.",
6105c,True,True,False,"Asked about abortion the other day on CNN, Republican National Committee Chairman Jim Nicholson also invoked what is apparently the party-line inclusive party.",
10604e,True,True,True,And two- the personal pronoun problems were going to get serious.,
36563n,False,False,False,"Simply increasing inventory for all SKUs would be a poor allocation of investment, further increasing the order-fill rate for those SKUs for which service levels are already high.",
49396n,True,True,False,The road along the coastline to the south travels through busy agricultural towns and fishing villages untouched by tourism.,
111417c,True,True,True,"Please, consider renewing your support of these great kids today.",
96539e,True,True,True,so we've been out here well really in the house since December and we've been uh planting flowers that we could never plant in San Antonio uh,
36859c,True,True,True,I now submit this report to you and the other designated officials.,
37287c,True,True,True,They just don't like it as much as men do.,
131217e,False,True,False,Detroit Pistons they're not as good as they were last year,
137999e,True,True,True,In order to study performance we must first examine how different manufacturing practices fit together for suppliers.,
122404c,True,True,True,I am asserting my membership in the club of Old Geezers.,
119719c,True,True,True,Concerns over the safety of other aircraft began to mount.,
69431e,True,True,True,"Before 9/11, it was not unheard of for a commercial aircraft to deviate slightly from its course, or for an FAA controller to lose radio contact with a pilot for a short period of time.",
68444c,False,True,False,We discuss the trade-off arising from providing new products with little information on consumer demand (fashion products) and replenishing items on the basis of sales (historically limited to more basic products) in detail in Chapter 6.,
95504e,True,True,True,Your continued generosity can help change a desperate mother's life.,
88896e,True,True,True,"Chair is a Greek compound of kata `down' + hedra `sit, seat.",
90472e,True,True,True,"For example, with a $5 biweekly or $10 monthly contributon, a person can be a Century Club member.",
108324c,True,True,True,His authoritarian rule has prevented the emergence of future leaders and the development of strong civic and political institutions.,
50196c,True,False,True,"These gardens used to belong to the governor's mountain lodge, but the building was demolished by the Japanese during the occupation of Hong Kong.",
100248c,True,True,True,But we don't rule out regulation in the future if industry fails to do a good job of policing itself.,
26744e,False,False,False,"Unfortunately, following the vogue of conceptualism, Kentridge has entered a film in the show, , which uses animation of sketches much cruder than the ones he usually does interspersed with documentary footage from the apartheid era.",
21659n,False,True,True,"(The employee was later rehired, and Bob denies the charge.)",
37633n,True,True,False,"He caught a grip on himself, fighting the fantasies of his mind, and took another breath of air.",
30550n,False,False,False,"He saw Stark buried under the earth, screaming for a mercy or death that would never come and crawling out of the rock decades later.",
6032c,True,True,True,"The increased investment has contributed to higher GDP growth in recent years, and the stronger economy should help in servicing the debt owed to foreigners.",
22238n,False,False,False,"It has been suggested that SF include only those stories which would be invalidated without their scientific content; that fiction which concerns science, scientists, and the impact of science on humans; that which explores alternate existences (whether future, extraterrestrial, or only in characters' minds) based on facts and logical progression via scientific method.",
48557e,True,True,True,It shows clearly enough that my poor old friend had just found out she'd been made a fool of!,
62527c,False,True,False,"Instead, in a number of cases their rulers sought to buy off local Islamist movements by ceding control of many social and educational issues.",
2043e,True,False,False,and uh i know what nothing is when i moved out there,
87394n,False,False,False,"As a member , your voice will be added to those of others across the state, with the message that we can and must create caring communities that support families and shelter children.",
117900e,True,True,True,The Committee intends that LSC consult with appropriate stakeholders in developing this proposal.,
2401c,True,True,True,"And how, OK can you tell me any flood stories about growing up in Penn?",
78507e,True,True,True,"I cannot wait to see a new perfume marketed under the name Mephitis, Osmatique, or Puanteur.",
118141c,True,True,True,it can't last seven years but it can last five IBM says let's throw it away Leading Edge will say we'll buy it from you,
102377e,True,True,True,"Using traditional sewing operations, it typically takes eight weeks to produce a coat, from the time an order is issued for cutting to the moment the finished goods are hanging in a manufacturer's distribution center.",
59879c,True,True,True,The coat manufacturer will have to hold relatively more finished goods inventory of the low volume SKUs than of the high volume SKUs.,
99670e,True,True,True,These runs could cost far more than the value of the small improvement in service.,
53575c,True,True,True,Home in Black Mountain a chile' will smack yo' face;,
102785e,False,True,False,Then detach the lower portion and return to us as soon as possible in the postage-paid envelope.,
86252c,True,False,False,well i think that's about all my pet stories right now so,
35652e,True,True,False,"FEC Chairman Scott Thomas, a Democrat who was also at the conference, noted that the Federal Election Campaign Act of 1971 outlined three principles that need to be preserved on the 1) disclosure of how money is raised and spent to influence elections; 2) limits on the amount that any one person can contribute to a campaign; and 3) restrictions on independent spending by corporations and unions.",
128515n,False,False,False,"But under rapid replenishment arrangements, the inventory risk is now assumed by the apparel manufacturer; consequently assembly time is now very important.",
78358c,True,True,True,OMB has approved the information collection contained on the Form ADV and has,
107525n,True,True,True,"In preschools and kindergartens, behaviorist tenets were used to justify large-group drill on letters, numbers, and general knowledge as well as repetitive worksheet practice that required young children to sit at their desks for long periods, filling in blanks, coloring within the lines, and otherwise following teacher prescriptions.",
85487e,True,True,True,"Two minutes later, staff reported that they were still trying to locate Secretary Rumsfeld and Vice Chairman Myers.",
23642c,True,True,True,The second half of the book dealt with the use of the true name.,
128653n,True,False,True,The Congress also told LSC that it could not continue to fund its grantees presumptively and that it must begin to distribute its funds on a competitive basis.,
85544e,True,True,True,"We arrived, at my brother's, and Cristobal, with the livestock and the rest, still hadn't arrived.",
72258e,True,True,True,"Regardless of how customization was done in the past, consumers paid more for the end product.",
21923c,True,True,True,"The next year, he was expelled from Rand as a security risk after local police caught him engaging in a lewd act in a public men's room near Muscle Beach.",
39619c,False,False,False,What has your support of our campers meant to them and what have they been able to accomplish because you care?,
132865e,True,True,True,"Citing the Soviet army's withdrawal from Afghanistan as proof that a ragged army of dedicated Muslims could overcome a superpower, he told the We are certain that we shall-with the grace of Allah-prevail over the Americans.",
41154c,True,True,True,"Notice how Alison's imagination ranges far beyond the immediate play props before her'a tea set, a toy truck, and an ambulance.",
69997e,True,True,True,"Some, like French, Spanish, Italian, and Portuguese, had more in common with one another than they did with, say, German, English, Swedish, Danish, and Dutch, which, in turn, bore only a remote resemblance to Russian and Polish, on the one hand, and the two extant varieties of, say, Gaelic, on the other.",
100241e,True,True,True,The census of 1931 served as an alarm signal for the Malay national consciousness.,
94067c,True,True,True,"Sure, the man yells back, you're in a hot air balloon about 30 feet above this field.",
90113e,False,False,False,"These include impacts on its revenues (prices and sales), cost structures, and profitability.",
52293e,True,False,False,"They're making trincheras, they call them trincheras, where they're putting mounds of stones near the houses, so that the bullets there.",
101922n,False,False,False,"However, even for a basic product like blue jeans, it is unlikely that all these assumptions will hold.",
137262n,False,False,False,"The centering operation is important because the diameter of a knit tube varies slightly along its length, and it is necessary to reference cutting from the midline of the tube.",
25308e,True,True,True,"We need to tell 'em if this stuff is gonna keep on going, we need to take those fighters, put 'em over Manhattan.",
5722e,True,True,True,i i have some feelings about it in the sense that i feel if a person is guilty beyond a reasonable doubt and it's a really heinous crime i feel like the Bible says an eye for an eye,
77140c,True,True,True,In our family we have two sons in public life.,
72796n,True,True,True,it's neat when you think about how she wrote it and stuff otherwise the lyrics are kind of,
129634e,True,True,True,"It's very hard to believe, for anyone who knows me well, but I was actually speechless for a period, Zelon said.",
88064n,True,False,False,"If there was a bit of Fuller in Leonardo, there was also a bit of Liberace in this theatrical, high-living dandy who favored brocade doublets and bad boys with pretty faces.",
53619c,False,False,False,"True devotees talk shop at even more specialized groups, such as one on Northeastern weather (ne.weather), whose recent conversation topics included the great blizzard of 1978 and the freak snowstorm of May 1977.",
435e,True,True,True,"Some time later, I got still another version of MUSKRAT RAMBLE, with still another version of the title.",
137951c,True,True,True,Court officials include the phone numbers of the local Legal Services office and county lawyer referral system on every summons.,
93839e,True,True,True,"I will some day, if you ask me, she promised him, smiling.",
12626e,True,True,True,"It wasn't bad, The wine jogged my thoughts back to Muscat Ramble . Muscatel is made from muscat grapes, is sometimes called muscat , and, being relatively cheap and sweet and high in alcohol content, is the booze of choice for a great many wines.",
3050c,True,False,True,I am due to speak at a meeting at two o'clock.,
9384n,True,True,True,finding the latest thing out from my friends is usually the most uh time effective,
131227n,False,False,False,"It is far better for anyone to kill a single American soldier than to squander his efforts on other activities, he said.",
71329c,True,True,True,This was the last normal contact the FAA had with the flight.,
99223e,True,True,True,The new world of rapid replenishment implies additional capabilities for both the retailer and manufacturer.,
25261c,True,True,True,"So, I said, No, I said, I'm not going to be able to go.",
29186e,True,True,True,"I have been visiting an old woman in the village, she explained, ""and as Lawrence told me you were with Monsieur Poirot I thought I would call for you.""",
117661c,True,False,False,that was good and Poland yeah and i've done some of those yeah i like i like things that are those are a few of the ones i can take of his i like it when they actually are giving you information in a novel format i guess would be the,
73804n,True,True,True,"Recently in Chambers I came across the adjective perjink , a Scots word given also in Collins , but not in any of the other desk dictionaries I it means finical.",
77405c,True,True,True,"Eventually ramrod became personified, taking on the added meaning of `one marked by rigidity, stiffness, and severity,' even though the original ramrods, which were straight, were rather flexible.",
129341n,True,True,True,"To answer this question, Vygotsky pointed out, we must identify the distinctive features of make-believe play'those that make it unique among young children's experiences.",
142729n,True,True,True,"What Ellison is doing here, as Hemingway did, is equating the process of becoming an artist with that of becoming a man.",
9686c,True,True,True,"He moved on to open his own retail stores, restaurants, sales organizations, a manufacturing company and a public relations firm.",
100332e,True,True,True,"We should seek to achieve the most good or benefit, with the least harm and destruction of things that we value, he argued.",
50068c,True,True,True,"In our sample, business units used some type of automatic spreading for about 39 percent of the volume of goods they shipped.",
144634c,False,False,False,"Just north of the Shalom Tower is the Yemenite Quarter, its main attractions being the bustling Carmel market and good Oriental restaurants.",
89988n,True,True,True,Moscow declared it would pull its military forces out of Afghanistan within the next nine months.,
90578c,True,True,True,"83 At that point, Poirot nudged me gently, indicating two men who were sitting together near the door.",
4591e,True,True,True,"There is no tradition of clothes criticism that includes serious analysis, or even of costume criticism among theater, ballet, and opera critics, who do have an august writerly heritage.",
89992c,False,True,True,"As the Soviets began their withdrawal, the jihad's leaders debated what to do next.",
55926e,True,True,True,"They would then take their body measurements to any of several participating retailers, who pass the information on to their apparel suppliers and have the clothing custom-made.",
114746e,True,True,True,Our programs are provided to schools at a price far below our actual cost.,
3288e,False,False,False,"32 Under the RSA proposal, a worker between the ages of 25 and 60 with family earnings of at least $5,000 could contribute up to $1,000 annually through either an employer-sponsored saving plan or a tax-deferred individual account.",
4760n,True,True,True,"The day my deadline came, I got a business card.",
141553e,True,True,True,"The would-be killers, who came from the Egyptian Islamic Group, had been sheltered in Sudan and helped by Bin Ladin.",
4667e,True,True,True,Building a Support System for Acquiring New Knowledge and Skills,
53179n,False,False,True,We do not believe that the true picture of that morning reflects discredit on the operational personnel at NEADS or FAA facilities.,
44429e,True,True,True,"Since that time, the financial burden of a college education has been lessened for many deserving students.",
40627e,True,True,True,"As a professional courtesy, GAO will inform requesters of substantive media inquiries during an ongoing assignment.",
111011n,False,False,True,yep that's what he's worried about the trees or a bush because lilac bushes they they grow fast some people uh would really like to have them and then the people that do have them they spread and they sprout all over their their lawn,
13969e,True,True,True,"But if Clinton consents, censure and community service can proceed.",
26652n,False,False,False,"Beginning at 8:52, the controller made repeated attempts to reach the crew of United 175.",
39668c,True,True,True,"4 million homes watch the evening news on CBS, ABC, and NBC.",
90741e,True,True,True,"The idea of a domestic command for homeland defense began to be discussed in 1997, and in 1999 the Joint Chiefs developed a concept for the establishment of a domestic Unified Command.",
111551e,True,True,True,"Among the subjects he touches on in his poem are street crime, unemployment, the degradation of the welfare system, tacky urban renewal projects, overcrowding, high rents and unscrupulous landlords, noise, vehicular traffic, congestion, even problems of immigration and integration.",
128584c,False,False,False,"In practice, however, retail inventory management is fraught with challenges, such as long and uncertain order-fulfillment lead times, and errors in product identification and record keeping.",
3034n,False,False,False,Your man wouldn't have remained conscious after the first blow.,
137350c,True,True,True,"Daisy is a combination of the Old English words, durges `day's' + eage `eye'.",
126598e,True,True,True,"Through conversing with others, we try to make puzzling events and behaviors understandable.",
141253n,True,False,False,"At last, he has found success in a job that he loves.",
141842e,True,True,True,The analysis presented here is an attempt to address the second argument.,
46198n,False,False,False,How effectively DOD manages these funds will determine whether it receives a good return on its investment.,
76016c,True,True,True,"Divers can explore the deeps but you can also snorkel here, or take a glass-bottom boat or submarine tour to get a glimpse of this watery world.",
58457e,False,False,False,Parents seem to be in the best position to read to their child often and to tailor their dialogues to the child's interests and abilities.,
135743c,True,True,True,"Palestrina , by Hans Pfitzner, performed by the Royal Opera (Metropolitan Opera House, New York).",
116803e,True,True,True,"And this is, I guess, after, after high school, kind of right before college, actually, while I was in college, before I went away to school, while I was still in Brooklyn.",
13285c,False,False,False,It does not take a too-wicked mind to read into such terms meanings of a lewd nature.,
22806c,True,True,True,"Yeah, but I've done it for so long, I'm used to like lifeguard and like everything like that.",
121006e,True,True,True,"Uh Asimov, he died about 8 years ago but I still find one or two of his that I hadn't read yet.",
3545c,True,True,True,Several of the organizations had professional and administrative staffs that provided analytical capabilities and facilitated their members' participation in the organization's activities.,
125607c,True,True,True,"Furthermore, the repression and isolation of women in many Muslim countries have not only seriously limited individual opportunity but also crippled overall economic productivity.",
10360c,True,True,True,"Similarly, feminists discourage titles that identify women's (but not men's) marital status (though many users mistakenly assume Ms . a synonym for Miss ).",
87806c,True,True,True,"In 1654 Oliver Cromwell, Lord Protector of England, dispatched a British fleet to the Caribbean to break the stranglehold of the Spanish.",
41654c,False,True,True,"They took out all the rest (of the shrapnel), but the one in his eyebrow, they couldn't get it out.",
91161n,True,True,True,"By 9:08, the mission crew commander at NEADS learned of the second explosion at the World Trade Center and decided against holding the fighters in military airspace away from",
92666c,True,True,True,"Uh, how important it was to read and we're all English majors, I think that has something to do with it; my brother, sister and I are all, we're all English majors in college.",
75290c,True,True,True,Your contribution helped make it possible for us to provide our students with a quality education.,
39682c,True,True,True,"He inveighed against the presence of U.S. troops in Saudi Arabia, the home of Islam's holiest sites.",
129748c,True,True,True,uh we've gotten a little Atari computer uh husband describes it as a a computer with training wheels,
138839e,True,True,True,"Around 1500 b.c. , a massive volcanic eruption at Santorini destroyed not only Akrotiri under feet of ash and pumice but the whole Minoan civilization.",
28306c,True,True,True,"They made little effort, despite the Jesuit presence in Asia, to convert local inhabitants to Christianity or to expand their territory into the interior.",
57322c,True,True,True,"5) The Democrats are reaping what they sowed (after torturing Robert Bork, John Tower, and Clarence Thomas).",
75263n,False,False,False,New York Times columnist Bob Herbert asserts that managed care has bought Republican votes and that patients will die as a result.,
101874c,False,False,True,The two programs are currently housed in buildings about a block apart.,
98300e,True,True,True,An overall increase in prices is only possible when there has been an overall increase in the amount of money in circulation.,
69323n,False,False,False,in our town of five thousand we have one that is uh local FM AM station and their news is fed from CNN too uh it's more of uh,
109143n,True,True,False,It scarcely needs pointing out that the British usage was not brought about by any sense of justice toward women but by the apparent fact that the people in Britain are not quite as uptight about usage as the Americans.,
10481n,False,False,False,"But between water and watt there are fifty-four main entries in Cobuild and 148 in CED . They share such entries as water biscuit and waterworks . But in addition CED alone enters water measurer (a `bug'), Watford (a `town north of London'), etc.",
21211c,False,False,False,"Did you read this story itself, yourself, when you were young, or was it first told to you by someone?",
145538e,True,True,True,"Because Ballinger was still responsible for his other flights as well as Flight 175, his warning message was not transmitted to Flight 93 until 9:23.",
96779n,True,True,True,Such a knowledgebased process enables decision makers to be reasonably certain about critical facets of the product under development when they need this knowledge.,
47220c,True,True,True,"Sam Hinton's The Meaning of Scientific Names [XI,1], I have had an experience which, in true biological tradition, will probably make me mildly notorious in perpetuity.",
16030e,True,True,True,His grandson Akbar chose Agra for his capital over Delhi.,
123752c,True,True,True,"If you have any questions, please feel free to stop by and see me.",
92813n,False,True,True,Won't you join us in our efforts by continuing your support in 1999?,
80670n,False,False,False,"By contrast, their grandson, who assumed the throne in 1516, was born in Flanders in 1500, and Charles I could barely express himself in Spanish.",
16949e,True,True,True,"At 9:39, the FAA's Cleveland Air Route Traffic Control Center overheard a second announcement indicating that there was a bomb on board, that the plane was returning to the airport, and that they should remain seated.",
14459c,False,False,False,"After their savage battles, the warriors recuperated through meditation in the peace of a Zen monastery rock garden.",
109718c,True,True,True,"There follows a desexing section on maxims (for He who laughs last laughs best read The last laugh is the best : not only does it not say the same thing but the second is totally lacking in the rhetorical devices packed into the first), and a two-page bibliography, reference notes to chapters, and an index.",
112123e,True,True,True,"To many, it is significant that the privilege of naming, granted to Adam, was denied to Eve.",
13572n,True,True,True,"First, get the basics right, that is, the blocking and tackling of financial reporting.",
30894c,True,True,True,"Earlier this week, the Pakistani paper Dawn ran an editorial about reports that Pakistani poppy growers are planning to recultivate opium on a bigger scale because they haven't received promised compensation for switching to other crops.",
25728c,True,True,True,"In an effort to more thoroughly explore this topic, we expanded our discussions beyond the eight organizations that were the primary subjects of our study by requesting the Computer Security Institute to informally poll its most active members on this subject.",
56909c,True,True,True,"Like the Japanese, Chinese, and Portuguese before them, many of the new peoples would stay on in Hawaii, adding to the ethnic and racial mix that has become a hallmark of the islands.",
120346c,True,True,True,uh well no i just know i know several single mothers who absolutely can't afford it they have to go with the a single uh what i mean a babysitter more more or less,
127073e,True,False,True,maybe adult literacy maybe you know composition writing maybe you know uh volunteering you know on a tutor line or though the even through the elementary schools for help with homework or the other part of me says is God i've had enough kids do i really,
119890n,True,True,True,"Bear in mind, however, that the information-integrated channel requires substantial investment in technologies by retailers.",
133504n,False,True,True,Enclosed is a pledge card and return envelope to assist you in making your tax deductible contribution.,
30118c,True,True,True,"Initially, his successors could be drawn from the Prophet's contemporaries, but with time, this was no longer possible.",
134305c,False,False,False,"And so what year does that make you, are you a--?",
55030c,True,True,True,"Five-year pledges are essential, and will be recognized at the IDA Annual Session and in school and professional publications.",
72554e,True,True,True,"This was the first of several occasions on 9/11 when flight attendants took action outside the scope of their training, which emphasized that in a hijacking, they were to communicate with the cockpit crew.",
141473n,True,True,True,"And although the wages of nonsupervisory workers in retail have been and still are quite low,9 the compensation system for buyers provided substantial rewards for favorable results.",
65078n,False,True,False,they don't call them immigrants anymore that was back during my granddaddy's day,
143070n,False,True,False,"To recognize donors who have achieved this level, Dean Lefstein has now established the Black Cane Society.",
12930c,True,True,True,"Narrative conversation also fosters language development and emergent literacy, which greatly ease the task of learning to read and write when children get to school.",
63456e,True,True,True,"To the south, the former fishing villages of Sorrento and Positano spill down the craggy cliffs of the serpentine Amalfi coast, justifiably tauted as one of the world's most beautiful drives.",
145388c,True,True,True,"As outlined during recent meetings of the Board of Visitors and Alumni Association Directors, these will include an Indianapolis law student/alumni telephone campaign and increased emphasis on giving at the Maennerchor Society level.",
145580c,True,True,True,taken up by the oh okay oh so you know well that's i had wondered sometimes i knew that there was a lot of a lot of effort and a lot of work went into a lot of that and i just wondered if if it lasted and if it took you know like yeah,
47919e,True,True,True,"Controllers would notify their supervisors, who in turn would inform management all the way up to FAA headquarters in Washington.",
57003e,True,True,True,It is constrained by laws and regulations formulated by Congress over more than two centuries.,
129834e,False,False,False,yeah yeah if they do come up with a positive regardless of what uh what it was they detected uh we're required to go attend a uh a counseling session,
55905n,True,True,True,"This year's challenge is to keep pace with our growing membership through increased levels of support from every facet of the organization-board and committee members, staff, volunteers, alumni, and other friends.",
39203c,False,True,True,"There is very little left of old Ocho the scant remains of Ocho Rios Fort are probably the oldest and now lie in an industrial area, almost forgotten as the tide of progress has swept over the town.",
95853n,True,True,True,Your contribution will be used to recruit and retain quality volunteers.,
79411e,True,True,True,"And that's the way it stayed, the firefights there, in that place, and the firefights.",
142120n,True,True,False,"Julius before the safe in the flat, her own question and the pause before his reply, ""Nothing."" Was there really nothing?",
53782e,False,True,False,yeah i went to i went to uh Rice and we had the marching owl band which is quite a it's not known for its musical abilities more so its um comedy abilities,
72259n,True,True,True,"Mass customization, however, has the potential to make tailor fit at least somewhat less expensive, as new systems combine features of the efficient factory system with attention to at least a few critical customer measurements.",
134756n,False,False,False,"They look just as good as new."" They cut them carefully and ripped away the oilskin.",
107827e,True,True,True,GENI organizes teacher workshops for K-12 teachers and assists them in developing geography teaching materials for classroom use.,
52197e,False,False,False,"Because they're going to set up a committee, he said to me, so that when those big battalions, he said to me, of guerrillas arrive, these people attend, for example, the president is going to talk to the rest so that they all get food together for them.",
37591c,True,True,True,"He died in a ferryboat accident on Lake Victoria just a few days after Bin Ladin arrived in Jalalabad, leaving Bin Ladin with a need to replace him not only in the Shura but also as supervisor of the cells and prospective operations in East Africa.",
12092e,True,True,True,Outside the cathedral you will find a statue of John Knox with Bible in hand.,
19003c,True,True,True,"A robust economy helps by providing job opportunities, but to be honest, most of the people who aren't working today are quite simply the ones who face the greatest obstacles.",
35700c,True,True,True,"The Honorable Bill Archer, Chairman The Honorable Charles B. Rangel Ranking Minority Member Committee on Ways and Means House of Representatives",
2238n,False,False,False,"Who can, for instance, blame a youth with but a mildly evil disposition from guffawing when he reads in Pater's Marius The Epicurean (Chapter V) a reference to Apuleius' The Golden Ass noting that all through the book, there is an unmistakably real feeling for asses ...",
132934e,True,True,True,"With most plants needing to install control equipment to meet these requirements, it is likely that this approach would lead to installation of controls that become obsolete and stranded capital investments as additional requirements are promulgated.",
52098n,False,True,True,It might not stop them completely but it would slow them the first night.,
23515n,True,True,True,"The recommendation comes from the court's Task Force on Civil Equal Justice Funding, created in 2001 to look for ways to cope with the sparse amount of money available for such cases.",
30831e,True,True,True,and i use a one of those black soaker hoses that actually oozes water every where so i lace it up and down there a couple of times and i only have to water about two hours a week,
27639c,True,True,True,"As the double-decker boats get ready to leave the pier, bells ring, the gangplank is raised, deckhands in blue sailor suits man the hawsers, and a couple of hundred commuters begin a seven-minute sightseeing tour.",
12479n,False,False,True,She wondered what would happen if she could take one child from the city and place that youngster where she was now -- in the midst of this beauty and serenity.,
66149c,True,True,True,Then he shoots his bolt and wad by taking a long shot at some one-shot deal that will win him the whole shooting match.,
117204c,True,True,True,The Audubon Nature Centers are among the most serene and pristine places on Earth.,
119637c,True,True,True,The bhakti movement of the Tamils brought a new warmth to the hitherto rigid Brahmanic ritual of Hinduism.,
19186e,True,True,True,The researchers found expected stresses like the loss of a check in the mail and the illness of loved ones.,
64969c,True,True,True,"On a spur-road just a little north of the sleepy village of Anse-Bertrand is the Anse Laborde, a public beach of tan sand with gorgeous turquoise waters and good snorkeling off rocky promontories.",
104506e,True,True,True,I write to ask you to become a supporter of the Moving Company.,
133381e,True,True,True,"United 93 crashed in Pennsylvania at 10:03:11, 125 miles from Washington, D.C.",
62859c,True,True,True,"aChange in personal saving depends on how much of the $4,000 IRA contribution represents new saving.",
26603c,False,False,False,"The levadas were largely built by slave laborers from Africa, whose primary employment was on sugar plantations.",
116854n,True,False,False,"The President told us his instinct was to project calm, not to have the country see an excited reaction at a moment of crisis.",
94541n,True,True,True,"The purpose of the Self-Inspection process was to provide programs a means to verify, by reviewing a sample of cases, that their 1999 CSR data satisfies LSC's standards for accuracy.",
49807e,True,True,True,"The next year, he built himself a palace, Iolani, which can still be toured in Honolulu.",
117108c,True,True,True,United Way of Central Indiana adds value by doing research and follow-up to make sure that the most important needs are being met in the most efficient way.,
79013c,True,True,True,But it just might be because he's afraid he'll lose his No.,
138872c,True,True,True,"American also began getting identifications of the hijackers, as Ong and then Sweeney passed on some of the seat numbers of those who had gained unauthorized access to the cockpit.",
107228c,False,True,True,oh like if they say i i we just type it in like that,
22930c,True,True,True,Many lakes or sections of lakes are also wildlife conservation areas; these guides list the regulations that are in effect to protect water birds and other animals.,
87993n,True,False,False,"Under the overmechanical assumptions of affirmative-action opponents themselves (and putting aside the racial IQ theories of Murray and some others), blacks would move up the list, and whites would move down.",
39690n,True,True,True,I guarantee you'll feel good knowing you've helped us touch a heart.,
74181n,True,True,True,"Alexander the Great, who passed through the city in 334 b.c. , paid for its completion; five of the original 30 columns have been restored to their full height.",
145846e,True,True,True,saving that did not finance domestic investment would increase net foreign investment and improve the current account balance.,
32810c,True,True,True,"As a donor to the School of Dentistry, you are making a significant investment in dental education in Indiana.",
45916c,True,True,True,"In studies following children from infancy into childhood and adolescence, early brief episodes of parental stimulation and sensitivity did not result in more competent children.",
97394c,True,True,False,I think it is important for everyone to understand the extent to which First-Class mail is already carrying a disproportionate share of the institutional cost or overhead burden of the postal system.,
78684c,False,True,True,"As recent events illustrate, trust takes years to gain but can be lost in an instant.",
80540c,True,False,True,"It is not at once apparent why the book is styled an almanac, but that is there is no other book I know of that contains as much diverse information about American writers as this one.",
2155c,True,True,True,"France knew a good thing when she seized one, but then so did Britain.",
66049n,True,True,True,"Many of his followers became important members in the new organization, and his own close ties with Bin Ladin led many to think of him as the deputy head of al Qaeda.",
59383n,True,True,True,"As discussed in section 1, personal saving is the amount of aggregate disposable personal income left over after personal spending on goods and services.",
60759c,True,True,True,4) Not enough is known about how nontransportation costs vary with distance.,
144757c,False,False,False,Basic items also represent a major percentage of all apparel goods sold.,
115361e,True,True,True,"We must re-examine the base, including our current human capital policies and practices.",
15933e,True,True,True,uh yeah they were uh they were very good i was impressed,
66209n,True,True,True,"Essentially, he proposes that the parent of all Indo-European languages was itself born in central Anatolia, whence it spread eastward, westward, and northward, being modified by the influences of the languages with which it came into contact, till it ultimately emerged in its recognizable, modern manifestations which we categorize into Germanic, Hellenic, Italic, Indo-Iranian, Anatolian, Armenian, Celtic, Tocharian, Albanian, and BaltoSlavic.",
92530n,True,True,True,"This includes all testing, information review, and interviews related to data reliability.",
141367e,True,True,True,This formal Review Process guarantees representatives of every designated state planning body the right to direct communication with LSC officials at the highest level in seeking reconsideration of an LSC decision.,
112467n,True,True,True,Critics complain that John Frankenheimer's miniseries about the Alabama governor and presidential candidate plays fast and loose with history.,
70338c,True,False,True,It's hard to explain exactly how camp can change a child's heart.,
36435e,True,True,True,"The 37 hectares (91 acres) of garden are set on lands above the Wag Wag River, which twists through a steep and narrow valley.",
108884e,True,True,True,Her eyes flashed continually from one window to the other.,
129739n,True,True,True,yeah i've i wish they'd split that bowling season up into uh three seasons,
63088e,True,True,True,"Other experiences are linguistic only in reverse, or only as one thinks of what the language ought to be.",
74377e,True,True,True,no chemicals and plus then you can use it as a fertilizer and not have to worry about spreading those chemicals like on your lawn or your bushes or whatever,
16674e,True,True,True,"When we began our research, we were advised by American industry participants to establish better performance measures'for example, how many minutes does it take to make a shirt?",
102821c,True,True,True,"That is nonsense, of course; but even if the users remain keenly aware that 1669 is the date only of the earliest written evidence, of what use or importance is that to them?",
11360e,False,False,False,"Because you are an organization that cares, you are invited once again to be an integral part of this fabulous event as a corporate sponsor for JCC Auction '99.",
48842c,False,False,True,"There are actually three winding roads, or the Grande, the high road, starting out from the Avenue des Diables-Bleus in Nice; the Moyenne, the middle one, beginning at Place Max-Barel; and the Basse, along the coast from Boulevard Carnot, but usually jammed with traffic.",
134923e,True,True,True,because i i mean i don't know it's just something i think something we need,
92096n,True,True,True,"At about 9:00, the senior NMCC operations officer reached out to the FAA operations center for information.",
3518c,True,True,True,"Additionally, there is a tremendous need to upgrade the technological infrastructure of the school.",
137361n,False,False,False,it it i think that is the biggest problem when you really not you don't don't really need the stuff but the nicer looking clothes are the more expensive nicely tailored clothes,
128736c,True,True,True,"Venice and its Repubblica Serena rebounded to turn to the mainland, extending its Veneto territory from Padua across the Po valley as far as Bergamo.",
86239n,True,False,True,The Commission's analysis uses both quantifiable and general descriptions of the effects of the rule on small entities.,
118315n,True,True,True,"Here you'll find many clothing stores for all ages and a large branch of Dunnes Stores, an Irish clothes- and food-shop chain.",
25370c,True,True,True,Establishing the target customer base is therefore a critical first step in any merchandising strategy.,
7010e,True,True,True,"Second, reducing the rate of HIV transmission is in any event not the only social goal worth If it were, we'd outlaw sex entirely.",
100395n,True,True,True,"In early childhood, it predicts positive mood, self-confidence and independence in mastery of new tasks, cooperativeness, and resistance to engaging in disruptive behavior.",
35245c,True,True,True,"If the fabric was to have a pattern, there might also be a close-up colored sketch of it.",
15791e,True,True,True,"Despite huge projected increases in food production, per capita food consumption in South Asia, the Middle East, and the less-developed nations of Africa will scarcely improve or will actually decline below present inadequate levels.",
61365c,True,True,True,and uh uh so i've i've just been real pleased and my step father happens to work at a Ford dealership and that makes things a little easier come car time but,
102408n,True,True,True,Cathedral provided us with a good education and a great foundation for our futures.,
73764c,True,True,True,"He urged Muslims to read the Qur'an and the Hadith for themselves, not to depend solely on learned interpreters like himself but to hold one another to account for the quality of their observance.",
30565e,True,True,True,"Bin Ladin apparently kept his options open, maintaining contacts with Gulbuddin Hekmatyar, who, though an Islamic extremist, was also one of the Taliban's most militant opponents.",
22856e,True,True,True,Community needs are increasing and your help is needed more than ever.,
73751e,True,True,True,The key question may be not what Hillary knew but when she knew it.,
20414c,True,True,False,"I find it difficult to imagine a people more hospitable, more generous with their time, than the Japanese who took care of me.",
102407c,True,True,True,Please help make that same opportunity available to some deserving students today.,
130884e,True,True,True,but you're without a paycheck during that time and i don't at least that's my understanding is even you know the first time you go for counseling and it's six weeks before you're back to work,
76578c,False,False,False,"As more American parents with busy, stressed lives retreat from their children, peers take over.",
41378c,True,True,True,"The buyer should order 250 units, since there is a 75 percent probability that demand will be less than this.",
145377c,True,True,True,"Also, under credit reform, the credit subsidy cost is recorded as an outlay when a direct or guaranteed loan is disbursed.",
26653c,True,True,True,"At 8:51, the controller noticed the transponder change from United 175 and tried to contact the aircraft.",
23356c,True,True,True,"Hmm, well , I had some teachers that were really, um, influential about what I read and their love for literature.",
89939n,True,True,True,"While traveling 35,000 feet above eastern Ohio, United 93 suddenly dropped 700 feet.",
36592e,True,True,True,"I have seen a calendar (Workman Publishing Co., New York) which defined it as personal magnetism and charm, and said, Given today's extensive TV coverage, political candidates need duende if they hope to be accepted by the public.",
7624n,True,True,True,Did the ancestors of the Indians really come from Asia over the Aleutian land bridge?,
129953e,True,True,True,"A politician connected with the home service of his parliamentary section's boss, with the mobile phone number 0-609-3459812, and known for his lack of sense of humor, did not take too well to a message from 'Admirer' - 'Wishes shovel best'.",
65433e,True,True,True,Retailers have an incentive to stock high levels of They want both to provide sufficient display stock to attract customers'empty shelves are not inviting'and to have products available for those who wish to purchase them.,
7954c,True,True,True,"A good book for browsing in, giving many Scots words which have come into use in other parts of the English-speaking world and others which could perhaps add a little color (or colour) to English vocabulary here and there.",
142152n,False,True,False,"Increasingly, analysts and public policy makers discuss trade issue in terms of the emergence of a significant and growing inequality in compensation between production and nonsupervisory workers, on the one hand, and managerial, supervisory, or exempt employees and professionals on the other.",
55161e,True,False,True,"This testing of the marketplace may range from written or telephone contacts with knowledgeable federal and non-federal experts regarding similar or duplicate requirements and the results of any market test recently undertaken, to the more formal sources-sought announcements in pertinent publications (e.g.",
82530e,False,False,True,yeah they uh they the voters voted one way and it and then uh some federal judge said no that was unconstitutional and they have had two or three votes and the city council is divided over what the district should be because they divide it one way and the minorities say we're losing representation representation and uh it it's just a big battle,
68043n,False,False,False,Working for Philip Morris isn't like defending an indigent murderer in a death penalty appeal.,
23815e,False,True,True,Lakeside city located inside the embankment or on top of it,
143751n,True,True,True,"Now then, Miss Tuppence, said Sir James, ""you know this place better than I do.",
81060e,True,True,True,No government can go against [the laws of economics] with impunity and get away with it.,
1325c,True,False,True,The final reason for the teen renaissance is boomer self-obsession.,
117648n,False,False,True,"Off El Hurriya Street you'll find the Neo-Classical facade of the Greco-Roman Museum with a fine collection of both Roman, Greek, and Ptolemaic artifacts found around the city and under the waters of the harbor, along with many ancient Egyptian pieces.",
145340c,True,True,True,"Bin Ladin declined, apparently judging that his circumstances in Afghanistan remained more favorable than the Iraqi alternative.",
108538c,True,True,True,"New York Times Book Review Editor Charles McGrath, a former deputy to William Shawn at the New Yorker , calls Lillian Ross' memoir about her affair with Shawn on occasion factually inaccurate or misleading and a betrayal of Shawn's high editorial principles.",
39179e,True,False,True,"The people of Batavia on the Hopi Reservation in northern Arizona were motivated by their desire to rekindle traditional cultural values among younger generations when, with the help of Futures for Children, they decided to restore traditional terrace gardens at the edge of their village -gardens that had been abandoned for decades.",
78110e,True,True,True,"In an intensive observational study of daily storytelling in two communities'six middle-class Chinese families in Taipei, Taiwan, and six middle-class American families in an Irish-Catholic neighborhood in Chicago'Peggy Miller and her colleagues72 found that preschoolers and their family members routinely narrated past experiences.",
11618c,True,True,True,Enlarging the village was not desirable and most knew that Severn only desired wealth and a seat on the council of elders.,
87486c,False,False,False,It's the perfect time to make a world of difference.,
130767c,True,True,True,"Your gift today of $25, $50, $125, $250 or more will help keep our Red Shield a strong, reputable symbol of hope -- for those we assist, as well as for those who are watching!",
18452c,True,True,True,\\ Can you remember the very first stories that were read when you were little?,
139669n,False,False,False,"For example, students are provided both traditional classroom education, which emphasizes legal reasoning and analysis, and extensive training in fundamental lawyering skills.",
116293c,False,False,False,"In 1979, he stopped at a Lexington clothing store to buy cowboy boots.",
69492c,True,True,True,"It was planned in the 1820s as a symbol of Scottish national pride and designed as a mini-Parthenon, in deference to the neoclassical style popular at the time.",
66434n,True,True,True,"As Anselmo's parents refrain from helping, they fuel his anger and demandingness, and ultimately his sense of helplessness.",
133908c,True,True,True,And what can be done to ameliorate sweatshop conditions in developing countries that produce and export half of the apparel purchased in this country?,
140955c,True,True,True,An endowed chair will greatly benefit the IU School of Dentistry in recruiting and retaining outstanding faculty.,
56434c,False,True,False,GAO's Web site (www.gao.gov) contains abstracts and full-text files ofcurrent reports and testimony and an expanding archive of older products.,
89181c,True,True,True,"Vivacious, stimulating parental behavior, including frequent questioning, instructing, and pointing out objects, is beneficial for reserved, inactive infants; it helps them become interested in and engaged with novel toys.",
3837c,True,True,True,"The museum is open from 9am to 1pm and 2 to 5pm Monday to Friday (with audio-visual shows in the afternoon), and on Saturday mornings.",
42615n,True,True,False,"To assist programs with implementing these web sites, the Northwest Justice Project and ProBonoNet in New York are hiring two full-time circuit riders to assist grantees with content management and to ensure that each web site supports the entire state justice community.",
108934n,False,False,False,Blue says Blumenthal claimed Clinton had told him that Lewinsky had made unwanted sexual advances.,
35129n,True,True,True,"A full-blown textile industry therefore blossomed in New England, fostered by the region's access to abundant water power, capital, mechanical skills, and a hardworking labor force.",
104412n,True,False,False,"After being diagnosed with cancer, Carrey's Kaufman decides to do a show at Carnegie Hall.",
32366n,True,True,True,"In the hands of parents and teachers lies the awesome responsibility of conveying to the next generation the intellectual, scientific, aesthetic, and moral achievements that dierentiate our species from others.",
62057c,True,True,True,"Walked through her bedroom around 6:30, seven o'clock in the morning you know.",
85166e,True,True,True,"And, I don't know, it's like my grandparents, I'm the youngest one.",
37243e,True,False,True,"In its submission, HCFA did not identify any other statute or executive order imposing procedural requirements relevant to the rule.",
123036n,True,True,True,"There followed the Balkan Wars, in which Turkey lost western Thrace and Macedonia, then World War I, into which Turkey entered on Germany's side.",
60821n,True,False,True,The analyses utilized different assumptions and generally resulted in smaller expenditure impact estimates than noted above.,
55205n,True,True,True,"I've got it down in my notes if you want to see them."" She extended the woven cords.",
48908e,True,True,True,"This town, which flourished between 6500 and 5500 b.c. , had flat-roofed houses of mud and timber decorated with wall-paintings, some of which show patterns that still appear on Anatolian kilims.",
109093c,True,True,True,"I don't know about Canada, Australia, etc., but in the U.S. this kind of referent usage is considered a heinous illiteracy (by those who consider such matters), and those who wish to appear educated would be wise to avoid it.",
100509n,True,True,True,"Favorite items that will help preserve your memories of the rugged Lakeland countryside are clothing or blankets made from the local Herdwick wool, coasters of polished slate, or walking sticks with ram's-horn handles.",
97172c,False,True,False,Wisdom on the scone -pronunciation issue was shown by Sir Ernest Gowers in his 1965 revision of H.W.,
132761c,False,True,True,Or do would they rather you have stay in Nursing?,
83668e,True,True,True,"The Department of Defense, like the Department of State, had a coordinator who represented the department on the interagency committee concerned with counterterrorism.",
65465n,True,True,True,Had we had more money we would have facilitated more conferences.,
131681c,True,True,True,down here it's been it's everybody's got colds and everything because it's cold one day and hot the next day,
81811n,True,True,True,I have enclosed a membership application for your use or you can call us at (800) 749-2257 to join today.,
104399c,True,True,True,A survey of surgeons working in an emergency department found that the most significant predictor of screening was the attending physicians' perception that their responsibilities included screening.,
145601c,False,False,False,but i think let's see the teams that were there last year were see somebody from California i don't even know who won the pennant last year,
766e,True,True,True,"Such multicolored reef dwellers as the parrotfish and French angelfish, along with weirdly shaped coral, crawfish, or turtles hiding in crevices, can be yours for the viewing in these clear waters where visibility of 30 m (100 ft) is common.",
93818c,True,True,True,Thank you in advance for your contribution and interest in dental hygiene education.,
41300c,True,True,True,"I mean I'm sure I have read I just can't even remember what, Dr. Zhivago, I read that.",
97211n,True,True,True,Similar meetings between Iraqi officials and Bin Ladin or his aides may have occurred in 1999 during a period of some reported strains with the Taliban.,
109869e,False,True,True,"Boston Center TMU [Traffic Management Unit], we have a problem here.",
111998n,True,True,True,"Would you say that um, your mom or you dad or whoever is telling the story, tells that part of the story, the, the last part when you came to the door and she saw the glow of light, would you say that they tell that part of the story more than any other part or do they tell the whole thing from beginning to end?",
69203e,True,True,True,"Well, and I forgot to tell you when the soldiers came, to my house, the guerrillas were there, the guerrillas went back.",
102289e,True,False,True,"Of those beginning prenatal care in the first trimester, Indiana mothers rank in the lower third of individuals receiving such care nationwide.",
50513c,False,False,False,I would enjoy meeting with you and hearing how the School of Engineering and Technology has affected your life.,
51355c,True,True,True,"Sainte-Anne itself has a long, broad beach used not only by fishermen in vividly painted boats, but also by families with small children.",
139802n,True,True,True,"Blessed with preternatural gregariousness, good humor, and a love of attention, he's been tireless about pursuing both celebrity and the cause of popular history ever since.",
46804n,False,False,False,"I understand,"" continued the Coroner deliberately, ""that you were sitting reading on the bench just outside the long window of the boudoir.",
128368e,True,True,True,"When 3- and 4-year-olds use their newfound capacity to talk about mental states during play with friends, their understanding of false belief improves further.",
121398e,True,True,True,and they have a bar also which is always crowded as can be but it's it's an specially fine restaurant and when you consider they take no plastic or checks,
77406c,True,True,True,ramrod A ramrod is a rod of wood or metal for ramming the ball and patch down the barrel of a muzzleloading firearm and setting them against the main powder charge.,
112462e,True,True,True,"There is a bomb on board and are going back to the airport, and to have our demands [unintelligible].",
8545c,True,False,True,He hadn't seen even pictures of such things since the few silent movies run in some of the little art theaters.,
120967c,True,True,True,"ran toward us rather slowly, like people finishing their run.",
52810c,True,True,True,"The providers worked with the newly created Legal Assistance to the Disadvantaged Committee of the Minnesota State Bar Association (MSBA) to create the Minnesota Legal Services Coalition State Support Center and the position of Director of Volunteer Legal Services, now the Access to Justice Director at the Minnesota State Bar Association.",
107152e,True,True,True,because i don't want to my mother was also a domineering type of personality because she had to take over the things that my dad fell short in,
68637n,False,False,False,Bin Ladin seemed willing to include in the confederation terrorists from almost every corner of the Muslim world.,
127903e,True,True,True,"The lucrative tin mines of Kuala Lumpur in the State of Selangor, of Sungai Ujong in Negeri Sembilan, and of Larut and Taiping in Perak were run for the Malay rulers by Chinese managers providing coolie labor.",
35412n,True,False,True,This was the word that first caught my eye as the obverse of onomatopoeia.,
104424n,True,True,False,"Finally, apparel manufacturers can make innovations in the assembly stage through modular, or team-based, production.",
34214e,True,True,True,"At 8:28, Boston Center called the Command Center in Herndon to advise that it believed American 11 had been hijacked and was heading toward New York Center's airspace.",
600c,True,True,True,"And put like that, she added confidentially to Tommy, ""nobody could boggle at the expense!"" Nobody did, which was the great thing.",
124207e,False,False,False,Adrin heard of a young king in the south who fought against slavers and had an ivory skinned raven-haired swordswoman at his side.,
107935c,True,True,True,Don't you remember? Today we're going to auntie Basia's birthday party.',
53194n,True,True,True,Each working group met several times to develop recommendations for changes to the legal services delivery system.,
20538e,True,True,True,"The story disclosed that adults realize a long service is hard for a small boy to sit through, but exercising self-restraint and participating in communal rituals bring praise and acceptance from the community.",
53088e,True,True,True,"Shoot only the ones that face us, Jon had told Adrin.",
52761c,True,True,True,My unborn children will never appear on the Today show.,
11143c,True,True,True,"Broadly speaking, the CEF Moderate scenario can be thought of as a 50% increase in funding for programs that promote a variety of both demand-side and supply-side technologies.",
125959c,True,True,False,yeah i have too and i found it real interesting but,
56258c,True,True,True,"I feel, though, that I should like to point out to you once more the risks you are running, especially if you pursue the course you indicate.",
41696n,True,True,True,"An ancient Greek trading post, the town manages to combine the atmosphere of a resort with a gutsy, bustling city life.",
114237e,True,True,True,"Since 1977, Dr. Reinhold Aman has been publishing Maledicta , subtitled The International Journal of Verbal Aggression , from his bivouac in Waukesha, Wisconsin.",
69288n,True,False,True,"For example, textile firms that supply retailers directly with their own products may have to combine equivalent information technologies with manufacturing innovations in finishing lines that shorten production cycles in order to gain competitive advantage.",
110451e,True,True,True,"An astute mother I observed in the grocery store had her 3-year-old son, Ricky, reach for items on the shelf and put them in the cart.",
129986n,False,True,False,"When a pattern piece is cut from the lay, the cutter then makes the notch cuts indicated on the marker.",
52751n,True,True,False,Or do you feel like in general that's how high school is as opposed to college?,
4571n,True,True,True,"( ) When cancer comes up I'm just pretty, pretty interested in it, to find out what they went through and I can relate to it.",
50120e,True,True,True,Your gift in this area has a direct impact on a student's continuing education.,
102854e,True,True,True,uh right now we're actually having uh it's getting nice i mean it was in the high fifties today but three and a half weeks ago we had an ice storm,
44153e,True,True,True,oh yes yeah yeah yeah that's true too that's true,
7782c,True,True,True,This majestic room is used for modern-day entertaining when the queen hosts dinners and banquets.,
131216n,True,True,True,"To the northwest of the chateau, the Grand Trianon palace, surrounded by pleasantly unpompous gardens, was the home of Louis XIV's mistress, Madame de Maintenon, where the aging king increasingly took refuge.",
28860n,True,False,True,One possible explanation is that surging household wealth in recent years contributed to the virtual disappearance of personal saving.,
103896e,True,True,False,She waits tables like one night a week at another job to help put me through and everything like that.,
54526n,False,False,False,Private gifts will play a vital role in reaching these goals.,
83275e,True,True,True,"In 1990, the law school received only $18,114 in matching gifts from 15 companies.",
42149c,True,True,True,right well there's yeah there there's going to be some measure of incentive uh reward or whatever but the reward ultimately ultimately comes down to what you want,
138977c,False,False,True,"My friend, a punster, spotted the fact that the plate nicely violated the no offensive plates rule.",
82040c,True,True,True,The museum is well laid out and the perfect size for relaxing away a couple of hours on a wet day.,
107978e,True,True,True,"Unless the political culture changes drastically, there will always be one or more independent prosecutors investigating the administration of the day and/or past administrations, anyway.",
63417n,True,True,False,"About this time, Card, the lead Secret Service agent, the President's military aide, and the pilot were conferring on a possible destination for Air Force One.",
130939c,True,True,True,"As it began, some of the hijackers-most likely Wail al Shehri and Waleed al Shehri, who were seated in row 2 in first class-stabbed the two unarmed flight attendants who would have been preparing for cabin service.",
85903c,True,True,True,There is simply no historical precedent for a large empire calling it quits because it could not compete economically or technologically.,
64464e,True,True,True,I enjoy sharing these small victories with you through my letters.,
108386n,True,True,True,"About 20 minutes later, at 7:35, another passenger for Flight 77, Hani Hanjour, placed two carry-on bags on the X-ray belt in the Main Terminal's west checkpoint, and proceeded, without alarm, through the metal detector.",
76450n,True,True,True,The bridge would work for a very short time but the stream isn't a clear defense.,
6666c,True,True,True,"The enterprises that compose the apparel and textile industries manufacture a wide variety of products, and the mix has also changed since the postwar era.",
104364c,True,True,False,i think the rate of processing is just about uh reached the rate of housing anyway so keep the keep the normal as it is can't upset the system very much,
43757c,True,True,True,These are in turn surrounded and supported by holders of school certificates and other qualifications.,
83681c,True,True,True,"Two bronze lions, carrying out feng shui principles, guard its doors.",
125204c,True,True,True,"If you have any questions, please feel free to give us a call at 638-3360.",
2367n,False,False,True,"On the window above the sink a small container is stuffed with bits of leftovers--the red berries of barberry, small twigs of willow, cuttings of hinoki cypress with its fruits attached, and the pendulous leathery seed pods of wisteria.",
96541e,True,True,True,"Al Qaeda members could travel freely within the country, enter and exit it without visas or any immigration procedures, purchase and import vehicles and weapons, and enjoy the use of official Afghan Ministry of Defense license plates.",
76970n,True,True,False,"These examples of onomatoplazia are a personal set, words that have led me astray.",
94803e,True,True,True,And that squatting he does--it's as uncomfortable as it looks.,
45562e,True,True,True,"The going gets tougher, however, as the two meanings of the answer move further",
86769n,True,True,True,They initiated their cockpit takeover within 30 minutes of takeoff.,
69806n,False,False,False,"But of course, that's just another way of saying that liberal democracy--a value Huntington surely ranks above the alternatives morally--may never fit some peoples as naturally as it fits us.",
140718n,False,False,False,We did it with the aid of consultants and other equal justice stakeholders.,
60900c,True,True,True,We're at war . . . somebody's going to pay.,
16576e,True,True,True,"Our neighbor had a pool and we were kind of like the Hatfield's and McCoy's, they weren't very nice people and they didn't like us.",
59914e,True,True,True,"Their actions saved the lives of countless others, and may have saved either the Capitol or the White House from destruction.",
113496c,True,True,True,"4) Clinton's job rating fell from 60 to 55 points in a Washington Post poll, apparently because pollees disapproved of his use of the White House for fund raising.",
132716c,False,False,False,um we tried that but we really weren't happy with it so he does that all himself now,
133274c,False,False,True,(Imagine the difference between smoking a cigarette and injecting pure nicotine directly into a vein.),
2873c,True,True,True,"Dinosaurs poked around the remains; twitchy little scavengers, fighting over scraps.",
42191e,False,False,False,Please use the enclosed reply card and the postage-paid envelope to make your contribution.,
82310c,True,True,True,"We broke new ground by using information technology to manage our business together, instead of just to audit it.",
60904n,True,True,True,"The President's motorcade departed at 9:35, and arrived at the airport between 9:42 and 9:45.",
130649e,True,False,True,"traces the word from an episode of the comic strip Buck Rogers in the 25th Century written by Philip Francis Nowlan in 1929-- Ahead of me was one of those golden dragon Mongols, with a deadly disintegrator ray.",
111502e,True,True,True,"That's why it's such like a big thing, because my uncle, he went, he went into the military and then came out.",
120023n,True,True,False,"It describes six applications of case study methods, including the purposes and pitfalls of each, and explains similarities and differences among the six.",
111680e,True,True,True,He dismounted and Ca'daan saw he was smaller than the rest.,
36609e,True,True,True,"Hopefully, all of us can do more internal marketing with our young patients to encourage them to consider the field of Dental Assisting.",
114458e,True,False,True,"Mortifyingly enough, it is all the difficulty, the laziness, the pathetic formlessness in youth, the round peg in the square hole, the whatever do you want?",
68284c,True,True,True,The space presently occupied by the School of Law and Law Library is deficient both in quality and quantity.,
18532c,False,False,False,"No, it was first told to me by my grandmother, who is, um, was my first teacher, and remains my hero.",
14514e,True,True,True,"Big Sisters are mentors and friends who empower girls to more fully reach their potential, experience life's opportunities and perhaps begin to dream.",
83912c,True,True,True,He searched along the plane's projected flight path and the airspace to the southwest where it had started to turn.,
66705n,True,False,True,"H-2A aliens, as the only category of eligible aliens who reside in the United States temporarily, are particularly affected by the issue before the Commission because of their necessarily short periods of time in the United States.",
85545e,True,True,True,More works can be seen in the museum attached to the cathedral (admission is around 100 pe?­setas).,
131338e,True,True,True,"The Cooper Building forms the heart of L.A.'s Garment District, which is located southeast of central Downtown on Los Angeles Street.",
15100e,True,True,True,but uh that has been the major change that we have noticed in gardening and that's about the extent of what we've done just a little bit on the patio and uh and waiting for the the rain to subside so we can mow we after about a month we finally got to mow this weekend,
82700n,False,True,False,"During his disastrous campaign in Russia, he found time in Moscow to draw up a new statute for the Com??die-Francaise (the national theater), which had been dissolved during the Revolution.",
111005c,True,True,True,Update on the Democratic fund-raising scandal : 1) President Clinton said FBI agents denied him advance warning about Chinese influence-buying efforts by telling his aides to keep the information secret.,
134240c,True,True,True,"Long ago--or away, or whatever--there was a world called Thar?? and another called Erath.",
51356c,False,False,False,"If Washington Square is underripe, U-Turn and Devil's Advocate are rotting.",
125612c,True,True,True,"But unprofitable heavy industry, state monopolies, and opaque bureaucracies slowly stifled growth.",
114767e,True,True,True,The hijacker pilot then advanced the throttles to maximum power and dove toward the Pentagon.,
96966c,True,True,True,"SEND advances these efforts by forming long-standing relationships with local businesses, churches, residents, and other interested groups and individuals.",
917n,True,True,True,eligible individuals and the rules that apply if a state does not substantially enforce the statutory requirements.,
103169e,True,True,True,"'Dave Hanson, to whom nothing was impossible.' Well, we have a nearly impossible task: a task of engineering and building.",
9684e,True,True,True,"In 1971, he opened is first business, a small New Jersey construction firm.",
142395n,False,True,False,"She knew I was going to do it, but Dad was pretty irate.",
75471e,True,True,True,We are also advocating enhanced reporting in connection with key federal performance and projection information.,
17984n,False,False,False,"So he says, No, from the school up, are all guerrillas.",
31186c,True,True,True,"SPEA has an impressive and dedicated faculty that includes inspiring teachers and distinguished scholars who are contributing to the solutions of some of our most difficult public policy and public management problems, including those concerning health, the environment, and criminal justice; it is attracting a diverse, capable group of students; and its graduates are making contributions in a wide range of challenging positions in the public, private, and non-profit sectors.",
23708e,True,True,True,i think that's great there's a few places in Houston where they're trying that out i don't know if it's the if they've done it citywide yet or not where they have the color coded uh bags and uh bins,
19073n,True,True,True,Both professors soon realized that creating a new language was not an easy task.,
130589c,True,True,True,Charles Delaney asks for further examples of onomatoplazia . Here are two which misled me for,
86563e,True,True,True,"Nevertheless, mental representation is yet another feature that is not exclusive to play.",
86481e,True,True,True,The most recent attraction at the pyramid complex is a small museum housing the remains of a solar barque (a cedar longboat) which was found in 1954.,
46181c,True,True,True,"All the ingredients may be present'the music, the singers, the dancers, the setting, and costumes'but, alas, duende itself fails to show up and the production fizzles.",
98345n,True,True,True,"IDPA's OIG's mission is to prevent, detect, and eliminate fraud, waste, abuse, and misconduct in various payment programs.",
40488n,False,False,False,"Sultan Abdul Hamid II (1876 1909) tried to apply absolute rule to an empire staggering under a crushing foreign debt, with a fragmented population of hostile people, and succeeded only in creating ill will and dissatisfaction amongst the younger generation of educated Turks.",
91726c,True,True,True,"Many skills and life patterns, which are key components for self-sufficiency, are formed during this period.",
39494c,True,True,True,"When we quote from a source document, we use its transliteration, e.g.,al Qida instead of al Qaeda.",
136296c,True,True,True,"Because GAO's primary function is to support the Congress in carrying out its decision-making and oversight responsibilities, the number of times our experts testify before congressional panels each year is an indicator of our responsiveness and reflects the impact, importance, and value of our work.",
45012c,True,True,True,Complacency came easily after a couple of weeks without capture.,
61216c,False,False,False,"By seeding packs with a few high-value cards, the manufacturer is encouraging kids to buy Pokemon cards like lottery tickets.",
81452e,True,True,True,"At 9:03:11, United Airlines Flight 175 struck the South Tower of the World Trade Center.",
4312c,True,True,True,"Little is recorded about this group, but they were probably the ancestors of the Gododdin, whose feats are told in a seventh-century Old Welsh manuscript.",
53604e,True,True,True,"the approving official's knowledge true, correct, and accurate, and in accordance with applicable laws, regulations, and legal decisions.",
30075c,True,True,True,Supreme Court agreed Monday to hear a Washington case challenging the widespread practice of pooling client money held by lawyers and using the interest to pay for legal services for the poor.,
87584e,True,True,True,"In reviewing this history, it's important to make some crucial distinctions.",
41643e,True,True,True,The experts point out that it is not age alone that determines a Chinese antique's value the dynasties of the past had their creative ups and downs.,
46880e,False,False,False,"Despite all the hoopla over a pro-choice advocate's confession that he had lied about the circumstances under which the procedure is generally used, only five lawmakers switched their votes from no to yes.",
114188c,True,True,True,"The disadvantage of this kind of machine is that it makes seams that are not as secure as the lockstitch; in addition, the appearance of the seam from the top and bottom of the fabric is different.",
124288e,True,True,True,I am so constituted as to be unable to give away money with any satisfaction until I have made the most careful inquiry as to the worthiness of the cause.,
105047e,True,True,True,"Um, I wanted to be closer to my family, number one, and, um, number two, I have a lot of friends coming here, which helped me a lot, and, um, I just liked the Charlotte, um, UNC Charlotte because I wanted to be a, a nurse.",
73765c,True,True,True,"Denouncing waywardness among the faithful, some clerics have appealed for a return to observance of the literal teachings of the Qur'an and Hadith.",
82486c,True,True,True,Barn is compounded from the Old English words beren `barley' + ern `house.,
116222n,False,True,False,"By the late 1980s, a growing number of retailers had started changing the way they did business.",
82225n,False,False,False,"In 1985 a group of courageous pioneering women established the YWCA of Indianapolis to meet the needs of women, and in 1998 the tradition continues.",
141907c,True,True,False,"We were mentioning, we were mentioning writers you enjoy reading now and we had to take a break.",
90154e,True,True,True,"U.S. intelligence estimates put the total number of fighters who underwent instruction in Bin Ladin-supported camps in Afghanistan from 1996 through 9/11 at 10,000 to 20,000.",
41841c,True,True,True,The YMCA of the USA also named it an Outstanding International Program in 1997.,
64143c,True,True,True,"If there is something wrong, it behooves us to get at the roots of the problem, not to flail about wildly, for only after the source of a disease has been identified can one properly investigate its cure.",
78014c,True,True,True,but uh these guys were actually on the road uh two thousand miles from from home when they had to file their uh their final exams and send them in,
75855n,False,False,False,"Indeed, retailers like Wal-Mart Stores, Kmart Corporation, and Dillard's Inc. have been the driving forces behind changes in manufacturing and logistics systems in a way that was unheard of in Bond Stores' time.",
120996c,True,True,True,and the nurses aren't no see you have to pay that,
133425e,True,True,True,"And they put out the, the word that yes, they had killed him.",
135649c,True,True,True,Nothing except knowing that you are helping to protect the Earth's precious natural resources.,
48002n,True,True,True,"Ah, we heard a suspicious transmission on our departure out of Boston, ah, with someone, ah, it sounded like someone keyed the mikes and said ah everyone ah stay in your seats.",
55976c,True,True,True,well i meant when when you were when you were growing up i mean like Galveston,
104884c,True,True,True,"Six feet five and thin, Bin Ladin appeared to be ungainly but was in fact quite athletic, skilled as a horseman, runner, climber, and soccer player.",
87603c,False,False,True,"Do you think they've become more ex, do you think they've accepted more what you've decided to do or that's going to take a while?",
139749c,True,True,True,well that would be a help i wish they would do that here we have got so little landfill space left that we're going to run out before the end of this decade and it's really going to be,
42868e,True,True,True,The purpose of this paper is to analyze rural delivery costs and compare them with city delivery costs.,
34873c,True,True,True,"Even after we hire good people, we need to take steps to retain them.",
34974c,True,True,True,"George F. Badger, the recipient of the award was equally surprised, not to mention a little better off financially.",
72836c,True,True,True,"According to Vygotsky, children's greatest self-control occurs during make-believe play.",
29651c,True,True,True,"Conspiracy theorists MasterCard is investing in a chip that can store electronic cash, your medical history, and keys to your home and office.",
32716n,False,False,False,The last stages of uploading are like a mental dry-heave.,
81437e,True,True,True,well the parts to to me i spent twenty two dollars on the parts,
108744n,False,False,True,Turabi in return would let Bin Ladin use Sudan as a base for worldwide business operations and for preparations for jihad.,
134368e,True,True,True,"He appropriated for the State much of the personal fortunes of the princes, but found it harder to curtail the power of land-owners who had extensive contacts with the more conservative elements in his Congress Party.",
3799c,True,False,False,"Also, stakeholders may not interpret principles consistently, and it is important for stakeholders to have the same conceptual framework as preparers when interpreting a principle.",
140982e,True,True,True,"It was not too bad early on, when, according to Miles, the seven Maccabean martyrs who saved Judaism did so only at the instigation of their mother.",
117680e,True,True,True,"Since the rules were issued as interim rules and not as general notices of proposed rulemaking, they are not subject to the Unfunded Mandates Reform Act of 1995.",
94827e,True,True,True,"I don't, I kind of don't think about that though, because I'm like my life is my life, you know?",
60023c,True,True,True,"Second, he warned that more people, including Muslims, were attracted to jahiliyya and its material comforts than to his view of Islam; jahiliyya could therefore triumph over Islam.",
98811c,True,True,True,yeah i mean just when uh the they military paid for her education,
71643e,True,True,True,"As for stalemate , which is related to checkmate , would it not have been important to indicate that the - mate part has nothing to do with English, having been borrowed from checkmate which is a loanword from Persian (and has nothing to do with check , either).",
75800e,False,False,False,"Jarrah's objective was to crash his airliner into symbols of the American Republic, the Capitol or the White House.",
11441n,True,True,True,"In addition, the full donation of $1,000 can be itemized as a federal income tax deduction.",
30619c,True,True,True,"Possibly, but strychnine is a fairly rapid drug in its action.",
110449n,False,False,False,Ricky alternately named the numbers he recognized and counted items as they passed through the checkout.,
131916n,True,True,True,"Let us start with the three groups of clues encountered in the classical crossword synonyms, superordinates, and definitions.",
62647c,False,False,True,Texas has contributed a few good words to the English language without any help from Spanish or Mexican.,
103773n,True,True,True,You may recall from my earlier letter regarding our 50th reunion that a room in the Union Building has been reserved for our use following the banquet on Friday.,
93570n,True,True,True,yeah well at least as they told us uh two shifts,
145236e,True,True,True,um-hum um-hum um-hum yeah yeah it is i don't know i think it's a very interesting um discussion you know and and there's certainly uh lots of pros and cons around it,
141517n,False,True,False,[the tenor] brings the opera to its climax in his final suicide.,
94366e,True,True,True,And they are less likely to cry and more likely to use gestures and words to express their desires than are infants whose parents delayed or failed to respond to their calls for help.,
116852n,True,True,True,yeah well i i started uh studying mathematics basically because i was really good at that in high school,
73260e,True,True,True,The disputes among nobles were not the first concern of ordinary French citizens.,
94811e,True,True,True,i know because i think i've been reading i read this ten years ago that they were having these big uh um rallies and people would be in the streets flashing signs statehood yes and other people would statehood down the statehood it's it down there if you're um familiar with their politics they uh it's very uh i i don't know it's called Latino there they have loudspeakers on their cars and they run down the neighborhood saying vote for you know Pierre he's or uh Pedro uh Pedro he's the best it's it's really kind of comical,
88479e,True,True,True,"Now, as children tend their gardens, they have a new appreciation of their relationship to the land, their cultural heritage, and their community.",
121230e,True,True,True,"Exercises were conducted to counter this threat, but they were not based on actual intelligence.",
66453c,True,True,False,"The firm was stocking out of the low demand items, which, as described above, suffered from relatively high demand variation.",
29632e,True,True,True,"In fact, European nations need to do some serious fiscal housecleaning.",
54811e,True,True,True,"The park on the hill of Monte makes a good playground, while the ride down in a wicker toboggan is straight out of an Old World theme park (though surely tame for older kids).",
54420c,True,True,True,Let me live in my house by the side of the road,
103455e,True,True,True,Now they're telling mothers to deny food to infants all night long once the kids are a few months old.,
139836e,True,True,True,The centralization dear to Richelieu and Louis XIV was becoming a reality.,
101046n,False,False,True,"The movie isn't clear on where the secret report that kicked off Bergman's interest in tobacco came from, or who in the FDA thought it was a good idea to turn him onto Wigand.",
33612e,True,False,True,"At 10:02, the communicators in the shelter began receiving reports from the Secret Service of an inbound aircraft-presumably hijacked-heading toward Washington.",
8565e,True,True,True,"Good spots for blues are Harvelle's Blues Club in Santa Monica, Jack's Sugar Shack in Hollywood, and the House of Blues in West Hollywood.",
11782c,False,False,True,"There's nobody telling that landlord to fix the property, Simmons said.",
33306n,True,True,True,"Most of the religions of the world connected woman with mother earth, fertility, and all the other progenetic and nurturing associations, and this was borne out in the cultures of the people.",
125871n,True,True,True,"Perhaps North Africans and eastern Europeans peopled the Ligurian coast, while the Adriatic and south may have been settled by people from the Balkans and Asia Minor.",
35142n,True,True,True,"Southern manufacturers had already adopted steam engines for textile production, along with newer and more productive technology.",
21287e,True,True,True,"The rain had stopped, but the green glow painted everything around them.",
127419c,True,True,True,"The campus also can serve as a community forum, sponsoring public lectures by authorities on issues in the news.",
59343c,True,False,True,"Specifically, our manufacturer checked inventory of every item each week.",
145762e,False,False,False,They say we're going up in the mountains to find some snow.,
141143c,True,True,False,It incorporates a risk assessment methodology intended to reduce audit planning time and ensure that significant issues are included.,
99272e,False,True,True,Won't you be a part of extending the promise with your gift today?,
47800c,True,True,True,it was really a nice compromise especially because she felt like she was still living in her own house and she still had her own couch and her own bed and it it really helped a lot and she was a lot more comfortable and she didn't,
141146n,False,False,False,"approaches for setting different requirements for sources that pose different levels of hazard (tiering); worst-case releases and other hazard assessment issues; accident information reporting; public participation; inherently safer approaches; and implementation and integration of section 112(r) with state programs, particularly state air permitting programs.",
75336c,True,True,True,"When toddlers begin to speak, their main interest is in talking about what people do and the consequences of their behavior.",
112349e,True,True,True,The idea that Clinton's approval represents something new and immoral in the country is historically shortsighted.,
2942e,True,True,True,"In Texas, the legislature was instrumental in effecting changes to the state's benefit programs through provisions in several pieces of legislation.",
7953c,True,False,False,"It is specifically a dictionary of Scots, or Lallans, which some scholars consider merely a dialect of English and others a distinct language rooted in Old English.",
27525c,True,True,True,"Once again, the development of Web sites to undertake some of these connections represents an important first step in this direction.",
122531c,False,False,False,Funchal's central area boasts the best variety of shops and local products on the island.,
56163c,False,False,False,She would be almost certainly sent to you under an assumed one.,
129262c,True,True,True,"Although a seemingly mundane, tactical aspect of business, a firm's inventory strategy reflects its approach to managing risk.",
39910c,True,True,True,i have been and uh some of the boy scouts have been up in there they have got some great hiking trails and camping areas up in there,
124037c,False,False,True,The park was established in 1935 and was given Corbett's name after India became independent.,
19578e,True,True,True,"Moreover, Las Vegas has recently started to show signs of maturity in its cultural status as well.",
92590e,True,True,True,"We found no evidence that, at this critical time, NORAD's top commanders, in Florida or Cheyenne Mountain, coordinated with their counterparts at FAA headquarters to improve awareness and organize a common response.",
41119c,True,True,True,"YMCA International Conference -- Four delegates (3 volunteers and 1 staff attended the YMCA International Conference in Toronto, Canada in October.",
109278n,False,True,False,"Lawyers in their first three years of practice or who are inactive pay $90, and retired lawyers pay nothing.",
15684c,True,True,True,The majority of the agencies that responded appreciated GAO's initiative to develop the protocols and said that they were comprehensive and provided a framework for meaningful communication.,
26693c,True,True,True,"Today, the island is little more than a forgotten backwater with few ferry connections to other islands, but its strong natural defenses gave it advantages in ancient times.",
118006e,True,True,True,"Today, Bodenheim's novel might be of interest to students of the English language because of its use of slang.",
132424e,True,True,True,The lines further from the trend line indicate the range with a likelihood of 90 percent.,
67907n,True,True,True,The best beach in Europe ' at least that's the verdict of its regulars.,
23625n,True,True,True,"Britons, however, trumpet their poet laureate as worthy of the ranks of Blake, Keats, Hardy and Auden (the Times of London).",
43755e,True,True,True,"Within the system, there are others with similar mixed feelings, but by and large the system remains intact.",
128729e,True,True,True,"This provides insight into the important Japanese concept of katachi (form), the rough equivalent of It isn't what you do; it's the way that you do it.",
37479n,False,False,False,And that's like I can totally see my dad in my personality.,
106548e,False,True,False,"Robust came in third among words and phrases submitted (220 citations in the CR ), and unlike the previous two, it seems to be a genuinely new cliche; at any rate, Chatterbox hadn't previously been aware of its overuse.",
142630c,False,False,True,"Do you think Mrs. Inglethorp made a will leaving all her money to Miss Howard? I asked in a low voice, with some curiosity.",
47479e,True,True,True,Nowadays it is bordered by ancient columns and lined with expensive shops.,
104881n,True,True,True,"Twenty-three when he arrived in Afghanistan in 1980, Bin Ladin was the seventeenth of 57 children of a Saudi construction magnate.",
103909e,True,True,True,"Watergate remains for many an unhealed wound, and Clinton's critics delight in needling him with Watergate comparisons--whether to Whitewater or Flytrap.",
52884e,True,True,True,"They are thus a ready audience for calls to Muslims to purify their society, reject unwelcome modernization, and adhere strictly to the Sharia.",
103134n,True,True,True,and the professors who go there and you're not going to see the professors you know you're going to see some TA you know uh,
47714n,True,True,True,"I could've afforded a much swankier, up-town place- or at least, a slightly swankier, mid-town place- but all that space would just encourage me to clutter.",
57151n,True,True,True,"That is, as the discount is increased in steps, the cost to the Postal Service of sorting the mail that becomes workshared on step 4 is probably greater than the cost of sorting the mail that becomes workshared on step 3. This assumption will be relaxed in Part III below, where larger discount changes are considered.",
81698e,True,True,True,"The Japanese spell and pronounce what they hear and are accustomed to pronounce, much as Americans are inclined to say Kindagarden, ekscape, lawnjeray, asterik, and ekcetera.",
26279e,True,True,True,"Inside the NMCC, the deputy director for operations called for an allpurpose significant event conference.",
66545c,True,False,False,His off-the-cuff style seems amateurish next to Inglis' polished mini-essays.,
53159c,True,True,True,"We would like to announce the success of this year's campaign at the Annual Meeting on April 27, so please return you pledge or gift within the next 30 days.",
42321c,True,True,True,"Now sink of sorrow I who live--the more the wrong!Who wishing death, whom death denies, whose thread is all too long;Who tied to wretched life, who looks for no relief,Must spend my ever dying days in never ending grief.",
96319c,True,True,True,"When parents do make an eort, preschoolers watch less TV, find educational programs more appealing, and more often view shows with their parents.",
5507e,True,True,True,"In the 1980s, a pragmatic socialist coalition government with the Christian Democrats brought a few years of unusual stability.",
83271e,True,True,True,"In 1989, the law school received $38,912 in matching gifts from 55 companies.",
83329n,True,False,True,"I wish if I could do it all over again I would stay home and study instead of going out with my friends, which has really hurt me a lot.",
133005n,False,False,False,"In May 1967, Gallup found that the number of people who said they intensely disliked RFK--who was also probably more intensely liked than any other practicing politician--was twice as high as the number who intensely disliked Johnson, the architect of the increasingly unpopular war in Vietnam.",
51995e,True,True,True,"Traffic, also, has been controlled, and if you're staying here you might want to consider getting around by bicycle; there's no better way to explore an island that measures no more than 20 km (121.2 miles) from end to end, one-fifth the size of Ibiza.",
95632e,True,True,True,What seems to be a special bargain price for just one week only could turn out to be a year-round con.,
137499n,True,False,True,His plan was to drive straight up to the house.,
120896c,False,False,False,"Tell me, how did those scribbled words on the envelope help you to discover that a will was made yesterday afternoon?"" Poirot smiled.",
144462c,True,True,True,"Uh, my mom took me for a it, um, doctor's visit uh, it was a physical.",
85103e,True,True,True,The liberation of these old European colonies created the basis for postwar independence movements proclaiming the Japanese slogan Asia for the Asians.,
27285n,False,True,False,"He married Dona Filipa Moniz (Perestrelo), the daughter of Porto Santo's first governor, and lived on the island for a period, fathering a son there.",
62546e,True,True,True,But the cases suggest that stepping in only in at times of crisis cannot compensate for providing the ongoing togetherness and haven of a family.,
112085n,False,False,False,"However, what emerged were almost invariably autocratic regimes that were usually unwilling to tolerate any opposition-even in countries, such as Egypt, that had a parliamentary tradition.",
130006c,False,False,False,"So we quick think and I go, well grab a paper towel and wet it and throw a couple of ice cubes in and put it on his hand, get him up to his feet and haul him off to the emergency room.",
140278e,True,True,True,"Two, most other productive operations are easier to study and understand, since few firms have 40,000 locations and a large proportion of their workforce working outdoors.",
4796n,True,True,True,All-inclusive units are in villas and a great house in tropical setting overlooking Caribbean.,
6059n,True,False,True,"Also, lack of winter freezes means that mites normally killed off by the cold will survive.",
101858n,True,True,True,The final aim of screening must be improved outcomes through referral and counseling.,
8005c,True,True,True,"The main funding source for Maryland's legal services to the poor has fallen on hard times, and advocates are preparing to seek unprecedented state financial help - even as they keep an eye on a legal challenge that threatens to cut off a main source of funding for such services nationwide.",
137585n,True,True,True,so it's it's changing and the summers are getting hot and the winters are cold but i guess i can live with it,
99087n,True,True,True,Please join us as we continue to rebuild this historic neighborhood into a place of pride and community strength.,
14122c,True,True,True,"At 8:51, the flight deviated from its assigned altitude, and a minute later New York air traffic controllers began repeatedly and unsuccessfully trying to contact it.",
136150e,True,True,True,Probably one of the first ones that was ever read to me the first one I can remember is my cousins Mary and Glenda reading Trumpet the Dog.,
85731c,True,True,True,"Vaikuntaperumal is a Vishnu temple of the same period, famous for its elevated colonnade of lively sculpted reliefs showing the many exploits of the Pallava kings.",
129520c,True,True,True,"At 9:36, the FAA's Boston Center called NEADS and relayed the discovery about an unidentified aircraft closing in on Latest report.",
68086c,True,True,True,"But, as a British journalist might say, we should be told.",
68475c,True,True,True,"It seems silly to separate Gruy?¨re the cheese from Gruy?¨re the place in Switzerland whence it comes' indeed, the latter is not even an entry in the geographical sections of either dictionary.",
27587c,True,True,True,"In the meantime, the philosophy is to seize present-day opportunities in the thriving economy.",
72962e,True,True,True,"In Brazil, child street vendors with little or no schooling display sophisticated concepts of classification and equivalence as the result of buying candy from wholesalers, pricing it with the help of adults and experienced peers, and bargaining with customers on city streets.",
124308n,True,True,True,"One of these walls, the Western Wall, is today a major reminder of Jerusalem's greatness under Herod.",
126776c,False,False,False,Beyond the Quantitative Cul-de- A Qualitative Perspective on Youth Employment Programs.,
140826c,False,False,False,"And, instead of providing an open-ended guarantee on prices to its distributors, the company would guarantee the price for only two weeks after purchase by the distributor, refusing to take back computers unless they malfunctioned.",
48741c,True,True,True,Bland slips up when he states it is to enable him to proceed on his path to the murder of Duncan.,
131848c,True,True,True,"Ever since the Islamist regime came to power in Khartoum, the United States and other Western governments had pressed it to stop providing a haven for terrorist organizations.",
141656e,True,True,True,"At the other end of the spectrum, a manufacturer can alter its internal design, planning, procurement, and manufacturing operations and respond rapidly to demand changes through the use of flexible manufacturing or sourcing practices.",
99956e,True,True,True,A muckraking cover story investigates how the Pentagon disposes of surplus weapons (the short badly).,
141552e,True,True,True,The attempted assassination in Ethiopia of Egyptian President Hosni Mubarak in June 1995 appears to have been a tipping point.,
93568e,True,True,True,"Nine other classes will be participating in this effort, as well.",
145717c,True,True,True,United Way's impact begins with research that helps answer important,
86987c,True,True,True,"Over most of the 1980s and 1990s, the U.S. was able to invest more than it saved by attracting financing from abroad.",
24171n,False,False,False,"Yet a few years ago, it almost closed its doors due to a lack of applicants.",
48742e,True,True,True,"Your Third Prize notwithstanding, Duncan was murdered several pages earlier.",
135876n,True,True,True,they ought to take all them little misdemeanor people let them go let them go,
44466c,True,False,False,We call this our home because this is where we were raised at.,
91273n,True,False,False,"Men are seldom assigned to review them, possibly because the editor fears that they will be either ignorant of or unsympathetic to the issues raised, if not biased against them, or because the editor is a woman.",
140441n,False,True,False,"Um, now why did you decide to stay in Charlotte to go to school?",
2647n,True,True,True,The deadline for donations from each class will be July 31.,
808c,False,False,True,He felt the off-hand dagger's weight in the small of his back.,
27539c,True,True,True,The purpose of the Diwan-i-Khas is hotly disputed; it is not necessarily the hall of private audience that its name implies.,
112869e,True,True,True,"The President said he remembered such a conversation, and that it reminded him of when he had been an interceptor pilot.",
56741e,True,True,True,"In the absence of information that the crash was anything other than an accident, the White House staff monitored the news as they went ahead with their regular schedules.",
138934e,True,True,True,Bin Ladin was prepared to pick up where he had left off in Sudan.,
17234n,True,True,True,"Computer-assisted marker-making can offer large savings with basic garments, like men's pants or women's intimate apparel, which may be manufactured repeatedly over several years.",
43599n,True,True,True,"It was stated that auditors frequently leave the profession early in their careers to join clients, and that over half of CPAs are not practicing public accounting.",
28358n,False,False,False,"In addition, gifts provide essential support in a number of other areas, including recruitment of new faculty members and students, maintaining our Career Services office, securing guest speakers, supporting the school's commencement and publications",
62540c,True,True,True,"In this competition for legitimacy, secular regimes had no alternative to offer.",
7193c,False,False,False,yeah those yeah it was all bloodless and the good guys can get hit all day long and they have to shake it off they don't they don't you know get epileptic fits or anything from getting hit on the head,
22618n,False,False,False,yeah right right yeah i know i uh i remember my college days and having to do that too,
70066c,True,True,True,"In 2001, with Bin Ladin's help they re-formed into an organization called Ansar al Islam.",
28034c,True,True,True,Simply doing business with lean retailers in no way confers competitive success.,
61684e,False,False,True,"But I guess I can take it we were wrong, pursued Julius.",
39686e,True,True,True,He uses cultural and religious allusions to the holy Qur'an and some of its interpreters.,
56499n,False,True,True,"Do you think that's a good thing that it helped culture you, or--",
119142c,True,True,True,"Presumably FAA would have provided such information, but we do not know how long that would have taken, nor how long it would have taken NEADS to locate the target.",
31078e,True,False,True,The story of the technology business gets spiced up because the reality is so bland.,
112621n,False,False,False,"Enter the realm of shopping malls, where everything you're looking for is available without moving your car.",
20297c,True,True,True,"Having spreading, computer-cutting, fusing, and inspection in the same areas also allows teams of cross-trained workers to prepare the order for sewing, finishing, final inspection, and packaging.",
112010c,True,True,True,"To provide a useful perspective on how alternative levels of national saving affect future living standards, we also compared our simulation results to a historical benchmark.",
40157n,True,True,True,There is conflicting evidence about when the Vice President arrived in the shelter conference room.,
86343n,False,False,False,"Like in most schools in Charlotte, if you go on other sides, it's like everybody's just white, but in my school, there was every kind of person you could ever meet.",
109346n,False,False,False,Putting another ply on top the same way creates an additional problem.,
38293n,False,False,False,"Prior to 9/11, it was understood that an order to shoot down a commercial aircraft would have to be issued by the National Command Authority (a phrase used to describe the president and secretary of defense).",
121060e,True,True,True,"The School of Law in Indianapolis received nearly 1,300 applications to enroll its 1993 first-year class of 260 students.",
102317c,True,True,True,yeah and the music and uh well it had an excellent story line Everything about it was good,
113366n,True,True,True,"Hamon said the proposed bill has attracted a number of co-sponsors, and Legal Aid backers are hoping to get it passed in the upcoming legislative session.",
2696e,True,True,True,yeah pay fifteen yeah yes i know yeah and when you pay fifteen dollars a month it sure takes a long time,
13195c,True,True,True,"A, a DJ by the name of Funk Master Flex, who put out a few albums and I don't even remember what they called.",
125699c,True,True,True,"In my Crossfire days, I was patronized even by Sam Donaldson.",
112688n,True,False,True,"(For more information on BLM's senior executive performance plans, see app.",
69865e,True,True,True,Take a step toward making a difference in the lives of our young woman and recommit to the Girl Scout vision.,
39524c,True,True,True,"Children's social exchanges begin to infiuence their ways of thinking more profoundly than before, permitting them to acquire competencies in keeping with the requirements of their families and communities.",
117811e,True,True,False,"They need individual support to attend conferences, present papers, publish their works, and keep in touch with others in their fields across the country.",
58872e,True,True,True,"When Mr. Hastings and Mr. Lawrence came in yesterday evening, they found your mistress busy writing letters.",
10900n,False,True,True,"Except for its origin, in the British Interplanetary Society Journal, space warp has been restricted to fictional use.",
120849e,True,True,True,"And, you know, with this, you know, it wasn't many opportunities for kids to be special, because kids weren't, you know, you were pushed out of adult conversation, and just really pushed to the side.",
69466e,True,True,True,um-hum they keep you entertained they sure do we have a uh my wife's uh mother is uh oh about seventy seven i guess she really gets a thrill when we go over to see her and bring the dog i think she's more happy to see the dog than she is us,
61083n,True,True,True,Macbeth's action to have the bond canceled becomes null and void.,
102983n,True,False,True,"If he were someone who was an assistant, with an ailing mother to support, well, it would be impossible.",
14946e,True,True,True,"Um, what do you remember any stories they told you, your parents told you?",
25652n,False,False,False,"Then he assists with a general prompt, Which piece might go down here?",
118875c,True,True,True,The Government does not sacrifice anything of value in exchange and the entity that forfeits the property does not receive anything of value.,
36089n,False,False,True,He argued that these governors shared the congressional Republican agenda enshrined in the 1994 Contract With America.,
142569n,False,False,True,"The long, disjointed document condemned the Saudi monarchy for allowing the presence of an army of infidels in a land with the sites most sacred to Islam, and celebrated recent suicide bombings of American military facilities in the Kingdom.",
125700e,True,True,False,Don't forget to take a change of clothing and a towel.,
13593e,False,True,True,"I am feeling quick on the trigger, quick on the draw, hot as a pistol, and loaded for bear, so I am going to get the drop on you and let you have it with both barrels.",
56895e,False,True,True,"The entire economy received a massive jump-start with the outbreak of the Korean War, with Japan ironically becoming the chief local supplier for an army it had battled so furiously just a few years earlier.",
77116n,False,False,False,"The third row of Exhibit 17 shows the Krewski, et al.",
125858c,True,True,True,"The balance comes from fees, special events, grants and individual gifts.",
4179c,True,True,True,Vatican II gave rise to a less hierarchical and more outward-looking Catholicism and set the stage for once-unthinkable innovations like plainclothes nuns and the celebration of the Mass in English and other modern languages.,
110301c,True,True,True,"This edition when published was said to give more word definitions than any other British desk dictionary; including its main competitor, The Concise Oxford . But in 1986 it was moved into second place by the second edition of Collins Dictionary of the English Language . ( Webster's New World Dictionary of the American Language seems about the same size as the Oxford ; the Gage Canadian Dictionary is slightly smaller.)",
106201e,False,True,True,"He works himself into a fake froth; does some calculated, halfhearted gonzo writing; then collects a fat check.",
111200n,True,True,True,"00 in labor and transportation costs (including direct labor at the plant level; transportation costs for fabric and other supplies shipped to the sewing plant; the cost of transporting finished goods to the manufacturer's distribution center, any customs fees or insurance associated with transportation, and any other costs associated with producing an acceptable unit of finished goods).",
129317n,False,False,True,"Meanwhile, critics on the left argue that because the United States failed to intervene in Rwanda, its intervention in Kosovo is morally suspect and probably racist.",
40984n,True,True,False,"Each individual's survival curve, or the probability of surviving beyond a given age, should shift as a result of an environmental quality improvement.",
61700c,True,True,True,"We have already seen how academically related tasks, family celebrations, family outings, and adult-child storybook reading are excellent focal points for adult-child engagement.",
2073c,True,True,True,"By then, the program had added Carroll and Grayson counties and the city of Galax and had five attorneys.",
47937e,True,True,True,"But there is a cycle of confirmation; if prophecy indicates a thing will happen, it will happen--though not always as expected.",
93955n,True,True,True,The large scale production of entertainment films is a phenomenon well worth seeing several times.,
136869e,True,True,True,"I had, had put in several weeks that were between 60 and 90 hours a week.",
22263c,True,True,True,"It was, uh, a very established studio and had put out a lot of, um, I guess, well known artists, and it was actually, it was affiliated with Jive Records, um, and Jive Records, I guess, at the time, had, their big act was the Backstreet Boys, and they were recording the Backstreet Boys' first American released album.",
90747n,False,True,True,The controller knew American 11 was hijacked; he was focused on searching for it after the aircraft disappeared at 8:46.,
61835e,True,True,False,No normal speaker of English encountering Man wants but little here below wonders'except facetiously'why women have been ignored.,
77690e,True,True,True,"Concurrent with downsizing, procurement regulations have been modified to allow agencies greater flexibility and choice in selecting contracting methods for acquiring facilities.",
37476c,True,True,True,"Like because my dad always treated me like a boy because I was like I was the first girl on my dad's side of the family in like, four generations or something like that.",
80808e,True,True,False,"A button on the Chatterbox page will make this easy, so please do join in.",
55808n,False,False,True,"Also, Time claims that for the past year, the FBI has been seeking Robert Jacques, a possible accomplice to Timothy McVeigh in the Oklahoma City bombing.",
129546c,True,True,True,"Specifically, suppose unconstrained competition were allowed but the Postal Service turned out to have sufficient market power in some product areas to allow other products to be priced at or near the level of incremental cost.",
90675e,True,True,True,"South Asia had an indigenous form of Islamic fundamentalism, which had developed in the nineteenth century at a school in the Indian village of Deoband.",
123675e,True,True,True,"However, assuming the procedural requirements of Chapter 36 are met, changes negotiated by the Postal Service and a mail user for their mutual benefit may merit recommendation under the applicable statutory standards.",
4464c,True,True,True,"A more emphatic adjective is perjinkety ; and it has the noun perjinkity , defined as a nicety.",
13472n,True,True,True,"A common sight in China (either one) is two individuals closely observing the upturned, outstretched palm of one while the other draws ideographs on that palm with a forefinger.",
53476e,True,True,True,The Maennerchor Society brings together persons who share a desire to provide enduring and generous support for the law school.,
133923e,True,True,True,Gerth's prize-winning articles do not mention a CIA report concluding that U.S. security was not harmed by the 1996 accident review.,
119593e,True,True,True,Not only are they winning awards around town but many will be presented with scholarships or gift certificates on April 30th at the annual Awards and Honors Ceremony.,
11601c,True,True,True,36 AC usage nationally for mercury control from power plants should be roughly proportional to the total MWe of coal-fired facilities that are equipped with the technology (this assumes an average capacity factor of 85 percent and other assumptions of Tables 4-4 and 4-5).,
82144c,True,True,True,Radar data show the Otis fighters were airborne at 8:53.,
6848n,True,True,True,"For the most part, in-plant production methods for apparel have been organized around the way in which cut parts of garments are distributed to operators for sewing and then assembled into the completed garment.",
106194c,True,True,True,"So they would, they would always come to me, and they told me, Ma'am, sell us milk, sell us yogurt, sell us cheese, or sell us a, a hog, a plump hog, well I had to sell them, and I am going to sell, he'd said, if you sell them to everyone else, sell to us, too.",
83774n,True,True,True,"agencies' operating trust, enterprise and internal service funds) are required to produce auditable financial statements.",
41155e,True,True,True,"Around age 2, children begin to pretend with less realistic toys, such as a block for a telephone.",
72384c,True,True,True,"However, in the off-field (sentimental) tournament, the Falcons and Jets have more appealing story lines.",
141087c,True,True,True,"For more than a century, the U.S. federal and state governments have investigated sweatshops in the garment industry, including the role of immigrants, and have adopted legislation to ameliorate their impact on workers and consumers.",
113235c,True,True,True,"As with all contributions made through I U Foundation, your gift is tax-deductible according to federal and state laws.",
69429n,False,False,False,"In all of these instances, the job of the controller was to reach out to the aircraft, the parent company of the aircraft, and other planes in the vicinity in an attempt to reestablish communications and set the aircraft back on course.",
111433e,False,False,False,"In Charles McGregor's words, a dictionary that says a lot about a little and one that says a little about a lot can end up roughly the same size.",
26901c,True,True,True,Why blame her because she had been true to her creed?,
113152c,True,True,True,"This was the site of the Bateau-Lavoir studio, an unprepossessing glass-roofed loft reconstructed since a 1970 fire.",
13133c,True,True,True,"The newspaper publishes just one letter a week from a reader, always with an editorial riposte at the bottom.",
38071c,True,True,True,So you'll go back to school if that doesn't work out?,
114179n,True,False,True,"The Command Center executed the request and, a minute later, Cleveland Center reported that United 93 may have a bomb on board.",
15727e,True,True,True,"For a half millennium or more, Madrid idled as a provincial backwater, rarely noticed on the arid central plains of Castile, until Felipe II plucked it from his royal cap in 1561 and proclaimed it the capital of Spain.",
27307n,False,False,False,"The spot does leave the viewer wondering about the rest of the story, and what tale the condom could tell.",
118403c,True,True,True,oh really it wouldn't matter if we plant them when it was starting to get warmer,
116648n,True,True,True,The aircraft was a Boeing 757 piloted by Captain Charles F. Burlingame and First Officer David Charlebois.,
42840e,True,True,True,Pound services ensure that lost pets have a clean and safe place to stay and be cared for until their owners can be located.,
23769e,True,True,True,Kom Ombo is an unusual temple in that it is dedicated to two gods.,
71457n,True,False,False,"Our efforts having been in vain, we had abandoned the matter, hoping that it might turn up of itself one day.",
62979e,True,False,True,"In a new retrospective, the Vienna modernist (1890-1918) wins critics' grudging respect.",
46003n,False,False,False,trying to keep grass alive during a summer on a piece of ground that big was expensive,
28312e,True,True,True,Their ideas and initiatives can be implemented at the local and national levels.,
132782c,False,False,False,. . . You got a conflict on that direction?,
91541n,False,False,False,"Others love to see it in the middle of the heaviest monsoon, its marble translucent, its image blurred in the rain-stippled water channels of its gardens.",
75104n,True,False,False,They have the potential to shape our world and make important decisions that will affect us all.,
48640n,True,True,True,"Perhaps $100 is more to your liking or, perhaps, you would be interested in making several smaller gifts during the year.",
69516e,True,True,True,"Um, I don't think I'll be able to settle down here though, because most of my relatives live up north.",
5783c,True,True,True,"The WP runs a piece inside reporting that during a church service last Sunday, Cardinal John O'Connor of New York criticized President Clinton from the pulpit for taking Catholic communion while in South Africa.",
110237e,True,True,True,yeah well the jury that originally sentenced him sentenced him to death,
129081c,False,False,True,right oh they've really done uh good job of keeping everybody informed of what's going on sometimes i've wondered if it wasn't almost more than we needed to know,
116962n,False,False,True,Laser-cutting equipment must be totally enclosed to be safe for human operators.,
124709n,False,True,True,"Though novel for its open endorsement of indiscriminate killing, Bin Ladin's 1998 declaration was only the latest in the long series of his public and private calls since 1992 that singled out the United States for attack.",
79305c,True,True,True,"And I said to him, I'm not going to be able to go.",
110288c,True,True,True,"As a participant in the Chancellor's Circle or Chancellor's Associates, you will receive reports from Jerry Bepko on how he puts your gifts to work.",
124839c,True,True,True,"(A bigger contribution may or may not mean, I really, really support Candidate X.) Freedom of association is an even bigger stretch--one that Justice Thomas would laugh out of court if some liberal proposed it.",
6849n,True,True,True,"From the outset of the factory system in woven apparel, after cloth has been laid out and cut in the configurations of patterns for various sizes, the cut parts have been grouped by parts of the garment'fronts, backs, sleeves, patches for pockets, collars'and tied together into bundles for operators, who sew together individual parts'hence the term bundle system.",
50987n,True,True,True,"You can eat and shop in and around the once-magnificent and heavily fortified Crusader city, with its enormous ramparts and cathedral.",
38475n,True,True,True,"In 1984, Clinton picked up rock groupie Connie Hamzy when she was sunbathing in a bikini by a hotel pool.",
54447c,True,True,True,We start with the fine review of a shockingly funny comedy about eye disease.,
61368n,False,False,False,"Perhaps the fascination with man's past grew out of the obsession with ruins evinced by Romanticism; certainly, modern archaeology seems to have followed close behind, for the excavation of the supposed site of Troy took place only about 100 years ago.",
38150e,True,True,True,She told him to shut-up and get her a pack of cigarettes.,
65995c,True,False,True,"Essentially, random fluctuation in demand cannot be explained by trends, seasonality, cyclicality, or other factors like advertising and new product introduction.",
93335n,False,False,True,And it's my understanding they've already taken a couple of aircraft out.,
6804c,False,False,False,"But if you take it seriously, the anti-abortion position is definitive by definition.",
138996c,True,True,True,"At 8:41, Sweeney told Woodward that passengers in coach were under the impression that there was a routine medical emergency in first class.",
99863e,True,True,True,Only written or printed Chinese provides the glue to hold the Babel together.,
38262c,True,True,True,Al Qaeda's role in organizing terrorist operations had also changed.,
117093e,True,True,True,"Hong Kong has long been China's handiest window on the West, and the city is unrivaled in its commercial know-how and managerial expertise.",
132752e,True,True,True,"The editors, for their part, arrange to have them all written just in case I do.",
63602n,True,False,False,There are a number of these on Chatham Road South and around Cameron Street in Tsim Sha Tsui.,
87601c,True,True,True,"It is important, too, to note that writing systems are for instance, Polish is written (today) using the Roman alphabet, but Russian, a related Slavic language, uses the Cyrillic; Yiddish, a Germanic language, is written in Hebrew characters; Latin, Greek, and Sanskrit, which resemble one another rather closely in some respects, all use different alphabets; and early examples, utterly unrecognizable to untrained readers of modern languages, were written in cuneiform, quite suitable for writing on soft clay tablets with a pointed stylus, and hieroglyphics.",
26045e,True,True,True,We will also need any able bodied men to help us spike the river.,
77260c,True,True,True,"And it was exactly on such a day, as this carefully selected Wednesday (which blushed from this distinction), that the mini-anti-aggressor was going to make the biggest of impressions.",
128996c,True,True,True,Another alternative is that our heroes were pursuing the noble goal of academics everywhere--tenure.,
28078e,True,True,True,Are you ready to train before our ride? Jon asked Adrin.,
46071n,False,False,False,"In addition, special service areas are funded for two populations with special needs - Native Americans and migrant workers.",
102647c,False,False,False,"This was built 15 years earlier by Jahangir's wife, Nur Jahan, for her father, who served as Mughal Prime Minister.",
138763c,True,True,True,"In practical terms, this means that a retailer carrying a broader array of goods faces increased costs both for carrying goods in inventory that will not sell (overstocks) and running out of a good that sells beyond expectations (stock-outs).",
8693n,False,False,True,"Bloomer (for `flower'), butter (for `ram'), or even flower (for `river') are recurrent examples, but solvers must always be on the alert for new traps of this",
71358n,False,False,False,The groundwork for a true global terrorist network was being laid.,
32955e,True,True,True,"Unless the mention of the Ritz was an accidental remark?""",
345e,True,True,True,"A museum inside the building gives intriguing insight into the life and heyday of the their rich costumes, their scimitars, and rifles inlaid with bright jewels and silver and a horrible bludgeon with a double serrated edge.",
88969e,True,True,True,Kentucky officials say there is a virtual epidemic of abusive relationships in the state.,
4996n,True,False,False,"Also, considerable sums are spent by the Postal Service analyzing the costs associated with worksharing, and mailers/competitors incur considerable expense litigating their positions on worksharing before the Postal Rate Commission.",
38243n,True,True,False,"Rounding a bend, with the sun now behind us, the show suddenly transforms to green moss, yellow sand, blue-green conifers.",
84254e,True,True,True,(Origin unknown; not from Gaelic) I think it hardly fanciful to discern a note of Calvinist disapproval in this curt disclaimer.,
52228c,True,True,True,"Such retailers can also gather data about customer demographics, past purchases, and responses to potential substitute items, all of which add up to a gold mine of information about consumer preferences.",
38064n,True,True,False,actually i listened to one time i remember it's this is back when rap even uh i would say about ten or fifteen years ago i,
39549e,True,True,True,"Minutes later, United 175 turned southwest without clearance from air traffic control.",
116059c,True,True,True,"These days, newspaper writers are no longer allowed the kind of license he took.",
108759c,True,True,True,"I mean, just mostly because my family lives up there and I enjoy being up there.",
24671c,True,True,True,"These dialogues occur frequently and spontaneously as adults and children spend time together'in everyday situations such as household chores, mealtimes, play, storybook reading, outings in the community, and children's eorts to acquire all sorts of skills.",
40872c,True,True,True,"The flight had taken off just as American 11 was being hijacked, and at 8:42 the United 175 flight crew completed their report on a suspicious transmission overheard from another plane (which turned out to have been Flight 11) just after takeoff.",
136864e,True,True,True,"The islands' names refer to the different force winds hitting them, not their topography.",
11876n,False,False,True,you know it took away a lot of of time from them we did go out to you know to the places that you typically take children to and we had a lot of fun but it seems as though the time went by so fast that,
109769c,False,True,False,"Man as a False Generic, M and S question whether the definitions 2.",
107817c,True,True,True,The Wall Street Journal Business Bulletin has a fact that dramatizes how profoundly well-off this country is--Americans throw out approximately 12 percent of the stuff they buy at the supermarket.,
114916e,True,True,True,"It spoke of thousands of years, even before the times of the old empire.",
108452c,True,True,True,"However, SCR installations designed to comply with the NOX SIP Call are generally already into the installation process or, at a minimum, into the engineering phase of the project.",
118881n,True,True,True,"Callers reported that a passenger had been stabbed and that two people were lying on the floor of the cabin, injured or dead-possibly the captain and first officer.",
41174e,True,True,True,ECONOMETRIC MODEL -An equation or a set of related equations used to analyze economic data through mathematical and statistical techniques.,
127153n,True,True,True,Return the completed card with your check by October 15 to receive an invitation to a special artist dinner on November 8.,
90625e,True,True,True,"So if there are something interesting or something worried, please give me a call at any time.",
63356e,True,True,True,"In the event, why not just say lithe under lento and the reverse under lithe ? (This latter piece of information is unaccountably lacking.)",
143450n,True,True,True,"Ask parents why they spell rather than say the words, and they remark, If you say ice cream,' he'll want it now.",
142700c,True,True,True,are you and since being Argentinean we also have a lot of pasta,
50630n,True,False,True,Use the enclosed card and give a generous gift to Goodwill today!,
123049n,True,True,True,"According to fourth-year student David Schmidt, who serves as president of the Students Affairs council, the upgraded lounge is a priority for the students.",
71099e,True,True,True,Visit at sundown or out of season to get the full flavor of the setting.,
37660e,True,True,True,"In other words, the paper exhibited the all-too-typical journalistic tic of exposing potential conflicts of interest involving politicians while ignoring those involving journalists.",
73035n,False,False,False,"Until the late '60s, the Senate was deferential to the (many fewer) presidential nominees.",
91913c,True,False,True,"This is one of the reasons we're growing too weak to fight the Satheri. ""What's wrong with a ceremony of worship, if you must worship your eggshell?"" Dave asked.",
54489n,False,False,True,STANDARD COSTING - A costing method that attaches costs to cost objects based on reasonable estimates or cost studies and by means of budgeted rates rather than according to actual costs incurred.,
85128c,True,True,True,The Vice President was logged calling the President at 10:18 for a twominute conversation that obtained the confirmation.,
119559n,True,True,True,"So she said, Ines went out, and opened the door and said, Bastards!",
91152e,True,True,True,We have already described some specific ways that managers can think about integration of new information technologies and manufacturing practices.,
78985e,True,True,True,"Power in the form of electricity, water'especially if items like jeans are to be washed'and a phone are about all that is required.",
83108e,False,True,True,The employers in the stable shops with employees whom they were anxious to keep suffered as much as we did because the union was weak.,
123989c,True,True,True,"The universal credibility problem with polling is that wordsmithing and mathematics don't mix, and never will.",
13652c,True,True,True,"Very little indeed, answered Tuppence, and was pleased to note that Whittington's uneasiness was augmented instead of allayed.",
5193c,True,True,True,"EPA estimates that 5.6 million acres of lakes, estuaries and wetlands and 43,500 miles of streams, rivers and coasts are impaired by mercury emissions.",
110534c,True,True,True,The total production quantity for each SKU is allocated between the two plants.,
34229c,True,False,True,not only that but they don't pay the money either,
32197c,True,False,False,facilitate suits for benefits by using the State and Federal courts and the independent bar on which those courts depend for the proper performance of their duties and responsibilities.,
63348c,True,True,True,The increased volatility of producer and consumer prices in a number of sectors since 1995 has been attributed in part to the adoption of new inventory polices related to lean retailing.,
18027n,False,True,False,They said that (1) agencies need to be able to design their procedures to fit their particular circumstances (e.g.,
80957e,True,True,True,hi Mary have you gone visiting uh any new restaurants lately,
87918n,False,False,False,"In the meantime we must send for a doctor, but before we do so, is there anything in this room that might be of value to us?"" Hastily, the three searched.",
100541n,True,True,True,Knowledgeable community volunteers -- people just like you -- ensure that your gift is spent wisely and that 88 PERCENT OF FUNDS RAISED GO TO HELP PEOPLE IN NEED RIGHT HERE IN CENTRAL INDIANA.,
23041e,True,True,True,"As explained by Professor Paul W. Kroll, Chairman of the Department of Oriental Languages and Literature, University of Colorado (Boulder), this new people called themselves by a name that was very similar to the Chinese word for `extreme.",
433n,False,False,False,"I thought that was surely the first time I had ever seen such an obvious typographical error in, of all things, a simple title on a simple 78-rpm record.",
122106e,True,True,True,Is there a favorite story or storybook or anything that you had when you were little that somebody read to you?,
67571n,True,True,False,Everybody has this quote from NBA commissioner David You cannot strike your boss and still hold your job--unless you play in the NBA.,
62709c,False,True,True,Jon took Susan to the mother of the boy who had befriended her.,
78518c,True,True,True,"Girl Scouting's many friends who have been the recipients of good wishes, we have enhanced our facilities and programs to increase the joy that Girl Scouting brings to all girls.",
25528e,True,True,True,"New Madeirans traded sugar, the era's dominant luxury item, with Britain and Flanders, and they proved skillful in the art of winemaking.",
80414e,True,True,True,"Instead, children are active agents, contributing to the creation of their own thought processes by collaborating with more experienced cultural members in meaningful activities.",
11003e,True,True,True,"Um she used to, she used to walk every day.",
5421e,True,True,True,"We hope the enclosed bookmark, just the right size for a paperback, will remind you of Joe and the hundreds of other adults working to improve their lives, their families and their community through stronger basic skills.",
115401n,True,False,True,"North of Mytilini, stop at the village of Moria, where you will find the remains of a huge Roman aqueduct surrounded by grazing goats.",
133432e,True,True,True,"Please send any survival tips for third and fourth year dental students to me, in care of IUSD!",
2959e,True,True,False,The last 12 years of his life are a blank.,
42563e,True,True,True,"Of course I had a watch kept on Mr. Inglethorp, hoping that sooner or later he would lead me to the hiding-place.",
29453c,False,False,False,"We brought them back in the afternoon, when I saw that, behind her there came a big group of, they looked like soldiers, but in street clothes.",
96918n,True,True,True,"Which is really a story from beginning to end, I suppose.",
117633c,False,False,False,"Perhaps one day we shall find an Etruscan library, buried deep in the Italian countryside; but for the present, we have to make do with what we have, which is precious little.",
124534n,False,False,False,"I didn't get it at the time."" The thought saddened him a little, for it seemed to prove that Mrs. Vandemeyer and the girl were on intimate terms.",
143009n,True,True,True,"Ca'daan felt his skin get hot and unable to come up with any suitable response, moved on.",
132309n,True,True,False,11 These departures permit them take advantage of the lower cost of living as well as to be reunited with their spouses and children.,
30927e,True,True,True,yeah i mean this this Escort even when the head gasket went i mean it would start first time every time,
119188c,True,True,True,"Even though the scratch was tiny, it broke his heart and haunted him for two weeks.",
37860c,False,True,False,When I first came to Goodwill I was a single parent with little or no self-esteem.,
94392e,True,True,True,Never mind that the movie had been out for months and that a Best Supporting Actor Oscar nomination had already been awarded for the portrayal of the female character.,
44959n,False,True,False,"They also raise grave concerns about the recent proliferation of expensive commercial early learning centers, in which infants are barraged with letter and number fiashcards and slightly older toddlers are drenched in a full curriculum of reading, math, science, art, music, gym, and more.",
140059c,True,True,True,The arts also flourished in India during these early times.,
39398c,True,True,True,"And did you find that to be kind of hard, or did, you know--?",
133252c,True,True,True,No move was made to evacuate the Vice President at this time.,
27708c,False,False,False,"$1 invested in preschool education for a disadvantaged child saves $4.75 in later special education, welfare payments, crime, and other costs.",
74465n,True,True,True,"Local boy Gates wisely built his 45,000-square-foot castle in suburban Seattle.",
90582c,True,True,True,"I might have been influenced by the preceding double is in tadashii . But I find that tadachi ni is frequently written and printed in two words, ni meaning `in,' so that tadachi ni just might be equivalent to something like `in the immediate.",
35208e,False,True,True,We can support such a scholarship if you will give $25.00 to the English Alumni Scholarship Fund.,
67629e,True,True,True,REESTIMATE -Refers to estimates of the subsidy costs performed subsequent to their initial estimates made at the time of a loan's disbursement.,
25429n,True,True,True,Penney was also one of the first retailers to adopt scanner technologies.,
111167e,False,False,True,"Could you please speak to this issue, with regard to the social ramifications of gum chewing in public?",
131614n,False,True,True,"1) Increased federal enforcement . Before Hoover's death, the FBI did not aggressively investigate the Mafia.",
77025e,True,True,True,"You are sure that you did not in any way disclose your identity?"" Tommy shook his head.",
141321e,True,True,True,"It will be held in the Maryland woods, and the telecast will consist of jittery footage of the contestants' slow descent into madness as they are systematically stalked and disappeared/disqualified by Bob Barker.",
72370n,False,True,True,yep and then i had probably lived the last eleven years in Massachusetts so you know what does that make me an honorary Yankee or,
130093e,True,True,True,Today's girls will be tomorrow's leaders--and they're counting on YOU!,
90258c,True,False,True,The monkey on board ship was a lad employed to fetch supplies'powder and so forth'to the guns.,
25799c,True,True,True,"24,000 community volunteers pick up 2 million pounds of litter, plant 1,200 trees and paint 50 homes for the poor and elderly.",
11232c,True,True,True,"To provide a common understanding of what is needed and expected in information technology security programs, NIST developed and published Generally Accepted Principles and Practices for Securing Information Technology Systems (Special Pub 800-14) in September 1996.",
115210e,False,True,True,but West Texas now was a hundred and ten and i didn't mind that at all you know because it was so dry,
46492c,True,True,True,"I just loved Cinderella . I also saw my sisters as the wicked stepsisters sometimes , and I was Cinderella, running around waiting on them.",
123895c,True,True,True,"Though he abstains from showbizzy campaigning, he markets his virtue and exploits his legend.",
30880n,True,True,True,"Cirque du Soleil's The latest from the acclaimed international troupe, O dazzles in an aquatic environment that utilizes 1.5 million gallons (6.8 million liters) of water.",
65149c,True,True,True,"Bottom-up the young being inducted into school at an early age and proceeding, level by level, to institutions of ever higher learning, stopping off for various reasons at various levels, usually marked by tests and the distribution of certificates providing a social grade.",
58016c,True,False,False,"(As the old saying goes, If you can't figure out who the fool is at the poker table, it's probably you.",
32008c,True,True,True,"In Bleak House (Chapter XXVII) Grandfather Smallweed, referring to Mr. George, warns Mr. Tulkinghorn that I have him periodically in a vice.",
100507n,True,True,False,Saudi Arabia and the United States supplied billions of dollars worth of secret assistance to rebel groups in Afghanistan fighting the Soviet occupation.,
21801c,True,True,True,"Corroboration is not readily forthcoming from the OED, unless we accept a citation from Lydgate, dated c 1450: Pryd gothe beforen And schame comythe aftyr, and blawythe horne.",
42681c,True,True,True,"So I think maybe, reading for young people, is not as important.",
138790c,True,True,True,And there are a lot of people who face these challenges every day of their lives.,
16841n,False,False,False,"Bolten watched the exchanges and, after what he called a quiet moment,suggested that the Vice President get in touch with the President and confirm the engage order.",
123527c,True,False,False,"When the vacuum pump comes on, five pounds of force per square foot push down on the fabric.",
111321e,True,True,True,"Auditors may use an engagement letter, if appropriate, to communicate the information.",
1682c,True,True,True,"Participants suggested the need for a new reporting model for auditing, a renewed focus on the quality of auditing, and building more effective working relationships with the audit committee.",
45069n,False,False,False,"The slang of one military generation passes on to the next, so the Marines who called the Koreans gooks in the '50s and the Vietnamese gooks in the '60s and '70s were the linguistic heirs of the Marines who called the Nicaraguans gooks in 1912.",
61370c,True,True,True,What we are able to accomplish each year is a direct result of your generosity and your understanding of what it takes to provide the best legal education we possibly can.,
61818e,False,False,True,"Kutchins and Kirk cite a particularly amusing example of such Robert Spitzer, the man in charge of DSM-III , was sitting down with a committee that included his wife, in the process of composing a criteria-set for Masochistic Personality Disorder--a disease that was suggested for, but never made it into, the DSM-III-R (a revised edition).",
38362c,False,True,False,"You can go out on the weekends but during the week it, you know, it should be study time.",
26948c,True,True,True,"Since The Bell Curve was published, it has become clear that almost everything about it was inexcusably suspect data, mistakes in statistical procedures that would have flunked a sophomore (Murray--Herrnstein is deceased--clearly does not understand what a correlation coefficient means), deliberate suppression of contrary evidence, you name it.",
41938n,True,False,True,"For the same time period, our alumni participation in similar firms was 31 percent to 67 percent.",
125941e,True,True,True,"Focusing on these two definitions, it must be conceded that naive users who did not know the meaning of Boolean or of Boolean algebra before going to either dictionary are unlikely to come away any the wiser.",
114136c,True,True,True,"In the United States, NORAD is divided into three sectors.",
62287c,True,True,True,"But the state does arguably have an interest, compatible with the First Amendment, in stipulating the way those media are used, and Fiss' discussion of those issues is the least aggravating in his book.",
66953e,True,True,True,"Girl Scouts experience a wide range of real life skills--first aid, resume writing, and managing money.",
138787n,True,False,True,"There are a lot of barriers that keep people from physical and mental disabilities, history of welfare dependency and lack of education or self-esteem.",
16409n,False,False,True,"Without fully realizing it, all of us speak the language of guns and cannons in our everyday conversation, and many words and phrases we spark forth date back to the era of black powder and muzzleloading.",
23226e,False,False,False,M and S also go out of their way to praise usages that neatly sidestep offensive usage.,
28031c,True,True,True,uh there's uh some very nice places like the bass which is a uh sort of a huge monolithic rocks that you can you can walk up the beach and into these uh enormous caverns that are partially submerged and you can wade in the pools and so forth very popular tourist spot,
128087c,False,False,True,"At the same moment I felt a terrific blow on the back of my head… ."" She shuddered.",
105427n,False,True,False,It was about the same time when all the space program was getting started off and I was in the first grade when the United States launched the first satellite and I was in the second grade when the first manned space capsule was sent up and because of what was going on at the time it was real interesting.,
96410c,True,True,True,"Unfortunately, the magnet schools began the undoing of desegregation in Charlotte.",
32889c,True,True,True,Extremely limited exceptions to the authority are established in 31 U.S.C.,
87095n,True,True,True,"If you have any questions regarding this report, please call me at (202) 512-4841.",
81469e,True,True,True,"Should we invite these young wealthies back to our comparatively humble, small home?",
126918e,True,True,True,"Rouen is the ancient center of Normandy's thriving textile industry, and the place of Joan of Arc's martyrdom ' a national symbol of resistance to tyranny.",
118135c,True,True,True,they might be but not at not at the human factors level,
39003c,True,True,False,"By 10:45 there was, however, another set of fighters circling Washington that had entirely different rules of engagement.",
76185n,True,True,True,"But stories I remember hearing one of uh, I believe it was Marsha uh, the wind caught the storm door there she was, she was uh, hanging on to the back storm door and I guess pulled it open a little bit to see what was going on and the wind caught it and threw her right out in the yard.",
125116e,True,False,True,From the corner of his eye he saw Jamus look over the broken mare.,
138437n,False,False,False,"I'm opening up like five pools and they're giving me a headache because they all turned green today, so, that's like the most fun job for me.",
71624e,False,False,False,"We then show how supplier performance, ranging from the degree of inventory risk to profitability, is changed by their information technology investments and the sequence in which they are adopted.",
49518c,True,True,True,"' Blankley replies, And there are fund-raisers going out in other parts of the country to raise 'The conservatives are coming, the conservatives are coming.",
116767e,True,True,True,We are also organizing an IU Periodontal Alumni Association that we discussed in Dallas.,
50128c,True,True,False,Act today to reserve your FREE CLOCK and become a member of the National Audubon Society.,
19093c,True,True,True,Marking cartons and containers for shipment according to channel-wide standards can speed up distribution.,
86825e,True,True,False,This ensures that they will acquire competencies that are adaptive in their culture.,
139621n,True,True,True,The island has a long history; its marble deposits were coveted around the ancient world.,
100409e,False,False,False,"That example points to an important general Total expenditure is determined by the value of the prize, whether we're talking about presidential campaigns or state lotteries.",
123229n,False,False,False,"Along with each step, certain practices proved especially important to the success of their efforts.",
71328n,True,True,True,"At 9:27, after having been in the air for 45 minutes, United 93 acknowledged a transmission from the Cleveland Center controller.",
122760c,True,True,True,"These are issues that we wrestle with in practice groups of law firms, she said.",
134763c,True,True,True,"From here, many HIV researchers are putting their hopes on combining drug treatments with strategies that boost the immune system.",
62525e,True,False,True,"After our caseworkers meet with these families and their children they often find they lack even the basic necessities such as cooking utensils, beds, cleaning supplies, etc.",
143089c,False,False,False,"And that keeps me, as an adult, one, remembering to pray like a child, and to maintain some of the innocence, which is difficult, of a child.",
3091e,True,True,True,"It had been publicly declared years earlier, most notably in a declaration faxed early in 1998 to an Arabic-language newspaper in London.",
115615c,True,True,True,"Practicing and solidifying modes of representation, Piaget emphasized, make it possible for the child to free thought from the here and now; create larger images of reality that take into account past, present, and future; and transform those images mentally in the service of logical thinking.",
111199e,True,True,True,"The other plant (the quick-line plant) has production costs that are 10 percent higher than for the regular line, but the manufacturing lead time from the time a production order is placed until a shirt is available in finished goods inventory is two weeks, compared to eleven weeks for the plant with the regular line.",
120073n,False,False,False,Sharing information and current knowledge of the market across channel players achieves some of the same objectives'at lower cost'of formally reaching forward or backward into markets.,
73817c,True,True,True,oh i enjoyed it i mean it was just more for my money,
24107e,True,True,True,"Furthermore, although educational programming for children is highly sensitive to issues of equity and diversity, entertainment programming often conveys ethnic and gender stereotypes'minorities as villains and victims of violence and in subservient roles; men as dominant, powerful, and competent and women as attractive, emotional, and submissive.",
53421n,False,False,False,"It only takes three quick, easy steps to obtain a matching gift from your (or your spouse's) employer to enhance your donation to the Indiana University School of Law -Indianapolis.",
128176n,False,False,False,"The chart to which Reich refers was actually presented during Saxton's opening statement, hours before Reich testified, and did not look as Reich claims it did.",
8219n,True,True,True,it depends a lot of uh a lot of things were thought that uh as you know the farmers thought okay we got chemicals we're putting chemicals on the field well the ground will naturally filter out the,
25069c,True,True,True,Turn over responsibility for the task to the child as soon as he or she can master it without assistance.,
24127c,True,True,True,"With higher values of inventory carrying costs, it is more profitable to shift more production to the quick-line plant to allow reduction in work-in-process and finished goods inventory.",
110242c,False,True,True,How do they feel about your being a Theater major?,
76219n,True,True,True,and i and i may have been the only one that did both because the mentality in Dallas was that you couldn't like both you had to like one and hate the other,
32725c,True,True,True,"Why, when I was your age, I already had...."" Dave wasn't listening any longer.",
54904e,False,False,True,"But there's John ”and Miss Howard, surely they were speaking the truth?""",
90230c,False,False,False,yeah well that's the other thing you know they talk about women leaving the home and going out to work well still taking care of the children is a very important job and and someone's got to do it and be able to do it right and,
117233c,True,True,True,"However, we recognize that gifts at the Maennerchor Society level are not possible for all.",
64852e,True,True,True,"While we have made significant inroads, there remains much to be done and it is clear that we cannot do it alone.",
138966c,True,True,True,It's thought he used the same architect who worked on the Taj Mahal.,
118652e,False,False,False,"iii Program Letter 1998-1, published on February 12, 1998, called upon all LSC recipients to analyze any progress made toward the development of the legal services model envisioned by state planners.",
109611c,True,True,True,"His marriage, Sears guessed, would have been unsuccessful and his children would have difficulty finding themselves.",
119838n,False,True,True,"It is important to note also that this product was not promoted at retail with discounted prices at any time during this period, so the variation is not due to consumers preferring to purchase a product when it was on sale.",
36888c,True,True,True,"These were part of a larger network used by diverse organizations for recruiting and training fighters for Islamic insurgencies in such places as Tajikistan, Kashmir, and Chechnya.",
107826n,True,True,True,"The Geographic Education Network of Indiana, Inc. (GENI) manages the statewide project from the IUPUI Geography Department.",
101726n,False,True,True,"Where ellipses occur, I have not bothered to copy down the entire list of offerings, selecting only those that struck me as odd, either because of the incongruity of the choice or because I could not, in the wildest flights of dyslexic, schizophrenic-fancy, imagine the criteria employed in arriving at the selections.",
84232c,True,True,True,oh yeah all all mine are uh purebreds so i keep them in,
61338e,True,True,True,"The formation of a single statewide program was adopted to breathe life into a single program that will provide meaningful access to high quality legal services, in the pursuit of justice for as many low-income people throughout Colorado as possible.",
23774n,False,False,False,Turns out that Bill got one letter last year that just tore at his heartstrings.,
110147n,False,False,False,"The nuances of Vietnamese history, which Mr. Henn finds so fascinating, were as useful to the men who fought Ho Chi Minh's military machine as the facts of the Meiji Restoration to anyone who fought the Japanese Empire in WWII.",
35599c,True,True,False,"Look here, you've no business to come asking for me in this way.",
83902e,True,True,True,An Indian traveler described the prosperous Bujang Valley settlement as the seat of all felicities.,
82352e,True,True,True,"In DOD's current acquisition environment, the customer is willing to trade time and money for the highest performing weapon system possible.",
131842e,True,True,True,"At the same time, the Sudanese regime began to change.",
56153c,True,True,True,"Through the Web site, a total of 1,634 associates donated nearly $200,000 to Legal Aid in 2002.",
30353c,True,True,True,"This retailer launched its Web site in 1995, the first major apparel retailer to do so.",
53230n,True,True,True,"The L was based on the W , but a comparison, albeit superficial, reveals a number of differences, to",
60212n,True,True,True,"Some Kwanzaa rituals, most notably the focus on candles, seem to have been borrowed from Hanukkah.",
50661e,True,True,True,"Lavishly furnished and decorated, with much original period furniture, the rooms are used for ceremonial events, visits from foreign dignitaries, and EU meetings.",
118865e,False,False,True,"United nine three, have you got information on that yet?",
63660n,True,True,True,"Through the year, we also offer a number of different programs -- including scouting, basketball and after-school activities -- to help children develop talents, character and self-esteem.",
39303n,True,True,True,"Much of Among Giants affords an agreeable blend of the gritty and the synthetic, and the two main actors are a treat.",
32115e,True,True,True,and uh it that takes so much time away from your kids,
145485c,True,True,True,because uh i know people who eat tons of that kind of stuff and they're just as healthy as can be,
41152e,False,False,False,"Between ages 3 and 4, this detachment of make-believe symbols from the real-life conditions they stand for is well developed.",
102329c,True,True,True,No one at the FAA or the airlines that day had ever dealt with multiple hijackings.,
135449n,False,False,False,We are concerned that the significant emissions reductions are required too quickly.,
128319e,True,True,True,"In this case, public outrage led to early workers' compensation and factory inspection legislation.",
52195n,True,True,False,"I said to him, don't you know, Chepe, what it is?",
134302c,True,True,True,"We learned all of those and the fairy tales, the classics, she read all of those to us.",
75251c,True,True,True,"Indeed, efforts to use public concern, and at times outrage, to tackle the sweatshop problem go back to the early part of this century.",
51490n,False,False,True,"People like 74-year-old Margaret, who keeps active by playing bridge and taking classes in Spanish, aerobics and sewing at Heritage Place.",
78013c,True,True,True,yeah i i think my favorite restaurant is always been the one closest you know the closest as long as it's it meets the minimum criteria you know of good food,
125386c,True,True,True,"Thank you for your continued financial support, and for remaining alert for neighbors who need a helping hand.",
41975n,False,False,False,"Tommy realized perfectly that in his own wits lay the only chance of escape, and behind his casual manner he was racking his brains furiously.",
132348c,True,True,True,"Each state is different, and in some states, intra-state regions differ significantly as well.",
138947e,True,True,True,"The manufacturer can then transport the cut parts for assembly to sewing rooms, which may be either local or out of the country.",
13601c,True,True,True,"13 Executive Effectively Implementing the Government Performance and Results Act ( GAO/GGD-96-118, June 1996).",
33142e,False,True,False,"Sir, they're going to want to know what to do.",
105179e,True,True,True,I was to watch for an advertisement in the Times.,
5024e,True,True,True,"We had a large tractor-trailer parked out front and uh, these guys all assembled to take the pews out of the church.",
134834e,True,True,True,"Indiana Legal Services (ILS) Executive Director Norman Metzger and Colleen Cotter, Director of the ILS Indiana Justice Center, were marvelous hosts.",
69278c,True,True,True,She remembered poems that she had learned when she was in high school.,
87693c,True,True,True,"Before we take up this emerging theoretical consensus, let's address the question of whether greater parental commitment, in the context of today's demanding and stressful work lives, is possible.",
132431c,True,True,True,She performs a single operation on each garment in the bundle.,
131090c,True,True,True,Two natural rock formations are always pointed out on excursions.,
63100c,True,True,True,"And it needs work too, you know, in case I have to jump out with this parachute from my lil' blue sports plane for real.'",
122928n,True,True,True,A small page-boy was waiting outside her own door when she returned to it.,
21770n,False,True,False,Pearl Jam detractors still can't stand singer Eddie They say he's unbearably self-important and limits the group's appeal by refusing to sell out and make videos.,
108338c,True,True,True,WHOLE LIFE POLICIES - Policies that provide insurance over the insured's entire life and the proceeds (face amount) are paid only upon death of the insured.,
72654e,True,True,True,"On the other hand, one would hate to lose the information that might be contained in past years' selling patterns.",
94643e,True,True,True,"Receiving inquiries and requests for information and services from around the world, and having assisted many in their vocational rehabilitation and business, the dba is recognized as one of the nation's largest and leading authorities on the self-employment of people with disabilities.",
10547e,True,True,True,"He jumped up, planting one hand on the charging horse, and came at the brute with the axe.",
134367n,False,False,False,"Worst of all, Wanda had to deal with this worsening problem as she was trying to succeed at her new job.",
105911e,True,False,True,and to have children and just get a day care or someone to take care of it and not really have the bonding process that takes place with babies and stuff you know,
78387e,True,True,True,"This was followed by a second radio transmission, with sounds of screaming.",
26242e,True,True,True,This information infrastructure proved most beneficial when it gave Penney's major vendors access to sales data via direct broadcast satellite.,
102375n,True,True,True,"Once demand variation for each SKU was determined for our men's coat manufacturer, its managers faced the question of how to manage the inventory of the items in its rapid replenishment collection while maintaining a smooth flow of products through the sewing room.",
129088n,True,True,True,"The most important lesson we can take from Miller's provocative findings is that when parents and teachers take time to construct narratives with and about the young child, they create a zone that spurs children to weave moral and social rules into their self-definitions and to behave accordingly.",
26291c,True,True,True,Wages have risen relative to the average of all manufacturing or nondurable manufacturing.,
27856e,True,True,True,"The phrase brave new world is now synonymous with a nightmarish, technically advanced society.",
37962e,True,True,True,"Continue along the Quai Saint-Nicolas to the Mus??e Alsacien at num?­ber 23, a group of 16th- and 17th-century houses appropriate to the colorful collections of Alsatian folklore.",
96946c,False,True,True,"Once or twice, but they seem more show than battle, said Adrin.",
25819n,True,True,True,"When they're running with the wind in their faces and the sun on their backs, or stepping barefoot onto cool, green grass.",
127192e,True,False,True,"That is, this is the last such request that will be penned from the Cavanaugh Hall address.",
33063n,True,True,True,"The commentary is chanted by a chorus of six to eight narrators (reminiscent of the chorus in Greek tragedy) who sit at the side of the stage, while musicians positioned at the back of the stage provide stark accompaniment with flute and drums.",
128542n,False,False,False,There should be someone here who knew more of what was going on in this world than he did now.,
4592c,True,True,True,"A member of the only student-run chapter of the American Civil Liberties Union in New York state, Zelon worked to resolve disputes between students and police officers to help protect the public's right to peaceful protest.",
45442c,True,True,True,"The unintended side effect is radical, direct In what other state do voters set the tax rates?",
8283c,True,True,True,"Hardly catering to locals, Universal Citys Cityalk attempts to snag tourist dollars with its extensive collection of retail wonders, including magic shops, toy stores, sports shops, and a host of science fiction memorabilia.",
134561e,True,True,False,"She hardly needs to mention it--the media bring it up anyway--but she invokes it subtly, alluding (as she did on two Sunday talk shows) to women who drive their daughters halfway across the state to shake my hand, a woman they dare to believe in.",
53709e,True,True,True,Our work on apparel supplier adjustments to lean retailing suggests that an economy characterized by an increasing level of modern manufacturing and retailing practices should experience lower levels of inventories relative to sales.,
140728c,True,False,True,"Manufacturers suddenly have much more to do than just make clothing'they are being asked to do work previously done by the retailer, such as picking and packing the order for each store from the retailer's warehouse.",
132497e,True,True,True,"Authoritative parenting, whether assessed through direct observation or older children's ratings of their parents' communication, is linked to many aspects of competence.",
15753c,True,True,True,"The Indianapolis YWCA is an open, supportive organization concerned with women and families; providing opportunities to develop skills, knowledge and resources in the areas of health, self-awareness and leadership.",
73338e,True,True,True,The good news is that the teen-age birth rate has fallen almost 9 percent since 1991.,
133102c,True,True,True,"Some other anagram flags are broken, strange, unorthodox, maybe, kind of , and a source of . There are dozens of them, and new ones are being concocted every day.",
85309c,True,True,True,"Prototyping, for example, may act as part of the requirements definition process, helping the agency identify and control areas of high uncertainty and technical risk.",
125017n,True,True,True,"They made up stories sometimes, my mother in particular, she made up stories.",
2724c,True,True,True,"The White House requested (1) the implementation of continuity of government measures, (2) fighter escorts for Air Force One, and (3) a fighter combat air patrol over Washington, D.C.",
6030c,True,True,True,This popular show spawned the aquatic show at the Bellagio.,
129083e,True,True,True,Miller describes the generally high self-control the Chinese children in these families displayed'listening attentively to elders and complying without reminders.,
31295c,True,True,True,"We classify the SKUs into three those with high demand (averaging 5,700 units a week) and low demand variation (Cv=0.6), those with medium demand (averaging 3,000 units a week) and medium demand variation (Cv=0.7), and those with low demand (averaging 1,300 units a week) and high demand variation (Cv= 1.3).",
6938c,True,True,True,"The attacks on the U.S. embassies in East Africa in the summer of 1998 would take a different form-planned, directed, and executed by al Qaeda, under the direct supervision of Bin Ladin and his chief aides.",
111294e,True,True,True,"There's one thing, he thought to himself, ""they can't go on shooting.",
129714c,True,True,True,"At the western end of Cowgate (where it meets Holyrood Road), you will see one of the few remaining sections of Edinburgh's old city wall (Flodden Wall), built following the Lang Siege of the 1570s.",
33323c,True,True,True,"So I didn't like that at first, and then, of course, you know, as the story unfolded, you would, uh, relate that to your own experiences of being afraid and, and learning to conquer those fears and that kind of thing.",
71273c,True,True,True,"Civil libertarians denounced it as an improper church-state partnership, a sectarian scheme to milk the taxpayer, and a feel-good diversion from the rest of the coalition's agenda.",
19406n,True,True,True,Such a clue for COCK might adult male of the domestic fowl .,
24665e,True,True,True,"It recalls William Randolph Hearst's castle in Caleornia, with its imaginative juxtaposition of ancient Roman and Chinese sculpture, fine Venetian glass chandeliers, Syvres porcelain, old Flemish masters, and naughty French erotica.",
3213c,True,True,True,"Work a lot harder, um, take some classes that I think are going to interest me more.",
22996n,True,True,True,The national award was created to recognize an attorney in practice for less than 10 years for excellence in public interest or pro bono activities.,
39479c,True,True,False,Very few emperors were reluctant to submit to Fujiwara domination.,
121360c,True,True,False,"The tip was hooked towards the edge, the same way the tips are hammered for knives used for slaughter.",
133427c,True,True,True,"That's the way, way it was, they're big, plenty, if I were to tell you all the stories of what we went through, I tell you, that I'd keep you all night . That's how it was, it was said, but thank God in the family hardly-- The guerrillas also took out a man from the outskirts near the, the place where we lived, who was called Juan.",
70717e,True,True,False,"Say, man, don't you know you've been given up for dead?",
113976n,False,False,False,"For ideological free-marketeers (like myself), theories like Smith and Wright's can be intellectually jarring.",
54454n,True,True,True,Participate in the postaward audit for assessing thedegree of success of the acquisition.,
138031c,True,True,True,"Ironically, she notes, economically less well o parents find it easier to establish a viable dividing line between workplace and home.",
114053e,True,True,True,"On a farm and uh, she has some wild and crazy stories that she sat and shared with us.",
47141e,False,False,True,"When they learned a second plane had struck the World Trade Center, nearly everyone in the White House told us, they immediately knew it was not an accident.",
7670c,False,False,False,"Feckless ' spiritless, helpless, futile 'is given in all my desk dictionaries, but only Chambers has feck (nice to see a lost positive found), which comes from effect through vowel-loss and is defined as efficacy or quality.",
49703n,True,True,True,"Similar conclusions have been reached by state legal needs' studies in a dozen states including Florida, Georgia, Hawaii, Illinois, Indiana, Kentucky, Maryland, Massachusetts, Missouri, Nevada, New York, and Virginia, using a variety of methodologies for estimating the unmet legal needs of the poor.",
133597n,False,False,False,"In manual systems, attestations, verifications, and approvals are usually shown by a signature or initial of an individual on a hard copy document.",
112518e,True,True,True,"But as Figure 7.9 suggests, a manufacturer can pay somewhat more to make certain units'those with high weekly variation in sales'in quick production lines and still reap a better return than it would by making all of the product in a less expensive, slower plant.",
27500c,True,True,True,"For example, close to 50 percent of the value of shipments for men's shirts comes from the cost of materials, while 25 percent arises from compensation costs.",
59234e,True,True,True,Slate continues to be available on MSN and directly on the Web at slate.com.,
30848n,True,True,False,"And he claimed she earned $11,000 a month - or $132,000 a year - from a home quilting business she had owned for 22 years.",
27772n,True,True,True,"In a typical apparel factory, a sewing operator is actually sewing only one-quarter of the time.",
15197c,True,True,True,you'd be crazy if you trust them but anyway call it what is it McCarthyism no i'm not like that i just got enough common sense that nope to you come repent make a world apology for all the wrongs that you've done and yeah we've done wrongs but we've not done near the atrocities they've done and we need to maybe do that also you know,
21340n,False,False,True,uh somewhat they're not my favorite team i am uh somewhat familiar with them,
42134e,True,True,True,We have the chance to shape the future of IUPUI by what we choose to do here.,
3476c,True,True,True,apparently apparently the appraisers likes it because our taxes sure is high isn't it it really is,
16314c,True,True,True,"Command Uh, do we want to think, uh, about scrambling aircraft?",
111729c,True,True,True,The following are examples of how teams were used in the agency initiatives we reviewed.,
87429n,True,True,True,The impact of these projects will be accelerated by an economic development initiative launched this year which will enable new and existing businesses to flourish in this neighborhood.,
86062e,True,False,True,"Based on our 1992 survey, we estimated lead times for two different standard lead times that represent performance for a typical product in the supplier's selection and shortest lead times that indicate a supplier's best practice.",
19162c,True,True,True,That had been made by the Cadets (Constitutional Democrats) under Prince Lvov.,
65120n,True,True,True,"Leaving the British official who twice searched his luggage none the wiser, he managed by meticulous observation to memorize the principal features of the power loom well enough to produce his own version of it on his return to Boston.",
126384c,True,True,True,Bin Ladin maintained connections in the Bosnian conflict as well.,
6816c,True,True,False,"My dad he, I don't know, he doesn't think I'm stupid, but he doesn't he wants better for me, than what he has.",
60890e,True,True,True,but it but again it depends on what job you're in the men that are out there fixing power lines are tested a lot,
7362c,True,True,True,well i think of uh you mean as far as retirement,
84148c,True,False,True,"Admittedly, there is no such thing as perfect synonymy, but the meanings of many pairs of words are close enough for this term to be used in the context of a pastime like crosswords.",
74629e,True,True,True,For the first time I entertained the idea of taking my talents to that particular market… .,
117813c,False,False,False,"Gifts to the Chancellor's Circle will help pay travel costs to our city and campus for prospective faculty and their spouses, along with some relocation costs.",
16050n,False,True,True,"The parent or teacher intervenes only when the child is truly stuck, granting the child as much opportunity to master his or her own behavior as possible.",
140782n,True,True,True,"Generally, FGD systems tend to be constructed closer to the ground compared to SCR technology retrofits.",
25556c,False,False,True,"He argued that other extremists, who aimed at local rulers or Israel, did not go far enough.",
16989c,False,False,False,"Auditors from another country engaged to conduct audits in their country should meet the professional qualifications to practice under that country's laws and regulations or other acceptable standards, such as those issued by the International Organization of Supreme Audit Institutions.",
55110e,True,True,True,Comparing our experience on the Acid Rain Program with the NOx SIP Call and the Section 126 petitions demonstrates the benefit of having certain key issues decided by Congress rather than left to Agency rulemakings.,
89995n,True,True,True,yeah then you don't have you don't have that mess to clean up when you use an oil oil base painting and boy i'll tell you oh,
83955c,True,False,False,"And I'm gonna take the fighters from Otis, try to chase this guy down if I can find him.",
128929n,True,True,True,yeah that's probably a a little bit under what it is for this time of year i i think i haven't seen the weather the news the weather on the news in the evening lately but i think the average high would be it should be about seventy,
62177c,True,True,True,"There are no shares of a stock that might someday come back, just piles of options as worthless as those shares of Cook's American Business Alliance.",
83657n,True,True,False,"Think of it this When consumer confidence declines, it is as if, for some reason, the typical member of the co-op had become less willing to go out, more anxious to accumulate coupons for a rainy day.",
44648c,True,True,True,which they probably Mexican people don't even know what a taco salad is but i think it's now it's moving up too because uh just a change you know just something different,
78648e,True,True,False,"Britain's best-selling tabloid, the Sun , announced as a front-page world exclusive Friday that Texan model Jerry Hall has started divorce proceedings against aging rock star Mick Jagger at the High Court in London.",
139481c,True,True,True,and i need to be better because uh uh we just bought it my wife and i just bought a new car and uh you know we want to take real good care of it so uh,
28863n,False,False,False,"Yet, despite the stock market boom of the 1990s, many households have accumulated little, if any, wealth (see figure 1.3), and half of American households did not own stocks as of 1998.",
73227e,True,True,True,Corroborating evidence is independent evidence that supports information in the database.,
85494e,True,True,True,We have created a scholarship endowment which will permanently recognize Dr. Steven Bricker's contributions to our school and profession.,
76163c,True,True,True,"Relationship Between Quality of Life Instruments, Health State Utilities, and Willingness to Pay in Patients with Asthma.",
37131n,False,False,True,Saddam could emerge strengthened (and America tarnished) in the eyes of the Arab world.,
64747n,True,True,True,well this is real interesting that you're as far away as you are because i really thought this was uh uh we're,
39857c,True,True,True,We can and should be proud that the IU School of Dentistry is positioned to remain an international leader in these challenging times facing health care.,
101983c,True,True,True,Chapters 8 through 10 focus on the apparel industry; Chapters 11 and 12 look at textiles.,
102801e,True,True,True,"The formal splendor of the grounds testify to the 18th-century desire to tame nature, but it is done with such superlative results that one can only be thankful that the work was undertaken.",
112775c,True,True,True,"Finally, measurement, fit, color, and texture remain central components of apparel sales.",
16469n,False,True,False,um-hum yes i was amazed we spent the only time we played on our trip was in Douglas Arizona and uh that was just,
17056e,True,True,True,"But, when I discovered that it was known all over the village that it was John who was attracted by the farmer's pretty wife, his silence bore quite a different interpretation.",
132526e,True,True,True,"Children become better at taking the perspective of their partner, especially a partner who adjusts his or her communication to the child's level and observes the child closely to assess his or her comprehension.",
134769c,True,True,True,But of course the DSM is informed by social values.,
40103n,False,False,False,This is arguably starting to distort the practice of science itself.,
91563n,True,True,True,Thank you again for sharing our hope for a future without cancer.,
58604c,True,True,True,"Gifts to United Way helped provide shelter, medical care, counseling and job placement to end his homelessness.",
122680n,True,True,True,"On Fox News Sunday , host Tony Snow touted a poll showing that 60 percent of Americans think the allegations represent a pattern of behavior.",
28337n,True,True,True,Fewer were seen as involved in worthwhile activities that truly engaged them.,
135018c,True,True,True,"While this was being discussed by executives at FAA headquarters, the Command Center ordered one at 9:25.",
14420n,True,True,True,Your donation to the Herron School of Art and Gallery is crucial to this goal.,
81657e,True,True,True,"Try a selection at the Whisky Heritage Centre (they have over 100 for you to sample), where you can then buy a bottle or two of your personal favorite in the shop or in stores around the city.",
17424c,True,True,True,"The Throne Room is one of a series of apartments built during the reign of Charles II, though it was originally designed as a guard room that screened entrants to the private chambers beyond.",
29595c,True,True,True,"Finally, I would remind Mr. Henn that the point of the Vietnam war has nothing to do with whether we called the country 'Nam or Vietnam . It is that today Russian military personnel operate their ships and planes out of our former base complex at Cam Ranh Bay while the political language Ho Chi Minh imported from Moscow is now current through all of Indo-China .",
17667n,True,False,False,He fled in his car when cops arrived and led them on a chase that ended in the massive crash.,
92912e,True,False,True,"In addition, we will have soft drinks and a raffle, so that you can walk home with a great prize!",
58848n,True,True,True,"She further indicated that the hijackers were not aware of her phone call, and that they had put all the passengers in the back of the plane.",
131072e,True,True,True,"After learning that United Airlines was missing a plane, American Airlines headquarters extended the ground stop nationwide.",
145495c,True,True,True,"The students' reaction was swift and contentious, as if their feelings had been hurt.",
25713c,False,False,False,"Through our support of the Annual Fund, you and I can help continue the educational tradition we enjoyed --a strong foundation for a lifetime of continued learning and growth.",
140235n,False,False,True,That kind of pawkiness is fitting in a dictionary edited and published in Edinburgh and which defines pawky as a Scots word meaning drily or slyly humorous.,
105935c,True,True,True,"The Revolutionaries couldn't be dissuaded from destroying most of the cathedral's statues, although 67 were saved (many of the originals are now housed in the Mus??e de l'Oeuvre Notre-Dame next door).",
121756e,True,True,False,"Possible Clinton had sex with her, but it wasn't rape.",
103925e,True,True,True,yeah that that i i had a i had a program due and uh one one window i had the program and the other one i had the program running so if there was ever a mistake i could easily check you know i could look at the program and say this is where i made the error,
93112n,True,True,True,"This was accompanied by the (usual) lamentations over the murder of a fine language, the generally poor standard of English encountered in the newspapers and on radio and TV, and the observation that children cannot spell or use the right tenses.",
114133c,True,True,True,"On 9/11, all the hijacked aircraft were in NORAD's Northeast Air Defense Sector (also known as NEADS), which is based in Rome, New York.",
105697c,True,True,True,No it was gas because you washed your legs all over because you did it in shorts.,
98661e,True,True,True,"Two clues in the Pennsylvania 1) The boy had said, I'm going to go to the dinner dance and kill some people.",
46576n,True,True,True,"Perhaps a further password would be required, or, at any rate, some proof of identity.",
109996n,False,False,False,you know Arnold Schwarzenegger is getting to be uh a bit of a variety actor you know at first he was just a big muscle man but he's kind of branching out,
61644c,True,True,True,"I've done horrible, let's just say horrible really, really bad.",
45368n,True,True,True,"If my father bought it, it would have to be a Dodge.",
102533c,True,True,True,Climate changes had already had the effect of reducing the amount of forest land; the monks accelerated this process by clearing many more acres in order to make room for ever-growing herds of sheep.,
7968e,False,False,True,None is the combined Old English ne `not' + on `one.,
142950n,False,True,False,well the channel eight when they came here thirteen fourteen years ago Dave Fox and Tracy Rowlett came together uh from Oklahoma City and apparently channel eight was way down and now they have turned it all around and done a pretty remarkable job and then,
4026n,False,False,False,There always will be a need for an attorney to do general law.,
83145n,False,False,False,"The cuts will take the biggest bite out of Land of Lincoln, a network of eight offices and 40 lawyers who help clients in southern Illinois with problems like eviction, access to Social Security and obtaining orders of protection from abusive spouses.",
68723e,True,True,True,"On 9/11, the terrorists turned off the transponders on three of the four hijacked aircraft.",
34009n,True,True,True,"Allows children to learn, play, and develop friendships during their summer and holiday vacations.",
40011e,True,False,True,"The NMCC officer who participated told us that the call was monitored only periodically because the information was sporadic, it was of little value, and there were other important tasks.",
63867e,True,True,True,A total of 32 such National Guard teams were authorized by fiscal year 2001.,
24118n,True,False,False,"For example, in the OLW lexicon, when two people'sometimes but not always a man and a woman'agree that they Lword one another, they often enter into one of the Cwords , which leads perhaps eventually to the M-word , which in turn authorizes them to F-word with the sanction of church and state.",
80335n,False,True,False,"Other villages are much less developed, and therein lies the essence of many delights.",
6983n,False,False,False,Other examples of cumulative case studies come from two international agencies.,
141150n,True,True,True,"As early as 1 1/2 to 2 years, children begin to talk about the past, guided by adults who prompt them and expand on their fragmented recollections.",
132019n,False,False,False,and uh really they're about it they've got a guy named Herb Williams that that i guess sort of was supposed to take the place of uh Tarpley but he uh he just doesn't have the offensive skills,
31699e,True,True,True,State financial support is unlikely to increase significantly during the remainder of this decade.,
134641e,True,True,True,he's a college graduate type guy he's been in all he's an entrepreneur and he gives very practical financial advice about cars very you know not not nothing college level basic stuff his name is Bruce Williams he's on national radio uh i don't know what it would be down there you might want to whatever your radio talk shows are down there he's on that channel it's uh it's five seventy up here,
22852e,True,True,True,Professor Rogers began her career by clerking for The Honorable Thomas D. Lambros of the United States District Court for the Northern District of Ohio.,
30644e,True,True,True,He decided to make a brief statement from the school before leaving for the airport.,
97426c,True,True,True,"As Figure 6.6 shows, the safety stock needed to achieve a given customer service level is proportional to the standard deviation of the demand forecast.",
138241e,True,True,True,"When one of these women gave birth to a child without knowing which sailor had fathered it, the paternity was logged as gun, perhaps alluding to the midship gun, which was often located near the makeshift maternity room.",
8111c,True,True,True,News argues that most of America's 93 million volunteers aren't doing much good.,
42745c,False,False,True,"The event is the definition of a crowd pleaser, replete with appearances by the Rockettes, the Mormon Tabernacle Choir, and Santa Claus (the act isn't entirely without bite; there's also a very funny moment involving a heart attack).",
22602n,False,False,False,"Corporate participation involves an annual unrestricted gift of $2,500 or more for Chancellors Circle or of $1,000 or more for Chancellors Associates.",
39004e,True,True,True,The first of the Andrews fighters was airborne at 10:38.,
143501e,True,True,True,"Something in his mind seemed also to have developed a ""tan"" that let him face the bite of chance without flinching.",
25226e,True,True,True,"They assumed the fighter escort would be discreet, vectored to a position five miles directly behind the hijacked aircraft, where it could perform its mission to monitor the aircraft's flight path.",
106968n,True,True,True,"Your $1,000 contribution can put a mentor in a child's life-and hope in a child's future.",
139080n,True,True,True,"Instead, the task of defending Bradley fell to Erving, who shrugged that it's probably a debatable issue, but knowing Sen.",
20553e,True,True,True,"If a new sewing table or a new sewing machine with programmable features is added at a particular workstation'that is, any device that reduces the time it takes to complete various tasks'then the allowable time and wage rate for that operation must be changed.",
67906c,False,False,False,"Howard Berman of California, an influential Democrat on the House International Relations Committee.",
99415e,True,True,True,"We need to look at the implications that these differing roles have for a range of issues, such as SES core competencies, performance standards, recruitment sources, mobility, and training and development programs.",
43983e,True,True,True,"Notwithstanding the unfortunate fact that the gathering and assessment of citational evidence is not what it should (or might) be, I should still put my money on professional lexicographers and their resources rather than on M and S.",
36920c,True,True,True,Proposition 3 The assembly room'the traditional focus of attention for industry competitiveness'can provide competitive benefits only if other more fundamental changes in manufacturing practice have been introduced.,
23085n,True,True,False,Some of Bin Ladin's close comrades were more peers than subordinates.,
24848n,True,True,True,Perhaps tax reform doesn't appeal to the new spiritualized side of Bradley.,
120043c,True,True,True,"In every field, women too numerous to list were involved in developing knowledge and contributing to the welfare of their societies as they did the Roman Fabiola established a hospital where she worked both as nurse and doctor, becoming the first known woman surgeon before she died in AD 399.",
13471e,True,True,True,Even on so small an island as Taiwan the Mandarin-speaking ex-mainlanders cannot converse with the Taiwanese-born majority who have not bothered to learn Mandarin.,
91386n,True,True,False,"I hope you join our family of patients, loved ones and professionals.",
28097e,True,False,False,Jon drew it out and stabbed again in the man's throat.,
72551n,True,True,True,"Maggy, frightened by the booming sounds, whimpers to Deb, Scary, Mommy.",
35432n,True,True,True,"Otherwise, the two parties make independent decisions that myopically optimize their own profits, without complete consideration of the impact these decisions may have on other players in the channel.",
71251c,True,True,True,"Deborah Pryce said Ohio Legal Services in Columbus will receive a $200,000 federal grant toward an online legal self-help center.",
143768c,False,True,True,"Well, we've just got to get down to it, that's all.",
60902n,True,True,True,"He boarded the aircraft, asked the Secret Service about the safety of his family, and called the Vice President.",
27559n,False,False,False,"The island's burgeoning economic significance propelled population growth, and by the middle of the 15th century Madeira was home to 800 families.",
18829c,True,True,False,"Cameron can find his way out of a crowded reception faster than a waiter with an empty hord d'oeuvre tray, and can locate Miyares' van is a crowded parking lot with a simple command.",
30920n,True,True,True,"Infants tried all manner of signals'facial expressions, vocalizations, and body movements'to get their mother or father to respond again.",
88158c,True,True,True,"But when he was persuaded by divers means to help us, he gave up after one week, declaring it beyond his powers.",
57227e,True,True,True,uh whether one might conceive no pun intended of the possibility that there might be a kind of a deliberate uh um,
117417n,False,False,False,"But I'm also trying to teach them that they have to earn what they get, and to be part of making sure their lives are better.",
74254n,True,False,False,He needs to keep his finger on the pulse to succeed during the short tourist season.,
34876c,True,True,True,From Port-Louis all the way down Grande Terre's west coast to Pointe Pitre there extend vast mangrove swamps.,
132084n,False,True,True,"Arawak peoples migrated to various Caribbean islands, arriving in Jamaica by the beginning of the eighth century.",
23280c,True,True,True,"Sphinxes were guardian deitiesinEgyptianmythologyandthis was monumentalprotection,standing73 m (240 ft)longand20 m (66 feet) high.",
136950c,True,True,True,"As the above citations indicate, the distribution of one-letter words is quite broad, extending from The New York Times to Mother Jones , from the print world to cartoon country and TV land.",
128302e,True,True,True,Consider a series of studies that examined length of maternity leave in relation to employed mothers' psychological well-being and parenting behaviors.,
18165n,True,True,True,The technical how-tos for these three strategies will be summarized later in this paper.,
131983e,True,True,True,Look for the servant girl hurtled into hell for flirting with the devil.,
35688e,True,True,True,"A successful U.S. apparel-maker, for instance, may assemble basic men's khaki pants in average sizes in Mexico, taking advantage of low labor costs as well as Mexico's proximity to the maker's Texas distribution centers; at the same time, this company can choose to manufacture products with more variable demand, like khaki pants with narrow waists and long inseams, in the United States, providing fast turnaround for retailers and lower exposure to inventory risk.",
23583n,False,False,False,"While obviously constrained by their bondage, blacks nonetheless forged a culture rich with religious observances, folk tales, family traditions, song, and so on.",
45554e,False,False,False,"By some accounts, he had been interested there in religious studies, inspired by tape recordings of fiery sermons by Abdullah Azzam, a Palestinian and a disciple of Qutb.",
106092e,True,True,True,you know getting clothes and stuff every once in awhile exactly,
142960c,False,False,False,"According to contemporaneous notes, at 9:55 the Vice President was still on the phone with the President advising that three planes were missing and one had hit the Pentagon.",
43981c,True,True,True,"What is counterproductive is the notion that speakers of a language have to recognize semantic they don't recognize it, they create it.",
8475e,True,True,True,"This marvelous Victorian-Gothic building is famous for the fanciful stone carvings around the base of its pillars (one pillar, reputedly depicting the club members, shows monkeys playing billiards).",
755e,True,True,True,uh i don't know i i have mixed emotions about him uh sometimes i like him but at the same times i love to see somebody beat him,
69141n,True,False,True,"It was replaced in 1910 by the famous old pontoon bridge with its seafood restaurants, which served until the present bridge was opened in 1992.",
16086e,True,True,True,"Unless the report is restricted by law or regulation, auditors should ensure that copies be made available for public inspection.",
10329n,False,False,False,Mankind tacitly imposes male values on all of humanity; manhours denies women's work as a measure; manpower effaces women.,
130205n,False,True,False,"How to protect your neighborhood against crime and Jennifer Beals, star of `The Bride.",
41158e,True,True,True,"And sometime during the third year, they can imagine objects and events with little or no support from the real world, as when they say to a play partner, I'm calling Susie on the phone!",
53653e,True,True,True,um i know that i had heard that uh McDonald's has gotten so much flack about sending their hot foods out in the Styrofoam that they are going to work on something,
66225c,False,False,False,uh but you could fill a whole bunch of uh holes with these things i used to i used to advertise buying wheat pennies um i'd give a dollar a roll which two cents a piece which is basically overpriced,
60020n,False,True,False,Qutb argued that humans can choose only between Islam and jahiliyya.,
109876c,False,False,False,Text Box 2.1: Gross Domestic Product and Gross National Product 48Text Box 4.1: How do the NIPA and federal unified budget concepts of,
115962n,True,True,True,Clarke reported that they were asking the President for authority to shoot down aircraft.,
13765e,False,True,True,it's just it's the morals of the people which i mean i guess we everybody's responsible for the society but if i had a child that that did things so bad it's not they don't care about anybody these people they're stealing from they're just the big bad rich guy,
74189n,False,False,False,"`Cause we're like, now I can say this because I'm older or whatever and I can like deal with it, I'm exactly like my dad.",
56510e,False,True,True,"W follows the (useful) practice of listing a shortened pronunciation key on each right-hand page; L 's failure to do so is a disadvantage, notwithstanding the simplicity of their system, for the user must ferret about to find the description given on page xxii to clarify any question.",
1284e,True,True,True,The first of two case studies illustrates how demand uncertainty affects a firm's target inventory levels.,
109553c,True,True,True,"(Bearing-Gould, a compulsive writer, was a man of Victorian delicacy.",
65008e,True,True,True,"Two such hints, however, have only a few possible answers in common, so that the solver can concentrate on them and pick the most probable one.",
57132c,True,True,True,"More than half of 800,000 native islanders are children, and the mother is traditionally responsible for bringing them up, handling the money, and making key domestic decisions.",
103431n,True,True,True,"In addition, the senior executives at these organizations demonstrated their sustained commitment to financerelated improvement initiatives by using key business/line managers to drive improvement efforts, attending key meetings, ensuring that the necessary resources are made available, and creating a system of rewards and incentives to recognize those who support improvement initiatives.",
56719n,True,False,False,"Gowers, himself an Englishman, said that in Scotland, its land of origin, the pronunciation is skawn , and English people who know this so pronounce it.",
59747n,True,True,False,These findings are not an indictment of maternal employment or nonparental child care.,
145573n,True,True,False,"Tracking down the tiger is a subtle affair, and requires a degree of dedication, calm, and stealth.",
72904n,True,True,True,But the arguments that it would do harm seem unpersuasive.,
106553c,True,True,True,"Montmartre is lively at night, with famous clubs such as Au Lapin Agile.",
99793e,True,True,True,"Oh yeah, superheroes like Captain Marvel, Superman, Batman and all of them.",
43365e,True,True,True,"Further, given the dynamic environment agencies face, employees need incentives, training, and support to help them continually learn and adapt.",
138076c,True,True,True,"You cannot touch, see, or hear the most important benefit of your Audubon membership.",
51663e,False,False,False,"Yeah, it did because I know people from Charlotte now that went to like, not to slam Providence because I like a lot of those people, but they like have like so many like stereotypes of people because they don't know anybody.",
101408c,True,True,True,"I guess I want to say that it's been a real positive experience living here, because my, my mother really wants to move back up north because that's where she's from.",
140236n,True,True,True,A picture-restorer is one who cleans and restores and sometimes ruins old pictures.,
3339n,False,False,False,"All of a sudden I sat down on the edge of the table, and put my face in my hands, sobbing out a 'Mon Dieu!",
24475n,True,True,True,"Uh, we used to walk up to the local grocery store, uh, which was about three or four blocks away.",
141642n,True,True,True,"Most of France went enthusiastically into World War I, and came out of it victorious yet bled white.",
91045e,True,True,True,The opportunities presented by the Ruth Lilly Outdoor Center offer these kids learning experiences not available in the inner-city environment.,
96583c,False,True,True,"Mack Lee, Body Servant of General Robert E. Lee Through the Civil War , published in 1918.",
74768n,True,False,True,"She admits to Dorcas, 'I don't know what to do; scandal between husband and wife is a dreadful thing.' At 4 o'clock she has been angry, but completely mistress of herself.",
74984n,False,True,False,"Bin Ladin, whose efforts in Afghanistan had earned him celebrity and respect, proposed to the Saudi monarchy that he summon mujahideen for a jihad to retake Kuwait.",
56549e,False,False,False,"L uses a version of what I call the Moo Goo Gai Pan or Ah-oo-gah system, favored by newspapers because, though primitive, it is virtually unlike the W system, which requires even a casual user to deal with distinctions between a ??, \?\, ?¤ and a\?",
13607c,False,False,False,"Now it's my turn, and even if I'm walking in a dead man's shoes, I can make my way afresh.",
69668n,True,True,True,"Product stock-outs accounted for 24 percent, $6 billion, of the losses, and the cost of inventory carrying itself constituted the remaining 20 percent, $5 billion.",
120084c,True,True,True,"Pages later (Chapter XXXVII), it is acknowledged that He, too, felt that this was their last free intercourse.",
125107n,True,True,True,"On the other hand, I do not have the hard evidence at hand and assume that the RHD does.",
72890e,False,False,False,Using it to bolster an argument is plainly a mistake.,
107370c,True,True,True,"Die-cutters are much safer when fully automated, but building computerized loading and unloading features into the machine adds cost.",
26328c,True,True,True,"In short, this is a whole new costing area that would need to be undertaken.",
84959c,True,True,True,"So you see the purpose of this fund is about need and helping worthy, but less fortunate students, who without your help would not be able to attend the school of their choice.",
64856n,True,False,False,"It began in medieval Europe, and in the late 20th century it is everywhere in the world.",
58746n,False,False,False,"Well, some of them that uh, with your mother Marsha uh, I she was, I believe about 18 when I was born.",
33865c,False,True,True,How can the definers be sure we will know without being told that a man-about-town is never a woman?,
32641n,True,True,False,"General Wherley translated this in military terms to flying weapons free-that is, the decision to shoot rests in the cockpit, or in this case in the cockpit of the lead pilot.",
105409e,True,True,True,"The controller continued to try to contact United 93, and asked whether the pilot could confirm that he had been hijacked.",
6559n,True,True,False,"It's just one of those things that you know, you just don't think people want to hear much about these days.",
88419c,True,True,True,"At the top, it bore the printed stamp of Messrs.",
135558n,True,True,False,"Even after controlling for the independent effects of firm size, product mix, and distribution channel on performance, we found that the most innovative firms were significantly more profitable than those that had adopted fewer of the key practices.",
20882n,True,True,True,"Even though national saving remains relatively low by U.S. historical standards, economic growth in recent years has been high because more and better investments were made.",
2508n,False,False,False,"His voice was even and calm, not a hint of rage.",
61300n,True,True,True,"At the same time, the company began to redesign its logistics system'the method it used to move goods from suppliers, through warehouses, and to delivery at stores.",
40010e,True,True,True,The FAA manager of the teleconference also remembered that the military participated only briefly before the Pentagon was hit.,
92419c,True,True,True,"It is perfectly feasible to spend a fortnight in Eilat, exploring the Red Sea, lying on the beaches, journeying into the Negev Desert and never see a religious building or an archaeological site.",
105176n,True,True,True,I'd noticed him more than once and I'd figured it out in my own mind that he was afraid of somebody or something.,
74789n,True,True,True,"Furthermore, both language progress and an array of emergent-literacy skills can be predicted by the sheer amount of verbal interaction in the home during the first few years of life'a relationship that holds for children of all socioeconomic levels.",
84261c,True,True,True,"year, they gave morethan a half million dollars to Western Michigan Legal Services.",
118073n,False,True,False,But the long lead times they require will increasingly challenge such arrangements.,
126729e,True,True,True,"Um, and we're talking about childhood and middle school, what about high school?",
29440e,True,True,True,A list of the schools served during the 1996-97 school year is enclosed.,
84913c,True,True,True,We're at an exciting juncture and it won't be long until we start seeing solid results from our efforts.,
134534n,True,True,True,"Maybe we'll soon have Heroin (or Heroine, or Heroine), Smack, and Coke, (though we can be sure that the company coming up with the last of these will hear from you-know-who).",
126654c,True,True,True,(Hypothetical data for this example are given in table 2.2.),
55699e,True,True,True,"an item recorded, as in a diary, dictionary, or account.",
129130n,True,True,True,She then told of the stabbings of the two flight attendants.,
48300n,False,False,False,"The activities included in the Unified Agenda are, in general, those expected to have a regulatory action within the next 12 months, although agencies may include activities with an even longer time frame.",
131721e,True,True,True,"At 8:23, the dispatcher tried unsuccessfully to contact the aircraft.",
112196e,True,True,True,"But the longer term viability of American textile centers will depend on the development of infrastructures capable of supporting advanced textile production in countries close to the U.S. market, such as Mexico and elsewhere in Latin America.",
92268e,True,True,True,Please make camp possible for all deserving Indianapolis children and send in a tax deductible contribution today in the enclosed envelope.,
77502n,True,True,True,Thorn held a sword different from any Ca'daan had ever seen.,
90165n,True,True,True,"Insofar as it means attendant, an acolyte can be either a man or a woman.",
101248n,True,True,True,"The Hazmi brothers, sitting in 5E and 5F, joined Hanjour in the first-class cabin.",
125445e,True,True,True,"MC2000-2, was initially considered and recommended by the Commission under the market test rules.",
64831n,False,False,False,"In the case of speech, Fiss appears to believe that the reason the American public is less enlightened than he would wish it to be concerning matters such as feminism, the rights of homosexuals, and regulation of industry is that people are denied access to the opinions and information that would enlighten them.",
66897e,True,True,True,"Miyares' repeated trips to sick call basically boiled down to, get your act together and get back in the field, or we'll make you a private again sergeant.",
52368n,False,False,False,"The emotional effect is undiminished, and the gory effects are usually horribly creative.",
31008e,True,True,False,Can you imagine trying to raise ten children in a two-bedroom apartment?,
50657e,True,True,False,"The Drawing Room was partially destroyed by fire in 1941, and its furnishings are faithful reproductions; the huge (repaired) Ming punch bowl is striking.",
24291n,True,False,True,Students will provide dental health education for homeless patients as well.,
142385n,True,True,False,You would open the back door and you felt like you were big stuff.,
81356e,False,True,True,"In keeping with other early Buddhist tenets, there is no figurative representation of Buddha here, However, there is a large gilded statue from a later period inside, and behind the temple are the spreading branches and trunks of the sacred Bodhi Tree, which is said to have grown from a sapling of the first one that stood here 2,500 years ago.",
132429n,False,True,True,Machines are laid out in a manner that speeds up shuttling a bin of garment bundles from operator to operator.,
71547n,True,True,True,"In the matter of pronunciations of BrEng names, it is an old-fashioned fantasy of Americans that Brits go round saying POM-frit for Pontefract : most Brits that I have heard give the name a spelling pronunciation these days; and so with many of the old shibboleths.",
132594e,True,True,True,We need your participation in our activities and your financial support to help make our goals happen.,
5941e,False,True,True,"The ITC has enlisted legal services attorneys from across the state to manage each of the 12 categories, and those volunteers will organize contributions and add them to a searchable database.",
44861n,False,True,False,Justice Kennedy does not care what law librarians across the country do with all the Supreme Court Reporters from 1790 through 1998.,
76477n,True,True,True,The Other A view of the smoking room and library of the House of Commons in March 1987 was commissioned for the House by 156 of the members of Parliament who were not included in the Official Painting.,
135886c,True,True,True,A local software company has generously donated a complete analysis of our computer hardware and software needs so that the school can offer faculty and students the most up-to-date information technology.,
145053e,True,True,True,"Jerusalem was divided into east and west, under the control of Jordan and Israel respectively.",
71860c,True,True,False,"I admit I have knowledge of a certain name, but perhaps my knowledge ends there.""",
38615n,True,True,True,Nash showed up for an MIT New Year's Eve party clad only in a diaper.,
91993n,False,False,False,"Most of Slate will not be published next week, the third and last of our traditional summer weeks off.",
80374n,True,True,True,You did not understand that he believed Mademoiselle Cynthia guilty of the crime?,
65010e,True,True,True,"Mr. Joseph Hymes' Do Mistake'Learn Better [XV,1] brought to mind the time a Japanese acquaintance told me of a friend of hers who decided to tackle the original English version of three books she had enjoyed while in Japan.",
13807e,True,True,True,"Kicked out of the house when she was only 16 (she was called Suzie in those days), Roy went to Delhi and then to architecture school, supporting herself by selling empty milk bottles (some say beer bottles).",
107399e,True,True,True,"Bush the elder came of age when New England Republicans led the party, and patrician manners were boons to a Republican.",
75021c,True,True,True,"Now that, that you're an adult obviously and have had children of your own what stories do you remember telling to your own children, and reading to your own children?",
50633c,True,True,True,"In 2001, LSC continued to play an active role in encouraging and supporting states' technology plans.",
77090e,True,True,True,He's been mean-spirited and vicious for so long that editors and reporters are tired of hearing about it.,
106967e,True,True,True,"A Big Sister is a mentor, a friend and a role model, helping a young girl to develop the self-confidence and life skills necessary to become a responsible, productive and successful adult.",
122101e,True,True,True,It is my (wholly unsubstantiated) guess that the majority of Soviet personnel in Vietnam are in fact not Russian.,
127174c,True,True,True,The connection between recent changes in inventory policy and the business cycle have only begun to be studied in a systematic fashion.,
111602c,True,True,True,We look forward to seeing you at our annual recognition event Space is limited.,
81022c,True,True,True,All requests to provide live testimony at one of the two public hearings were granted.,
145801e,True,False,True,"Indeed, if you watch preschoolers at play, you will see that they rarely violate the rules of their social world.",
83605e,True,True,False,"Though Bin Ladin's destination was Afghanistan, Pakistan was the nation that held the key to his ability to use Afghanistan as a base from which to revive his ambitious enterprise for war against the United States.",
42498c,False,True,False,Can you remember the first story that you can remember anyone telling you some of the first memories of someone telling you a story?,
86052n,True,True,True,"acolyte usage of this word varies from one time, culture, and religion to another.",
22846e,True,True,True,Sweeney told Woodward that she and Ong were trying to relay as much information as they could to people on the ground.,
25882n,False,True,False,"They greatly outnumber the 6,500-odd human inhabitants mostly white, many the descendants of Huguenots from Brittany and Normandy.",
70895n,True,True,True,yeah well i'm a hot weather person i'm i can take the heat but i don't like the cold,
49300c,True,True,True,"From 9:34 to 10:08, a Command Center facility manager provided frequent updates to Acting Deputy Administrator Monte Belger and other executives at FAA headquarters as United 93 headed toward Washington, D.C.",
141439n,True,True,True,"As a counterweight to the Singapore Chinese, he would bring in the North Borneo states of Sabah and Sarawak, granting them special privileges for their indigenous populations and funds for the development of their backward economies.",
128067e,True,True,True,"It is only from an article about CED that we learn it has 171,000 entries, which suggests that Collins means by references what Merriam-Webster means by entries . But CED and Cobuild certainly do not say so!",
62729n,True,True,True,"Although changes in how managers orchestrate production flow through the sewing room are starting to make a difference, shifts in the practices of shop-floor workers have more to do with new human resource policies than equipment.",
133757c,True,True,True,but uh TV is something that we try to not um deliberately try not to get hung up on it like you say,
22258n,False,True,False,"They, they definitely had a lot of pride in, in the appearance of the studio and how well it was maintained, which was nice.",
123038n,False,False,False,Reports on attestation engagements should state that the engagement was made in accordance with generally accepted government auditing standards.,
61611e,True,False,False,"Down the street from the statue is the Bank of Ireland , built in 1729 to house the Irish parliament.",
122329n,True,True,True,"Guangzhou, with a population of more than 5 million, straddles the Pearl River China's fifth longest which links the city to the South China Sea.",
128832n,False,False,False,At the pictures the crooks always have a restoorant in the Underworld.,
30408e,True,True,True,The problem was solved simply by using an already standard character that had a similar sound to what the Viet called themselves.,
8598e,True,True,True,A contract that provides for a firm price or in,
142554n,True,False,False,"It displays some superb marble sculptures of the second century a.d. , most notably a Venus and the Emperor Hadrian and his wife Sabina.",
72740n,True,True,True,So it wasn't Missenhardt's singing--marvelous though that was--that made Osmin's rantings so thrilling.,
110148e,True,True,False,Figure 7.2 depicts the weekly demand for a different SKU'the same single-breasted coat'but this time in a less popular size (43-regular).,
138236c,True,True,True,"The ability to keep learning, to keep discovering, and to keep inventing becomes even more important if we are to compete in tomorrow's world.",
145917c,False,True,True,"Even for basic products, demand varies from day to day and week to week.",
63871n,False,False,False,"As Malaysia has moved resolutely into the modern age, it has also remained, culturally and historically, a rich, multi-layered blend of traditions wrapped up within a modern, busy economy.",
76209n,True,True,True,"Periodically, the Islamic world has seen surges of what, for want of a better term, is often labeled fundamentalism.",
143789n,False,False,False,"What a brilliantly innocuous metaphor, devised by a master manipulator to obscure his manipulations.",
65846n,False,False,True,"In both Britain and America, the term covers nearly everybody.",
78299e,True,True,True,The twenty mastic villages known collectively as mastihohoria were built by the Genoese in the 14 15th centuries.,
111123e,False,False,False,"(Never mind the strictest reading, which supposes that creation took a week.)",
108987c,True,False,True,we wouldn't be expected to cast a ballet on the subject,
63870n,True,True,True,"Pursuant to the Nunn-Lugar-Domenici Domestic Preparedness Program, the Defense Department began in 1997 to train first responders in 120 of the nation's largest cities.",
26132c,True,True,True,"We shouldn't have been here as soon as this even, if it hadn't been for the fact that there was a smart doctor on the spot, who gave us the tip through the Coroner.",
8587e,True,True,True,"A spiritual guide for both, but especially the Islamic Group, was the so-called Blind Sheikh, Omar Abdel Rahman.",
97313c,True,True,True,"As you know, major changes in dental education are under way throughout the country.",
103168e,True,True,True,Technological advances generally come in waves that crest and eventually subside.,
74439c,True,True,True,and clean up is is uh is a joy uh a little soap and water and air dry them and you don't have to worry about that,
13983e,False,True,True,i think that yeah i think and i i think that's real important,
36480e,True,False,True,so i guess my experience is is just with what we did and and so they didn't really go through the child care route they were able to be home together,
124438c,True,True,True,I want him to beat my heart and beat my brain.,
85265n,True,True,True,Many more camper referrals are coming from new organizations such as school social-workers and family counseling agencies.,
26218n,True,True,True,"However, these are difficult times for public institutions of higher education, because legislative appropriations are either flat or in the decline.",
22462e,True,True,True,"The director, Michael Mann, has never tried to tell a story as complex (or nonviolent) as The Insider , and he and his co-screenwriter, Eric Roth, don't shape their narrative very satisfyingly.",
111087c,True,True,False,and have been back and every now and then some news filters in that they went to see some of the old things and of course the savings and loan program um that was that you know that that just continued to grow in fact after my group i mean we were just a very small specialized group too to get that going and spread and then of course Peace Corps bowed out of that because that's uh uh something that nationalized very quickly and the same with the coops,
80913n,True,False,True,"When I first began to study German it took a while to learn that Gift was not something one wanted for Christmas, and that Mist was not cool and dewy, but warm and smelly.",
135590n,True,True,False,"Markers are made by hand, tracing pattern pieces onto sheets of paper from thick, pre-cut cardboard pattern elements.",
102084n,True,True,True,The Salvation Army received a note not long ago from a woman who makes contributions to our programs from time to time.,
44327e,True,True,True,"Here at The Salvation Army, this is our continuous goal.",
73527e,True,True,True,"She was kind of headstrong and she was, um, kind of artistic maybe, and, uh, uh, liked to have a good sense of humor.",
136027c,True,True,True,Many of the children are victims of abuse or live in unstable homes.,
119579c,True,True,True,"she said to them, because of you we're going to die too, through no fault of our own!",
89899n,True,True,True,"As you know, SEND is a neighborhood-based organization investing in Greater Fountain Square's housing, youth, and economic future.",
65879c,True,True,True,"After the recovery of Jerusalem in 1099, it took four hundred years of sieges and battles, treaties, betrayals, and yet more battles, before Christian kings and warlords succeeded in subduing the Moors.",
130283c,True,True,True,i quit i quit drinking at oh a long time ago quit drinking i didn't smoke i don't smoke i gave everything up so i guess i don't know what just old age i guess is why i,
122020n,False,False,False,"After four years, Clinton has learned how to avoid looking unpresidential.",
21671n,False,False,False,"It may be that the best way to read this text in the years ahead will not be with a magnifying glass, but through the looking glass--as a prism to discern what the political culture that produced Nixon shares with our own.",
67646n,True,True,True,yeah well the uh NC double A tournament's going on right now and uh i haven't watched it this year because Louisville's out of it this year,
136994e,True,True,True,"Around the year 1400, fighting over the island of Singapore drove the Srivijaya prince Parameswara to seek refuge up the peninsula coast with his orang laut pirate friends in their small fishing village of Melaka.",
2619e,True,True,True,"Many Lakeland hotels also quote a D, B and B (dinner, bed, and breakfast) rate, which includes the evening meal and is often quite cost-effective.",
106141e,True,True,True,"The loss of technical competence through downsizing was sufficiently pervasive that FFC, in conjunction with TBR and the NAVFAC, conducted the Government/Industry Forum on Capital Facilities and Core Competencies in March 1998.",
144190n,True,True,True,"That same while that I was there at my brother's, we went to look for, the people who owned land, to see if they would give me, pasture land for the animals.",
132430e,True,True,True,"With its roots in Taylorism, each PBS task is given a target time or SAM (Standard Allocated Minutes).",
10932n,False,False,False,"So he goes out and walks in the woods, little dreaming that Mrs. Inglethorp will open his desk, and discover the incriminating document.",
49607c,True,True,True,yeah and every once in a while they'll have dressing but uh whoever makes it uh goes crazy with the sage,
85742c,True,True,True,If you missed the two top stories in yesterday's USAT --the government's first post-deregulation attempt to preserve competitiveness among airlines and the emergence of a drug that can prevent breast cancer--they are on the NYT 's front today.,
45694n,True,True,True,"In addition, its capacity to use information on the state of demand allows it to set inventory levels on a SKU basis that balances the benefits of having a product available against the costs of holding work-in-process and finished goods inventories.",
18091c,True,True,True,"To reach any of the three Carbet falls, you must continue walking after the roads come to an end for 20 minutes, 30 minutes, or two hours respectively.",
59844n,False,False,False,"3 Accordingly, auditors performing financial audits need to be proficient in applying the AICPA standards and guidance contained in the SASs.",
143343c,True,True,True,"But, then like me and my mom will talk all the time and she'll come over here and she'll like have a beer and a cigarette with me and it doesn't matter anymore!",
39491c,True,True,True,"Unfortunately, these are difficult times for public institutions of higher education.",
54043e,True,True,True,"""So your girl writes that your little farewell activity didn't fare so well, eh?"" he chortled.",
141707e,True,True,True,"2466, discusses the four collections, which include certification of a minimum number of installed and operating microwave links and the maintenance of a computer-readable database.",
13263e,True,True,True,"Cultural transitions of major organizations are never easy to accomplish, and I would certainly not claim that it will be easy for GAO.",
52806e,True,True,True,"Stale macho jokes and formulaic cliffhangers drive this chase-by-numbers thriller on the bumpy road to nowhere (Holden, the New York Times ).",
114492e,False,True,True,and the same is true of the drug hangover you know if you,
32648e,True,True,False,Where alternative country runs into trouble is its tendency to ignore what's durable about country in favor of its stereotypical hay-bales-and-whiskey-bottles shtick.,
17707n,True,True,True,"The Praya, the promenade in front of the ferry pier, is a good place to observe the many junks and fishing boats in the harbor.",
118385n,True,True,True,Pick up a map from the tourist office here and ask about walking tours.,
46401c,True,True,True,"In doing so, they invite children to judge the appropriateness of their requirements.",
130680c,True,True,True,We also have found that leading organizations strive to ensure that their core processes efficiently and effectively support mission-related outcomes.,
51718n,False,False,False,"To make matters worse, many employers looking to save money (and please their employees) will drop dependent benefits if states provide better coverage than the private plans now do.",
118393e,True,False,True,He could make quite an issue out of the need to determine the characteristic impedance of their sky.,
133241e,True,True,True,"He was of two minds, one reveled in the peace of this village.",
95976c,True,True,True,"Bin Ladin's Historical Opportunity Most Muslims prefer a peaceful and inclusive vision of their faith, not the violent sectarianism of Bin Ladin.",
106150c,True,False,True,It will provide the flexibility IUPUI needs that state appropriations cannot.,
49762c,True,True,True,When a literate Chinese had to write about this new kingdom a problem arose as there was no charactter for the Viet.,
75531e,True,True,True,yeah that's where i got to too the first i got chills up and down when i heard the on the radio and the first time they started doing the bombing,
134217n,True,True,True,uh-huh and is it true i mean is it um,
55489n,False,False,False,"Um, reading is fundamental as they say and it truly is.",
41863c,True,True,True,"Therefore, the number of boilermakers may actually grow more quickly than what was assumed.",
13047e,True,True,False,"For the short term, its impact will be on a relatively small niche market.",
81938c,True,False,True,"than the passage of time, the rate of inflation, or geographic location, as so often is the case today.",
65545c,True,True,True,"The President and the Vice President indicated to us they had not been aware that fighters had been scrambled out of Andrews, at the request of the Secret Service and outside the military chain of command.",
82715e,True,True,True,"When we consider how much the set is on during school holidays and summer vacations, children spend more time watching TV than they do in any other waking activity, including going to school and interacting with family members or peers.",
110108e,True,True,True,"Noteworthy, too, are the strategies that have been devised to cope with the limits of our twenty-six letter alphabet.",
99118n,False,False,False,"It had at most one or two minutes to react to the unidentified plane approaching Washington, and the fighters were in the wrong place to be able to help.",
87087c,True,True,True,oh yeah IBM uh i mean uh a lot of people use human factors folks but IBM is what i'm looking at right now,
91383c,True,True,True,This site includes a list of all award winners and a searchable database of Government Executive articles.,
7389e,True,True,True,"Shortly thereafter, the passengers and flight crew began a series of calls from GTE airphones and cellular phones.",
67540c,True,True,True,"These experiments in political Islam faltered during the 1990 the Iranian revolution lost momentum, prestige, and public support, and Pakistan's rulers found that most of its population had little enthusiasm for fundamentalist Islam.",
90973c,True,True,True,"He could attract, train, and use recruits for ever more ambitious attacks, rallying new adherents with each demonstration that his was the movement of the future.",
68321c,True,True,True,That message and all subsequent attempts to contact the flight were not acknowledged.,
33995e,True,True,True,"Fruit, vegetables, electronics, and a little bit of everything else is on sale here.",
130067n,True,True,True,"I saw that a faint streak of daylight was showing through the curtains of the windows, and that the clock on the mantelpiece pointed to close upon five o'clock.",
49970n,True,False,True,in well i think i think my long-term sense of of budget concerns is that we're going is a lot of others government's spending goes on goes towards this uh health care and things like that and a lot of causes of poor health or need for health care are brought about by various factors such as such as pollution stress you know work work environment conditions and so forth but generally the government is,
88990n,True,True,False,um-hum yeah we're still pretty much you know in winter as far as that goes here,
69959e,True,True,True,"Although this award will now be handed out annually, Bailey was selected for several years of his commitment.",
78533n,False,False,False,"I said, Well you can use paint thinner or turpentine or gasoline.",
83917n,False,True,True,He did not know that other aircraft had been hijacked.,
56292e,True,True,False,"pediculosis Not as foot disease nor the bad breath of children, but just plain (and literally) lousiness.",
63142c,True,True,True,"The tomb of Job Charnock, the Company official who founded the city of Caletta, is in the church cemetery.",
81766e,True,True,True,"As it has been an exciting year for all of us, MCCOY, Inc. cannot do its part without the support of organizations like yours.",
3446e,True,True,True,"I was always into those kinds of heroic things, um, so I read a lot of those things.",
125609n,False,False,False,"More importantly, these state-centered regimes placed their highest priority on preserving the elite's grip on national wealth.",
142209c,True,True,True,"When two peoples speaking different languages share a common border, there is an infiltration of words from one language to the other.",
5602n,False,False,False,my parents uh were sailing uh this last year down off uh Costa Rica and they took about two weeks and went into i don't even know the name of the river there but they went white water rafting and Mom said it was absolutely just a wonderful experience she said it was truly incredible,
89756c,True,True,True,Economic growth also depends on education to enhance the knowledge and skills of the nation's work,
26701e,True,True,True,The leaves of the papyrus were dried and used by Ancient Egyptians as a form of paper.,
98554e,True,True,True,"Both set off the alarm, and they were directed to a second metal detector.",
111577n,True,False,True,But overinterpretation or even misinterpretation are not the same as bias.,
49770e,True,True,True,"United 93 and the Shootdown Order On the morning of 9/11, the President and Vice President stayed in contact not by an open line of communication but through a series of calls.",
73734e,True,True,True,"You and your friends are not welcome here, said Severn.",
2940n,True,True,True,"4 million, or about 8 percent of total expenditures for the two programs).",
68371e,True,True,True,"Many of the popular accounts of quick response, rapid replenishment, and supply-chain management assume that all parties'consumers, retailers, and suppliers'win as a result of these policies.",
105037c,True,True,True,"This is a story that my dad told me when I was small, a long time ago that, there was a girl that, she was very young, she was going to go visit her parents.",
33069c,True,True,True,Note that this system poses production questions for BMW similar to those faced by apparel suppliers.,
84781e,True,True,True,"By coordinating policy development and awareness activities in this manner, she helps ensure that new risks and policies are communicated promptly and that employees are periodically reminded of existing policies through means such as monthly bulletins, an intranet web site, and presentations to new employees.",
143451c,True,True,True,"At first, children find it difficult to distinguish words and other mental symbols from the objects and actions to which they refer.",
25620c,True,True,True,"We didn't get to spend any time with each other and just being married, and, you know, within a year or so or a year or two it was, um, Kim being unfamiliar with, with New York City and not really liking it very much.",
109995e,True,True,True,The items are then stored in a way that makes them easy to pick for an order about to be shipped.,
68448n,False,False,False,"Yet a tension exists between its desire to provide customers with a changing variety of apparel fashions and the need to increase its capacity to replenish a higher percentage of products, thereby taking advantage of its expertise in logistics.",
63168c,True,True,True,um yeah we've tried to do that we've paid ours off you know all the way down to where we had everything down to zero and especially right before i i quit work two years ago to stay home with the kids,
52854c,True,True,True,"This was used for ceremonial purposes, allowing statues of the gods to be carried to the river for journeys to the west bank, or to the Luxor sanctuary.",
22273n,True,True,True,"Your donation of $25, $50, $125, $250 or more will help us remain a steady source of assistance for people like Ted.",
103364e,True,True,True,Several of its beaches are officially designated for nudism (known locally as naturisme) the most popular being Pointe Tarare and a functionary who is a Chevalier de la L??gion d'Honneur has been appointed to supervise all aspects of sunning in the buff.,
125866e,True,True,True,"Um, Peyton Place was, had, um, kind of a fascination because I was at summer camp in NH, near Gilmanton Iron Works, where that woman, the author, lived.",
82528e,True,True,True,you know maybe it just wasn't possible at all in the first place you know like the no new taxes thing you know that's uh with the economy going the way it is and everything that was nearly ridiculous thing to,
9609c,True,True,True,"In 1998, Cesar Chavez fasted for 36 days in California to underscore the dangers of pesticides to farm workers and their children.",
28190e,True,True,True,"Dental hygiene is proving to be an exciting and rewarding career, both in private practice and community settings.",
138563n,True,True,False,"See the idea?"" 35 ""Then you think"" Tuppence paused to grasp the supposition fully ""that it WAS as Jane Finn that they wanted me to go to Paris?"" Mr. Carter smiled more wearily than ever.",
31602e,True,True,True,"Be that as it may, a later Australian visitor to English drizzle might feel nostalgic when thinking of the parched and thirsty but water-obsessed vocabulary developed in the drier areas of our sunburnt land.",
140520n,True,True,False,"There is no arguing with taste, but even those who support the second tenet must admit that if researchers felt that way about cancer, syphilis, and AIDS, there would not be much point to research at all.",
17499n,False,False,False,So in some ways it was very similar to the space exploration that you were so interested in?,
16049e,True,True,True,"In this way, the adult evokes from the child his or her current knowledge and, on that basis, can scaold more eectively.",
93566n,False,True,False,"Together, I believe that we can make a contribution which will be very meaningful for the students at the school.",
97930c,True,True,True,"For more than a year, Clinton's surrogates have been calling Starr an out-of-control prosecutor.",
6912e,True,True,False,"While the evidence of Iranian involvement is strong, there are also signs that al Qaeda played some role, as yet unknown.",
56261c,True,True,True,"hydrox It is wildly improbable that this is the name of a cookie and not a many-headed, bovine monster.",
74561c,False,True,True,Are you sure we should take him down there?' Greuze asked Natalia.,
37781e,True,True,True,"These 900 hectares (2,224 acres) of parkland on the western edge of the city constitute one of Baron Haussmann's happier achievements.",
140445e,True,True,True,"He learned in the tunnel that the Pentagon had been hit, and he saw television coverage of smoke coming from the building.",
39497e,True,True,True,"We have relied on a mix of common sense, the sound of the name in Arabic, and common usage in source materials, the press, or government documents.",
102174c,True,True,True,and see if Kansas if Kansas yeah but then you know it could be what if they're not hitting that night or they're low or anything and see i i feel like the college you know it's kids it's still kids,
33622n,False,False,False,"In 1099, under their leaders Godfrey de Bouillon and Tancred, the Crusaders captured the Holy City for Christendom by slaughtering both Muslims and Jews.",
48454c,False,False,False,"These revelations were embarrassing to Clinton's opponents, wrote the Washington Post . The Sun-Times quoted Rahm Emanuel, Stephanopoulos' successor, on the From Day One I always thought this was politically motivated and had politics written all over it; after five years, it is nice to have the truth catch up with the president's political opponents.",
63889c,True,True,True,Children will enjoy the little steam train that loops around the bay to Le Crotoy in the summer.,
132702n,False,False,False,"These are challenging times for public institutions of higher education, with legislative appropriations unable to fund schools to the level they have in the past.",
125945n,True,True,False,"As you know, we are in the process of building an endowment fund in graduate periodontics at Indiana University which will honor Dr. Timothy J. O'Leary, a man whose leadership played a significant role in our school and profession.",
16713c,True,True,True,These people are living proof that your investment pays off.,
52753e,True,True,True,"On 4 5 May a mass of mud and rocks was swept down by Pelee's White River (Riviyre Blanche) over a factory, killing 25 people.",
114666n,True,False,False,"But Bin Ladin and his comrades had their own sources of support and training, and they received little or no assistance from the United States.",
76947c,True,True,True,i think we have too thank you very much you too bye-bye,
134835c,True,True,True,"We are asking for your ten dollars to help fund our programs of Research, Education, and Patient Service and Rehabilitation.",
82436e,True,True,True,uh-huh i i thought they did an excellent job of actually aging the person you know from when he was a little kid to little older to little older to except the last the very last you know the last person the last actor that played the kid,
74905n,True,True,True,"However, in light of the growth of rapid replenishment, our research predicts that the performance of these two units will vary over time, with the supplier that has implemented flexible planning and short-cycle production processes coming out ahead.",
49328e,True,True,True,"Although I'm a retired person, today I have a beautiful outlook on life because of Indy Reads.",
105862n,False,True,False,"But, it is high time that we establish direct contact with all alumni from all the graduation years, from all Department activities and areas.",
29002c,True,True,True,During the Crimean War (1854 56) she set up a hospital in the huge Selimiye Barracks (Selimiye Kelase).,
124890n,True,True,True,In late October a young woman librarian at the college took me to a flower-arranging exhibition.,
26217c,True,True,True,"We have provided throughout the years quality legal education, and we are continuing to improve.",
35290c,True,True,True,Arsenic would put poor Emily out of the way just as well as strychnine.,
120070e,True,True,False,well do you know you have a ten limit a ten minute time limit well that's okay and then they come on and tell you and they tell you got five seconds to say good-bye,
79106e,False,False,False,The woman rolled and drew two spears before the horse had rolled and broken the rest.,
77875c,True,True,True,"As legal scholar Randall Kennedy wrote in his book Race, Crime, and the Law , Even if race is only one of several factors behind a decision, tolerating it at all means tolerating it as potentially the decisive factor.",
105790c,False,True,False,well so okay you need to get married and have kids and then when they're big enough you can have them go do the yard and you can do what you want to do,
13175e,True,True,True,"In a magical space looking out over the sea, the beautifully sculpted columns of the cloister create a perfect framework of grace and delicacy for a moment's meditation.",
119190n,False,False,False,Bin Ladin's grievance with the United States may have started in reaction to specific U.S. policies but it quickly became far deeper.,
80201c,True,True,True,"// Even in the in, I mean NJ winters are really cold but--",
122129n,True,True,False,"In this moment of American triumphalism, it's hard to resist the temptation to rewrite recent history as the narrative of America's self-reliant, inevitable rise, and to see the future as the story of America's continued ascent into the higher reaches of the New Economy.",
120149n,True,False,False,"There's a lot of villas all the way along, but by degrees they seemed to get more and more thinned out, and in the end we got to one that seemed the last of the bunch.",
83722e,True,True,True,Whether a government postal service can engage in these kinds of negotiations deserves serious study.,
69430c,True,True,True,Alarm bells would not start ringing until these efforts-which could take five minutes or more-were tried and had failed.,
7856n,True,True,False,but how do you know the good from the bad,
77175e,False,False,True,"No money no results!"" Another voice which Tommy rather thought was that of Boris replied: ""Will you guarantee that there ARE results?""",
120323c,True,True,True,"In the original, Reich is set up by his host and then ambushed by a hostile questioner named John, and when he tries to answer with an eloquent Mr. Smith speech (My fist is clenched.",
112154n,False,False,True,"She was 96 just turning away when she heard a piercing whistle, and the faithful Albert came running from the building to join her.",
63410c,False,False,False,Air Force One departed at about 9:54 without any fixed destination.,
83655n,True,True,False,That is exactly what our head coupon issuer Alan Greenspan did in 1987--and what I believe he would do again.,
73565c,True,True,True,Enthusiasm for Disney's Broadway production of The Lion King dwindles.,
92021e,True,False,True,"In the words of a newspaper ad for a language school, Do Mistake'Learn Better.",
26196n,False,False,False,"Four or five from the town rode past, routed by their diminished numbers and the fury of the Kal and Thorn.",
45890n,True,True,True,"Older preschoolers realize that people's beliefs, not just their desires, aect their behavior.",
55468e,True,True,True,"Also, the final rule is not intended to have any retroactive effect and administrative procedures must be exhausted prior to any judicial challenge to the provisions of the rule.",
93294n,False,True,False,"With all the activity, these facilities will be used more than ever!",
87867e,True,True,True,"Goin' cut him if he stan' still, goin' shoot him if he run.",
107252e,True,True,True,"On the northwestern Alpine frontier, a new state had appeared on the scene, destined to lead the movement to a united Italy.",
92774n,True,True,True,The party's broad aims were to support capitalist policies and to continue close ties with Britain and the rest of the Commonwealth.,
142643n,True,False,True,The standard technology assumptions of scenario A were used by EIA in the development of the AEO2001 reference case projections.,
46267n,True,False,True,We do not have to differentiate between military or civilian.,
128866e,True,True,True,The measurements must still be transmitted to a CAD system that will automatically alter the pattern to conform to specific body measurements.,
85064c,True,True,True,NONFEDERAL PHYSICAL PROPERTY ANNUAL STEWARDSHIP INFORMATION For the Fiscal Year Ended September,
35032n,True,False,False,"A century later, retailing success is often attributed to combining effective marketing with an understanding of consumer tastes.",
52734c,True,True,True,"You claimed to be a repairman for such devices."" Hanson bent to study it again, using a diamond lens one of the warlocks handed him.",
56528n,True,True,False,"Renfrew accepts the wave theory, and in the last two thirds of Archaeology and Language he sets forth his arguments in its favor.",
144591e,True,True,True,"So what is the explanation of the phrase cold enough to freeze the balls off a brass monkey ? Well, the obvious one, I believe.",
95850n,True,True,True,"At the same time, Boston Center realized that a message transmitted just before 8:25 by the hijacker pilot of American 11 included the phrase, We have some planes.",
98689c,False,True,True,couple of years ago i was thinking about moving to Massachusetts but uh boy i'm glad i didn't,
99194c,False,False,False,"After the high emotion of de Gaulle's march down the Champs-Elys??es, the business of post-war reconstruction, though boosted by the generous aid of the Americans' Mar?­shall Plan, proved arduous, and the wartime alliance of de Gaulle's conservatives and the Communist Party soon broke down.",
50186n,True,True,False,Neither does it include the mail sent in response to advertising.,
107329n,True,True,True,"To places where surface transportation is not available, senders would be required to pay air rates, and possibly air rates keyed to the characteristics of the Alaskan air system.",
23725c,True,True,True,"Cornwall Beach, another private beach with perfect sand and sheltered waters, can be found behind the Jamaica Tourist Office building, a short distance east along Gloucester Avenue.",
114856e,True,False,True,it was really easy i mean just just did a thumb print you know,
114120c,False,True,True,"Collins allows the Scots pronunciation, but, I am sorry to report, favors the English.",
5857e,True,True,True,"Suits and pants require thread colors that match or blend with the shell fabric, and it is important to reduce the number of thread changes the sewing operator has to make.",
118419c,True,True,True,I got somebody who keeps coasting but it looks like he's going into one of the small airports down there.,
16581e,True,True,True,We thought it would be cool to see just how far a BB would shoot.,
137708e,True,True,True,"(In the short run, higher-income taxpayers may pay more taxes, not less, if a capgains rate cut leads them to sell more assets than they otherwise would have done.)",
92665e,True,True,True,"So, what I am going to ask you is what was your philosophy behind that?",
56203n,False,False,False,"crapulous, crapulent What this suggests would, of course, only occur to pre-pubescent boys and has nothing to do with the real meaning of drunkenness, overeating.",
54145c,False,True,True,"About five minutes after the hijacking began, Betty Ong contacted the American Airlines Southeastern Reservations Office in Cary, North Carolina, via an AT&amp;T airphone to report an emergency aboard the flight.",
124028c,True,True,True,"Most of the dances are suggestive of ancient courtship rituals, with the man being forceful and arrogant, the woman shyly flirtatious.",
23160c,False,True,False,"Consequently, Sydney begins to move toward independent solving of the puzzle.",
25542e,True,True,True,Some remain profoundly impaired by inadequate adult investment in their childhoods.,
37270n,False,True,True,"Each week's demand has been divided by the average demand over the twenty-four weeks; therefore, the average weekly demand is simply equal to 1.0 on this normalized scale.",
20544n,True,True,False,The finest is the huge conical-roofed Tomb/Pillar of Absalom (King David's son).,
62332n,False,False,False,There would be little benefit to national saving from allowing early access to mandatory accounts with set contribution levels-which has been proposed for Social Security (see Q4.,
7943c,False,False,False,The decreasing lead time of the quick-line plant makes it competitive at a lower inventory carrying cost.,
112144c,True,True,True,i spent a number of years in the service as an intelligence analyst,
63058e,True,True,False,"Um, do you have a, one of those types of stories?",
50744c,False,False,True,"At 9:37:46, American Airlines Flight 77 crashed into the Pentagon, traveling at approximately 530 miles per hour.",
107773e,True,True,True,I did that because that's what my dad wanted me to do.,
88628e,True,True,True,"Ocho Rios is Spanish for eight rivers, but this name is not descriptive of the area.",
34043e,True,True,True,The Gaiety Theatre in South King Street is worth visiting for its ornate d??cor.,
7379c,True,True,True,"A detailed English explanation of the plot is always provided, and wireless recorded commentary units are sometimes available.",
87519c,True,True,True,"The Weekly Standard argues that America should back Lee with words now and, if necessary, military force later, but the Washington Post reports that the U.S. envoys will pressure him to back down.",
11107e,True,True,True,"There is an exhibition of highland dress, showing how it developed through the centuries.",
141861n,False,False,False,"I spent hours daydreaming and looking at old pictures of Mom, Dad, Sarah, and me.",
89209e,True,True,True,yeah no i don't know if there's any any series that i pay attention to i try to watch Cheers once in a while,
22261e,True,True,True,"Um, so I began looking around for other studios that I thought might, uh, have a higher level of professionalism.",
9698e,True,True,True,"It's an interesting account of the violent history of modern Israel, and ends in the Scafeld Room where nine Jews were executed.",
144235c,True,True,True,yes it is kind it is family and it's fun it's a fun thing and kids enjoy that and,
110196e,True,True,True,In the small marina you can eat while surrounded by expensive boats.,
98721e,True,True,True,that's neat just supervised more or less than anything and security i guess for them,
80947n,True,True,True,He was standing in front of a grey backdrop- somewhere that could be anywhere.,
3146e,True,True,True,"Now open political debate flourished, especially in Calcutta where Karl Marx was much appreciated.",
51992c,True,True,True,"Because of rapid brain growth and gradual decline in brain plasticity, the first 5 to 8 years of life are regarded as a sensitive phase of development in which appropriate stimulation is necessary for children to reach their full genetic potential.",
3901c,False,False,False,"I do not know how he would rate it, but I must confess that for general use I am inclined to put it just a little ahead of Chambers . But I haven't found it quite as much fun to browse in.",
67866n,False,False,False,Fulfillment of this goal requires full participation from members of the Indiana Dental Association.,
45665c,True,True,True,(j) Promotional items a member receives as a consequence of using travel or transportation services procured by the United States or accepted pursuant to 31,
124611c,True,True,True,"As Russell points out, some 400,000 legal aid cases go unassisted each year.",
132315c,True,True,True,"I know most of you will find it hard to believe, but we are about to celebrate our 35th Anniversary.",
12838n,True,True,True,"Repeatedly between 10:14 and 10:19, a lieutenant colonel at the White House relayed to the NMCC that the Vice President had confirmed fighters were cleared to engage inbound aircraft if they could verify that the aircraft was hijacked.",
89472c,True,True,True,"(The Amalgamated and ILGWU merged in 1995 to form the Union of Needletrades, Industrial and Textile Employees'or UNITE!)",
79521c,True,True,True,are uh very few and then the other people just plan it you know it's like it's like have you have have you ever seen the commercial like for Federal Express where the with uh the think tank,
43541c,True,True,True,"As a part of this inspection and repair, a detailed map is made that locates any remaining defects; the minimum width of the bolt is measured along with the overall length of the unstretched material.",
66093c,True,True,True,"About someone who is in complete charge of a project, they could say, He runs things completely!",
59305n,True,True,True,When my students and I approached the heart of the course'talking the English language'nothing seemed to work for me until I closed all the books and compelled two or three students at a time to put themselves in commonplace situations in which they had to speak English.,
69989c,True,True,False,The last thing we want is any more attention or any more bounty hunters.,
50484n,True,True,True,"All of our many earnest experiments produced results in line with random chance, they conclude.",
72079n,False,False,False,It is not clear how the shootdown order was communicated within NORAD.,
140704c,True,True,True,I think this report shows that we have had an inordinately productive and successful year.,
60397n,True,True,True,i don't know what kind of a summer we're expecting this year i imagine it's going to be hot again,
99898e,True,True,True,This is illustrated in Table 9.1 (page 158) for the men's and boys' shirt industry.,
57497n,False,False,False,"This startling news prompted the mission crew commander at NEADS to take immediate control of the airspace to clear a flight path for the Langley Okay, we're going to turn it . . . crank it up.",
113463e,True,True,True,exactly and when i'm sitting here on the sofa cross-stitching and all of a sudden somebody a man's got their hand on my door knob it's like uh like oh no and so i don't i don't like that and i guess the only way to prevent it would be just to pass a city ordinance to prevent that or,
55064c,True,True,True,"This site provides information links, tools, and resources developed for the benefit of the audit profession, including audit programs, best practices, and research services.",
55767e,True,True,True,"Um, she pretty much showed a lot of disinterest at best and, and outright hostility at worst towards my mom until we the kids came along.",
110392e,True,True,True,"Even though I had freedom when I was, you know, home, whatever, but I still had a curfew.",
130178e,True,True,True,"Executives do so by examining their internal environments and asking a series of questions about the problems that need fixing, how information technology and management can help, and how a CIO might best fit within their management structures to guide technology solutions.",
133966n,True,True,True,"The sunlight, piercing through the branches, turned the auburn of her hair to quivering gold.",
8797e,True,True,True,Also beyond city limits is the Legacy Golf Club in the nearby suburb of Henderson.,
139725n,True,True,True,"In part, that is attributable to the designation of his correspondents, who keep him informed on language that is not within earshot, as the Lexicographic Irregulars, an amusing reference the first time or two it was used but now beginning to cloy.",
76343n,False,True,True,"If she didn't like her restaurant so much, the woman'd be high-up in Applied by now.",
137987n,True,False,False,"Over the years, a number of well-respected individuals have spoken out on behalf of our mission ...our service ...and our stewardship.",
54782n,True,True,True,You'll even be able to consult a traditional herbalist to cure your ailments.,
28235n,False,True,True,It would be so damn foggy you could not see the yellow line on that divided highway in front of you and we to turn left out onto this highway.,
41763e,True,True,True,"Safire cannot be accused of being copy-proud (except, evidently, of awful puns, as in Ms. is deliberately msterious , but at least it is not deliberately msleading and other mscegenations).",
9616c,True,True,True,"The most important directions are simply up and up leads eventually to the cathedral and fortress commanding the hilltop, and down inevitably leads to one of three gates through the wall to the new town.",
77508e,True,True,True,"There is a roller coaster up there as well, but experienced riders consider it too slow and uneventful despite the altitude.",
25994n,True,True,True,Since his death it has been transformed into the Bob Marley Museum and carefully managed by the Marley family to protect the memory of his life.,
103476e,True,False,True,It exemplifies the support and encouragement that the faculty and community provides.,
56546e,True,True,True,that's hilarious to to get that jack off that's right oh that's a funny story,
144081n,False,False,False,"Other pundits beam their opinions at us as through a time warp, from the hazy days of past administrations.",
116382c,True,True,True,"Both the mission commander and the senior weapons director indicated they did not pass the order to the fighters circling Washington and New York because they were unsure how the pilots would, or should, proceed with this guidance.",
4059c,True,True,True,"Duende meant `hobgoblin,' `sprite,' or `ghost' in Spanish for a long time, but it is not known when it acquired its artistic coloration.",
108502n,False,False,False,"Richard Bauerls writes interestingly about the recent proliferation of one-letter words [XIV, 1; XV, 1].",
125762c,True,True,True,"In addition, researchers now realize that quite normal children show both similarities and dierences in pathways of change.",
65162e,True,True,True,"Fira is a shopper's paradise, a series of narrow alleys where you can wander free from the fear of traffic, although keep your eyes and ears open for donkeys.",
40896c,False,False,False,Do you remember being read to when you were little?,
15998n,True,True,True,Lean retailing has also changed the way the textile industry relates to both apparel producers and retailers.,
59173c,True,True,True,"When Jesus was born in about 4 b.c. , Joseph and Mary escaped Herod's paranoia by fleeing into Egypt with the new-born infant.",
119958c,True,True,True,Knitting mills now account for almost 30 percent of production employees engaged in textile manufacturing.,
84177e,True,True,True,"The environment, including the social environment, is available for children to interact with as they make sense of their experiences, but it does not determine the evolution of the child's mind.",
48335c,True,True,True,"Well, let's see, there's I guess one of the favorite author's of mine is Isaac Asimov who wrote some of the best science and science fiction that was ever written.",
16521n,True,True,True,Agency officials stated that copies of both the initial and the final analysis were submitted to the Chief Counsel for Advocacy at the Small Business Administration as required by section 605(b).,
45382e,True,True,True,"If a hijack was confirmed, procedures called for the hijack coordinator on duty to contact the Pentagon's National Military Command Center (NMCC) and to ask for a military escort aircraft to follow the flight, report anything unusual, and aid search and rescue in the event of an emergency.",
108389n,True,True,True,"A short time later, Nawaf and Salem al Hazmi entered the same checkpoint.",
25920e,True,True,True,We are very aware of the important role financial resources will playas we look to the future.,
85034e,True,True,True,"The importance of dialect is emphasized regularly in the press, where we read about people being killed, as in parts of India, because they use the wrong shibboleths.",
53628c,True,True,True,"Second, Clinton hasn't used the bully pulpit to speak out against drug use nearly as often as his two predecessors did.",
38156n,True,True,True,BUDGETARY RESOURCES - The forms of authority given to an agency allowing it to incur obligations.,
115750c,False,False,False,i bet it was that they do that you know they they have kittens out there in the garage or out in the barn and the first time you try to get around the kittens you know it's you'd have to catch them with a uh a fish net or something because they scamper away so quick,
23319n,False,True,False,"You can find Manchester, Sheffield, and Cambridge in Jamaica, to name but three.",
41667n,True,True,True,"Because, well, no, Ines was putting up an argument that-, when he told her, No, he said, e, Luis Alonso, I may be going to die, he said, because so much blood loss, he said.",
133038e,True,True,True,"More reserved and remote but a better administrator and financier than his uncle, Charles Brooke imposed on his men his own austere, efficient style of life.",
41296n,False,False,False,"skinflint In many parts of early America, necessities such as flint were scarce.",
121966n,True,False,True,How old were you when she shared this story with you?,
94171e,True,True,True,The average tuition for a one-day C.E. course is about $125.,
84108c,True,True,True,"World demand increased with the growth of the motor-car and electrical industries, and sky-rocketed during World War I. By 1920, Malaya was producing 53 percent of the world's rubber, which had overtaken tin as its main source of income.",
69887e,True,True,True,"But grammar enters the picture here, too, and dictionaries are remiss in syntactic description of how the language works in comparison with what its words mean, how they are spelled and pronounced, and where they came from.",
32492c,True,True,True,"And so, uh, those things come about through the work of reading rather than through listening to some person on the street corner or, uh, gazing on TV.",
29237n,True,True,True,"I sat soaking at about 100F, while an exuberant gentleman on my left, who was wearing his washcloth draped over his head, gave me his four words of New York, Broadway, Niagara Falls, Grand Canyon . The real cultural joy, however, lay in just immersing myself in this aura, evoking Dante and 8??, and watching the occupants through the steamy haze as they lathered, rinsed, and squatted on little plastic stools to shave before low-hung misted mirrors against the walls'all this before I slap-slapped back to my room to enjoy dinner on the floor.",
109251e,True,False,True,course the head bangers i stay away from those entirely,
100899c,True,True,True,"Many had to leave their birthplaces, fleeing to Lesvos, Chios, and Samos, the Greek-ruled islands just offshore.",
76986e,True,True,True,Your contribution--large or small-- through the Annual Fund will carry us one more step toward realizing the Purdue dream for the 21st century.,
25268n,True,True,True,He motioned to me as if they were going to cut off his head.,
