id,orig_correct,para_correct,idiom_correct,x,gold_answer
f9bbe4e547c886d5,True,True,True,", i 'd want something a bit more complex than we were soldiers to be remembered by .",
b02e567b7e749a7c,True,True,True,make you feel guilty about ignoring what the filmmakers clearly believe,
eda54bd6e43afcc7,True,True,True,"sadly , as blood work proves , that was a long , long time ago .",
f0a01a933cc045b9,True,True,True,", it 's an observant , unfussily poetic meditation about identity and alienation .",
db32f3e6522e9f9e,True,True,True,reminds me of a vastly improved germanic version of my big fat greek wedding,
fef75f210756eb24,True,True,True,those 24-and-unders looking for their own caddyshack to adopt as a generational signpost may have to keep on looking .,
cfaa8ddc4181d5d7,True,True,True,long gone bottom-of-the-bill fare like the ghost and mr. chicken,
6c923d9d8274cce4,True,True,True,"a clash between the artificial structure of the story and the more contemporary , naturalistic tone of the film ...",
53cfdd920a402ea1,True,True,True,"max pokes , provokes , takes expressionistic license and hits a nerve",
8f69e88db10c5a49,True,True,True,some of the dramatic conviction that underlies the best of comedies,
e8a383f08106f93a,True,True,True,"my friend david cross would call it , ` hungry-man portions of bad '",
83ef8d0cc4156b5e,False,True,True,"less dizzying than just dizzy , the jaunt is practically over before it begins .",
13ab39bb8632ef84,True,True,True,this is a shrewd and effective film from a director who understands how to create and sustain a mood .,
442f6160e55e39f8,True,True,True,"light-years ahead of paint-by-number american blockbusters like pearl harbor , at least artistically .",
5763343326e0d70e,True,True,True,"the jabs it employs are short , carefully placed and dead-center .",
8d50d226ecf5d006,True,True,True,"the lustrous polished visuals rich in color and creativity and , of course , special effect",
c5c1a1aa102cd0b6,True,True,True,"with an underlying seriousness that sneaks up on the viewer , providing an experience that is richer than anticipated",
61a096f1dc875791,True,False,False,offer some modest amusements when one has nothing else to watch,
b14132771c21cad5,False,False,False,too long to turn his movie in an unexpected direction,
fe213bc0cd59998c,True,True,True,is a case of too many chefs fussing over too weak a recipe,
9a54a78e6dc3b927,True,True,True,the plot remains as guarded as a virgin with a chastity belt,
077e7c7632d2dbbd,False,False,False,"has produced in recent memory , even if it 's far tamer than advertised .",
e453b263afe1643e,True,True,True,"a low-key , organic way that encourages you to accept it as life and go with its flow",
d098790c9f123da1,True,True,True,"i ca n't begin to tell you how tedious , how resolutely unamusing , how thoroughly unrewarding all of this is , and what a reckless squandering of four fine acting talents ...",
b445d7c8d1c96ffe,True,True,True,"it 's sanctimonious , self-righteous and so eager to earn our love that you want to slap it",
d73b325bc5c17e25,True,True,True,"one of those pictures whose promising , if rather precious , premise is undercut by amateurish execution .",
9c3f86a8eeac72de,True,True,True,you try to guess the order in which the kids in the house will be gored .,
408240ed8545d525,True,True,True,documentary to make the stones weep -- as shameful as it,
f4d51221236d1f29,True,True,True,"`` bad '' is the operative word for `` bad company , '' and i do n't mean that in a good way",
d1926ca50f7a4290,True,True,True,"do n't really seem all that profound , at least by way of what can be gleaned from this three-hour endurance test built around an hour 's worth of actual material .",
3477f981e009b7e1,True,True,True,should be expected from any movie with a `` 2 '' at the end of its title .,
d4927ba381a77420,True,True,True,it 's not a motion picture ; it 's an utterly static picture,
57f65a0e706d7385,True,True,True,"not all of the stories work and the ones that do are thin and scattered ,",
af917bf40e9fb892,True,True,False,you wish you were at home watching that movie instead of in the theater watching this one,
c91089b63ab04e1c,True,True,True,lifts blue crush into one of the summer 's most pleasurable movies,
b626943aefd7cc8d,True,False,True,is n't embarrassed to make you reach for the tissues,
03af4bb1ec87eef0,True,True,True,this movie seems to have been written using mad-libs .,
368d530668b9d74c,False,False,False,"a film really has to be exceptional to justify a three hour running time , and",
ecac461aecaeea5f,True,True,True,adds up to big box office bucks all but guaranteed,
6aa9b92bed8e6cb6,True,True,True,she lacks the skill or presence to regain any ground,
23a8284b0b790fde,True,True,True,provides an accessible introduction as well as some intelligent observations on the success of bollywood in the western world,
9d6f19c996ccf898,True,True,True,"it has fun with the quirks of family life , but it also treats the subject with fondness and respect .",
bbfd0d5ce95058e8,True,True,True,"the setting in an attempt to make the film relevant today , without fully understanding what it was that made the story relevant in the first place",
6a41670c8dbc8739,True,True,True,has more than a few moments that are insightful enough to be fondly remembered in the endlessly challenging maze of moviegoing,
148b6b226d3c0c70,False,False,True,"alternately hilarious and sad , aggravating and soulful , scathing and joyous .",
6667814970ae2f91,True,True,True,robert harmon 's less-is-more approach delivers real bump-in - the-night chills -- his greatest triumph is keeping the creepy crawlies hidden in the film 's thick shadows,
29986d3d18a8685e,False,True,False,"like showgirls and glitter , the most entertaining moments here are unintentional .",
3a83f473738491c2,True,True,True,three sides of his story with a sensitivity and an inquisitiveness reminiscent of truffaut,
cf9fcafe5cfd01ed,False,False,False,"directed by kevin bray , whose crisp framing , edgy camera work , and wholesale ineptitude with acting , tone and pace very obviously mark him as a video helmer making his feature debut .",
c5e182d5c02907ca,True,True,True,is a satisfying well-made romantic comedy that 's both charming and well acted,
d5c347d71b726428,True,True,True,` the country bears ' should never have been brought out of hibernation .,
f1621c884430f0d2,True,True,True,"the complex , politically charged tapestry of contemporary chinese life this exciting new filmmaker has brought to the screen",
f9dffc486e0ee287,True,True,True,"consider what new best friend does not have , beginning with the minor omission of a screenplay",
25f342958dd507ea,True,True,True,"walked out muttering words like `` horrible '' and `` terrible ,",
8227032d0fe15c46,True,True,True,spy kids 2 also happens to be that rarity among sequels :,
e9e438a2a2bc0c40,True,True,True,does n't mean it 's good enough for our girls,
a0cd42063bab9a0f,True,True,True,"holofcener 's film offers just enough insight to keep it from being simpleminded , and the ensemble cast is engaging enough to keep you from shifting in your chair too often",
fb274ad095bae5d5,False,True,False,"the storytelling may be ordinary , but the cast is one of those all-star reunions that fans of gosford park have come to assume is just another day of brit cinema .",
d5b7ffd04b6facae,False,False,True,be said for a studio-produced film that never bothers to hand viewers a suitcase full of easy answers,
94460ac8faa72928,True,True,True,one of those exceedingly rare films in which the talk alone is enough to keep us involved .,
1983afb0e41f0443,True,True,True,becomes more and more frustrating as the film goes on,
b390bd76504924f5,False,False,False,"the stars may be college kids , but the subject matter is as adult as you can get : the temptations of the flesh are unleashed by a slightly crazed , overtly determined young woman",
675361f5239c28ea,True,True,True,may as well be called `` jar-jar binks : the movie .,
faba6eb9c0608508,False,False,False,"rent `` shakes the clown '' , a much funnier film with a similar theme and an equally great robin williams performance",
079c6129d3415601,True,False,True,"the movie is hardly a masterpiece , but it does mark ms. bullock 's best work in some time",
2ca62bf9b4bd87d2,True,True,True,the hackneyed story about an affluent damsel in distress who decides to fight her bully of a husband is simply too overdone .,
0a9e70a914c0dcf7,True,True,True,found the perfect material with which to address his own world war ii experience in his signature style,
b6ad1f86ad7c9b4d,True,True,True,"it 's nice to see piscopo again after all these years ,",
74e5b1cc55e61232,True,True,True,the magic ( and original running time ) of ace japanimator hayao miyazaki 's spirited away survives intact in bv 's re-voiced version .,
94ed11af186c4c22,True,True,True,"it 's been 13 months and 295 preview screenings since i last walked out on a movie , but resident evil really earned my indignant , preemptive departure",
fe84f2b9f8c60261,True,True,True,"that , half an hour in , starts making water torture seem appealing",
13a52758e689cf6c,True,False,True,a film without surprise geared toward maximum comfort and familiarity .,
4d48c9a2f29d4922,True,True,True,"the appeal of the vulgar , sexist , racist humor went over my head or -- considering just how low brow it is --",
4a8fb4d13f8f02af,True,True,True,this movie has the usual impossible stunts ... but it has just as many scenes that are lean and tough enough to fit in any modern action movie .,
a0a9b93a3313f707,True,True,True,it manages to maintain both a level of sophisticated intrigue and human-scale characters that suck the audience in .,
e4630464b0dfacac,True,True,True,better acted -- and far less crass - than some other recent efforts in the burgeoning genre of films about black urban professionals,
6251d6fdcfcdc86d,True,True,True,need to be invented to describe exactly how bad it is .,
8a8eee7e672f606f,True,True,True,"the blair witch formula for an hour , in which we 're told something creepy and vague is in the works",
735881d738bb58c2,True,True,True,there are many definitions of ` time waster ' but,
88279dce9d9aa715,True,True,True,"writer-director randall wallace has bitten off more than he or anyone else could chew , and",
dc7d432d27f4a0c1,True,True,True,take this film at face value and enjoy its slightly humorous and tender story,
ce3fa79e57c29ea5,True,True,True,"is not only a pianist , but a good human being",
b5673c0a53e1f2e2,True,True,True,"the direction has a fluid , no-nonsense authority , and",
4025347c4f95f348,True,True,True,"a pretty funny movie , with most of the humor coming , as before , from the incongruous but chemically perfect teaming of crystal and de niro",
c9de193a55f2f550,True,True,True,is an inexpressible and drab wannabe looking for that exact niche .,
43e3584bd9c0e147,True,True,True,", the movie bogs down in rhetoric and cliché .",
2a0025d3cfbe57ba,False,True,False,... the maudlin way its story unfolds suggests a director fighting against the urge to sensationalize his material .,
b565527d3e700472,True,True,True,"a confluence of kiddie entertainment , sophisticated wit and symbolic graphic design",
69ebe241b53b5550,True,True,True,"compared to the movie 's contrived , lame screenplay and listless direction",
4a80d1c1d7cbc1e3,True,True,True,"repetitively stretched out to feature length , awash in self-consciously flashy camera effects , droning house music and flat , flat dialogue",
7584ee19051efc57,True,True,True,what makes dover kosashvili 's outstanding feature debut so potent,
9c607f3fb5e08131,False,False,False,every individual will see the movie through the prism of his or her own beliefs and prejudices,
3c6ee7378a868c97,True,True,True,even those with an avid interest in the subject will grow impatient,
595a833137c46bde,True,True,True,"pretty much sucks , but has a funny moment or two .",
1b6396f2772dff7e,True,True,True,"is suspenseful and ultimately unpredictable , with a sterling ensemble cast .",
6f5e28fce327f31c,True,True,True,is one of the rare directors who feels acting is the heart and soul of cinema,
812ac17830ca6aba,True,True,True,"it 's so poorly made , on all levels , that it does n't even qualify as a spoof of such",
4f298fe4738f890e,False,False,False,"moving in many directions as it searches ( vainly , i think ) for something fresh to say",
2a44e1ab189c5a57,True,False,False,been hyped to be because it plays everything too safe,
dd7f5cd0da9fc94d,True,True,True,paced at a speed that is slow to those of us in middle age and,
4067be5523e84f99,True,True,True,there are rich veins of funny stuff in this movie,
81276eed13623948,True,True,True,its unflinching gaze a measure of faith in the future,
db980c6c131f2955,True,True,True,on the awkward interplay and utter lack of chemistry between chan and hewitt,
9dd52598898a1822,False,True,True,"sure , it 's contrived and predictable , but its performances are so well tuned that the film comes off winningly , even though it 's never as solid as you want it to be .",
158a86523bcafb22,True,True,True,the dubious distinction of being a really bad imitation of the really bad blair witch project,
a4da986242d3ed28,True,True,True,"an interesting story of pointed personalities , courage , tragedy and the little guys vs. the big guys",
1421afaa7eb07c05,True,True,True,is a warm and well-told tale of one recent chinese immigrant 's experiences in new york city,
34467219eb018ec5,True,True,True,a central plot that 's peppered with false starts and populated by characters who are nearly impossible to care about,
eb6e1d63ffee18b0,True,True,True,this family film sequel is plenty of fun for all .,
b7489a50630d5c99,True,True,True,clare peploe 's airless movie adaptation could use a little american pie-like irreverence .,
ef8bfd6a3fe1cbbe,True,True,True,"in this poor remake of such a well loved classic , parker exposes the limitations of his skill and the basic flaws in his vision . '",
2929b1a74918a2ae,True,True,True,if i could have looked into my future and saw how bad this movie was,
94c791843c73ee4d,True,True,True,that 's suitable for all ages -- a movie that will make you laugh,
e6facebddbeb9052,False,True,False,"boll uses a lot of quick cutting and blurry step-printing to goose things up ,",
653313b2c0dfb2f3,True,True,True,the ease with which it integrates thoughtfulness and pasta-fagioli comedy,
5964c96ea0175556,True,False,True,"candy-coat with pat storylines , precious circumstances and beautiful stars",
aceb709759796352,True,True,True,"richard pryor mined his personal horrors and came up with a treasure chest of material ,",
bddec1a126ed5cdf,True,True,True,some remarkable achival film about how shanghai ( of all places ),
9b0b1b3494468e21,True,True,True,"whereas oliver stone 's conspiracy thriller jfk was long , intricate , star-studded and visually flashy , interview with the assassin draws its considerable power from simplicity .",
431a04cc3f780225,True,True,True,... turns so unforgivably trite in its last 10 minutes that anyone without a fortified sweet tooth will likely go into sugar shock .,
75ddd31c978c84c6,True,True,True,two fatal ailments -- a dearth of vitality and a story that 's shapeless and uninflected,
cb770ee392cd4f95,True,True,True,"a remake by the numbers , linking a halfwit plot to a series of standup routines in which wilson and murphy show how funny they could have been in a more ambitious movie",
5e104adf828c58eb,True,True,True,"that while cleverly worked out , can not overcome blah characters",
64dc5aec302b8de3,True,True,True,the film chimes in on the grieving process and strangely draws the audience into the unexplainable pain and eccentricities that are attached to the concept of loss .,
7aef6a4ac11af44e,True,True,True,"forewarned , if you 're depressed about anything before watching this film",
b135aabf4cbc6337,True,True,True,", clumsily staged violence overshadows everything , including most of the actors .",
51259003f8ccf950,True,True,True,one of the most high-concept sci fi adventures attempted for the screen,
89f99ec63d040a42,True,True,True,", this is a remarkably accessible and haunting film .",
b4ac167929b23abb,True,True,True,blue crush thrillingly uses modern technology to take the viewer inside the wave .,
360aa0f90a089eb3,True,True,True,"confirms lynne ramsay as an important , original talent in international cinema",
b3d294dcbc87d39e,True,True,True,the santa clause 2 's plot may sound like it was co-written by mattel executives and lobbyists for the tinsel industry .,
67dbfad16613b9cc,True,True,True,"of the cleverest , most deceptively amusing comedies of the year",
b6bd42d239234219,True,True,True,"green is ) the comedy equivalent of saddam hussein , and i 'm just about ready to go to the u.n. and ask permission for a preemptive strike .",
55f3a3f13a35163b,True,True,True,"kwan is a master of shadow , quietude , and room noise , and",
904ec01d48639cab,True,True,True,excels as the enigmatic mika and anna mouglalis is a stunning new young talent in one of chabrol 's most intense psychological mysteries,
bcdae5844ea4a975,True,True,True,that is not even as daring as john ritter 's glory days on three 's company,
667ccb6d43c92e1c,True,True,True,"interesting cinematic devices ( cool visual backmasking ) , a solid cast , and",
6eae94f7173ec447,True,True,True,the film is an oddly fascinating depiction of an architect of pop culture,
7f0e6ae22da6ec0a,True,True,True,'' derrida is an undeniably fascinating and playful fellow .,
6a827966172800f5,True,False,True,that washington most certainly has a new career ahead of him,
4e4ed183824283b7,True,True,True,"the result , however well-intentioned , is ironically just the sort of disposable , kitchen-sink homage that illustrates why the whole is so often less than the sum of its parts in today 's hollywood .",
7671cb8f0fefc459,True,True,True,deserves the dignity of an action hero motivated by something more than franchise possibilities,
470366c1947d1fb9,True,True,True,"'s as if solondz had two ideas for two movies , could n't really figure out how to flesh either out",
8af00f93c0c924c0,True,True,True,another boorish movie from the i-heard-a-joke - at-a-frat-party school of screenwriting .,
a8b99be30094a347,True,True,True,seemingly a vehicle to showcase the canadian 's inane ramblings,
0591d66b5b484de3,False,False,True,a riot to see rob schneider in a young woman 's clothes,
55ae1af80cfa787e,True,True,True,"a genuinely funny ensemble comedy that also asks its audience -- in a heartwarming , nonjudgmental kind of way -- to consider what we value in our daily lives",
6fe76feffe860d14,True,True,True,"the most opaque , self-indulgent and just plain goofy an excuse for a movie as you can imagine",
dab2967d086b7c36,True,True,True,"both an admirable reconstruction of terrible events , and a fitting memorial to the dead of that day , and of the thousands thereafter .",
00890a16665e2b1e,True,True,True,"her own screenplay , jumps to the head of the class of women 's films that manage to avoid the ghetto of sentimental chick-flicks by treating female follies with a satirical style",
72c9848db03f2b18,True,True,True,"the charm of the first movie is still there , and the story feels like the logical , unforced continuation of the careers of a pair of spy kids",
1f0e899f7dc9698e,True,True,True,avoids the cartoonish clichés and sneering humor of the genre as it provides a fresh view of an old type,
0334d566c0320472,True,True,True,fred schepisi 's film is paced at a speed that is slow to those of us in middle age and deathly slow to any teen .,
a1e528b2cb72a36d,True,True,True,humor and a heartfelt conviction to tell a story about discovering your destination in life,
7e813a38d31bab3b,True,True,True,"a completely honest , open-hearted film that should appeal to anyone willing to succumb to it",
b8f018573f7e4fcf,False,True,True,understated performances of ( jack nicholson 's ) career .,
f979e8766cdb6569,True,True,True,"is terrific , bringing an unforced , rapid-fire delivery to toback 's heidegger - and nietzsche-referencing dialogue .",
18d0f6a385edf501,True,True,True,notorious c.h.o. hits all the verbal marks it should .,
d13903528aad55e7,True,True,True,we do get the distinct impression that this franchise is drawing to a close .,
c7d0d88fc86aacbe,True,True,True,"the movie attempts to mine laughs from a genre -- the gangster/crime comedy -- that wore out its welcome with audiences several years ago , and its cutesy reliance on movie-specific cliches is n't exactly endearing",
6c9d5ba4520a4c2f,True,True,True,", you 're definitely convinced that these women are spectacular .",
0257171eedec6ad2,True,False,True,tends to place most of the psychological and philosophical material in italics rather than trust an audience 's intelligence,
6af439fc3bd400d6,True,True,True,should be used to burn every print of the film,
f19932458bf57a1f,True,True,True,no amount of good acting is enough to save oleander 's uninspired story .,
cd3b8dd631973fed,True,True,True,"in its dry and forceful way , it delivers the same message as jiri menzel 's closely watched trains and danis tanovic 's no man 's land .",
39daf9a5ed9a9285,True,True,True,"is a fast , frenetic , funny , even punny 6 -- aimed specifically at a grade-school audience .",
ade50c79a9224a07,True,True,True,"hits every cliche we 've come to expect , including the assumption that `` crazy '' people are innocent , childlike and inherently funny",
b4ab4e6609491b2c,False,True,True,wo n't feel cheated by the high infidelity of unfaithful .,
f3aea2d7e1c06363,True,True,True,"of manipulation , an exploitation piece doing its usual worst to guilt-trip parents",
64064f463a4bcded,True,True,True,is to skip the film and pick up the soundtrack,
c05972e841a26a09,True,True,True,this gorgeous film a must for everyone from junior scientists to grown-up fish lovers,
7c817745b8677b5b,True,True,True,"beautifully crafted and brutally honest , promises offers an unexpected window into the complexities of the middle east struggle and into the humanity of its people .",
72846899ca10ff44,True,True,True,is a greater attention to the parents -- and particularly the fateful fathers -- in the emotional evolution of the two bewitched adolescents .,
5470a8bc1101747e,True,True,True,"the kids in the audience at the preview screening seemed bored , cheering the pratfalls but little else",
41d2e610b1fb41aa,True,True,True,have ransacked every old world war ii movie for overly familiar material,
a96297f798ca0fb2,True,True,True,"petter næss ' delicate , clever direction ... and a wonderful , imaginative script",
dc9e978e161fe7ba,True,True,True,if any of them list this ` credit ' on their resumes in the future,
031517c84fdd8458,True,True,True,"to filming the teeming life on the reefs , making this gorgeous film a must for everyone from junior scientists to grown-up fish lovers",
9c54fbf3375893ba,True,True,False,the soul of a man in pain who gradually comes to recognize it and deal with it,
61fe996b6784570f,True,True,True,every member of the ensemble has something fascinating to do,
f90be95020e64a02,True,True,True,"i 'm sure the filmmakers found this a remarkable and novel concept , but anybody who has ever seen an independent film can report that it is instead a cheap cliché",
23c2e662d7e96757,True,True,True,"ride for the kiddies , with enough eye candy and cheeky wit to keep parents away from the concession stand .",
79c2be33eab8f777,True,True,True,"i 've had more interesting -- and , dare i say , thematically complex -- bowel movements than this long-on-the-shelf , point-and-shoot exercise in gimmicky crime drama .",
a1c72767277b6706,True,True,True,"not only is entry number twenty the worst of the brosnan bunch , it 's one of the worst of the entire franchise .",
eca020a3923712b2,True,True,True,"her film is like a beautiful food entrée that is n't heated properly , so that it ends up a bit cold and relatively flavorless .",
ec9ce6433b16fc88,False,False,False,this is n't a stand up and cheer flick ; it 's a sit down and ponder affair .,
f970052f376c629d,True,True,False,it 's light on the chills and heavy on the atmospheric weirdness,
e8cadedbb65b0639,True,True,True,'s a great performance and a reminder of dickens ' grandeur .,
29261d93d6edd9dc,True,True,True,"is an interesting story of pointed personalities , courage , tragedy and the little guys vs. the big guys",
90bbc82d655466a2,True,True,True,"the reality of the new live-action pinocchio he directed , cowrote and starred in borders on the grotesque .",
c5bbc944240e5f9f,True,True,True,'s enough cool fun here to warm the hearts of animation enthusiasts of all ages .,
d61a3fce0b1304a4,True,True,True,the movie does n't generate a lot of energy .,
3702dc77b5863723,True,True,True,"despite lagging near the finish line , the movie runs a good race , one that will have you at the edge of your seat for long stretches . '",
bbd6d4e0da7812f6,True,True,True,the party favors to sober us up with the transparent attempts at moralizing,
2c839cc7dab28696,True,True,True,"a naturally funny film , home movie makes you crave chris smith 's next movie .",
2a2b245cf721ce0e,True,True,True,is little else to recommend `` never again . '',
d614ec129a6cc05f,True,True,True,"... the story is far-flung , illogical , and plain stupid .",
768fc1c7996f7567,True,True,True,work better as a real documentary without the insinuation of mediocre acting or a fairly trite narrative,
86c5c75637c8c311,True,True,True,"not a film for the faint of heart or conservative of spirit , but for the rest of us -- especially san francisco lovers --",
78b01ddbb9741943,True,True,True,"... the movie is too heady for children , and too preachy for adults .",
3f55ab215a2941af,True,True,True,a literary detective story is still a detective story and aficionados of the whodunit wo n't be disappointed .,
6e0c2c5f9c919e3a,True,True,False,"as pure over-the-top trash , any john waters movie has it beat by a country mile .",
f8d6aefb38c69971,False,False,False,an unusual biopic and document of male swingers in the playboy era,
7821b7bc747ab735,False,False,False,pass without reminding audiences that it 's only a movie,
afff2bcf395d5a7d,True,True,True,shot like a postcard and overacted with all the boozy self-indulgence that brings out the worst in otherwise talented actors,
e25cf461b7991537,False,False,False,boll uses a lot of quick cutting and blurry step-printing to goose things up,
c8e24011d09ba59d,True,True,True,returning director rob minkoff ... and screenwriter bruce joel rubin ... have done a fine job of updating white 's dry wit to a new age .,
0adede264863e92f,True,True,True,"martin and barbara are complex characters -- sometimes tender , sometimes angry -- and the delicate performances by sven wollter and viveka seldahl make their hopes and frustrations vivid .",
9f6ee22ea60fbfe4,False,False,False,ponder the peculiar american style of justice that plays out here,
bf5a16c0efe6991d,True,True,True,", it 's black hawk down with more heart .",
a208ccb751594569,True,True,True,yearning for adventure and a chance to prove his worth,
e20d3118e806a1b7,True,True,True,"feels secondhand , familiar -- and not in a good way",
8f23ee32af6c0ed2,True,True,True,"spectacular in every sense of the word , even if you don ' t",
4f0060a271e8ed7b,True,True,True,some of the magic we saw in glitter here in wisegirls,
33fec7bd77fab7ca,True,True,True,"is a dark , gritty , sometimes funny little gem .",
5d71c2fa15981d5a,True,True,True,that not only would subtlety be lost on the target audience,
d801c82778f2abb0,True,False,False,that captures the innocence and budding demons within a wallflower,
9b3c92b97dadf23f,True,True,True,"hopefully , sets the tone for a summer of good stuff",
508f23078def54e2,True,True,True,"some body often looks like an episode of the tv show blind date , only less technically proficient and without the pop-up comments .",
713d81fc0777b631,True,True,True,'s refreshing that someone understands the need for the bad boy,
77ab6dadf570d7f2,True,True,True,to have forgotten everything he ever knew about generating suspense,
b12b3d9d30f57e75,True,True,True,imagine susan sontag falling in love with howard stern .,
0adcf4810192395c,True,True,True,"as well-written as sexy beast , not as gloriously flippant as lock , stock and two smoking barrels , but stylish and moody and exceptionally well-acted .",
6b2f040b20338780,True,False,True,"to a new scene , which also appears to be the end",
b6779c2c169c73b6,True,True,True,", this clever and very satisfying picture is more accurately chabrolian .",
b448ab9af9716751,True,True,True,actually seem to understand what made allen 's romantic comedies so pertinent and enduring,
f34ae944b72a9143,True,True,True,allows his cast members to make creative contributions to the story and dialogue .,
1d3a3ce0b28ba246,True,True,True,the modern remake of dumas 's story is long on narrative and ( too ) short on action .,
91632c53761ac00e,True,True,True,puts a refreshing and comical spin on the all-too-familiar saga of the contemporary single woman .,
9ba6bcf108443b73,True,True,True,are no less a menace to society than the film 's characters .,
a0c9caad37cf8f61,False,False,False,is less concerned with cultural and political issues than doting on its eccentric characters .,
caedd4f9041787f6,True,True,True,allows his cast the benefit of being able to give full performances ... while demonstrating vividly that the beauty and power of the opera reside primarily in the music itself,
b39df0abaa3d6ed2,True,True,True,"creates a drama with such a well-defined sense of place and age -- as in , 15 years old -- that the torments and angst become almost as operatic to us as they are to her characters",
428c33ebc23348d6,True,True,True,"of suspense , intriguing characters and bizarre bank robberies , plus a heavy dose of father-and-son dynamics",
4e6f76a3564d069f,True,True,True,who does n't understand the difference between dumb fun and just plain dumb,
93c73e3326427b35,False,True,True,", future lizard endeavors will need to adhere more closely to the laws of laughter",
7e6ab7657745c0c5,True,True,True,imposter makes a better short story than it does a film,
78d9b7bc2b7b63b8,True,True,True,the charm of kevin kline and a story that puts old-fashioned values under the microscope,
e9a253f0130aabd6,True,True,True,"ask people to sit still for two hours and change watching such a character , especially when rendered in as flat and impassive a manner as phoenix 's",
19af1cfbb04824f9,True,True,True,more dutiful than enchanting ... terribly episodic and lacking the spark of imagination that might have made it an exhilarating,
62baa3358c576888,True,True,True,"even on its own ludicrous terms , the sum of all fears generates little narrative momentum , and invites unflattering comparisons to other installments in the ryan series .",
57548750605fe3f8,True,True,True,seem to understand what made allen 's romantic comedies so pertinent and enduring,
f37e0cd66d5a9b1d,True,True,True,grab your kids and run and then probably call the police,
7315d2ccc62928b9,True,True,True,"please , someone , stop eric schaeffer before he makes another film .",
8e48911207f5194b,True,True,True,shows us a slice of life that 's very different from our own and yet instantly recognizable .,
85f6c587f0e4dd32,True,True,True,"`` bad '' is the operative word for `` bad company , ''",
054e94f3e5547782,True,True,True,allows his cast the benefit of being able to give full performances ...,
c111fea903ec6813,True,True,True,quite possibly the sturdiest example yet of why the dv revolution has cheapened the artistry of making a film,
ae4c2e0736f199a0,True,True,True,first-time director denzel washington and a top-notch cast manage to keep things interesting .,
8d77354985b35e35,True,True,True,imagine anybody ever being `` in the mood '' to view a movie as harrowing and painful as the grey zone,
5a469a8746f22446,True,False,True,"there 's a plethora of characters in this picture , and not one of them is flat",
f7071f6a2dae3eb6,False,False,True,`` gory mayhem '' is your idea of a good time,
d412ccf706095d67,True,False,True,is a movie that makes it possible for the viewer to doze off for a few minutes or make several runs to the concession stand and/or restroom and not feel as if he or she has missed anything .,
7d187d273c28bae8,True,True,True,"it 's sweet and fluffy at the time , but",
2560ecc76aeb7675,True,True,True,provides the drama that gives added clout to this doc,
160c49334f22dc64,True,False,True,"the movie ends with outtakes in which most of the characters forget their lines and just utter ` uhhh , ' which is better than most of the writing in the movie .",
a6f2fee2e779d303,True,True,True,plays like a series of vignettes -- clips of a film that are still looking for a common through-line .,
97d64c6c16a1b286,True,True,True,"good action , good acting , good dialogue , good pace",
7e082a3f0b5c5260,True,True,True,flailing around in a caper that 's neither original nor terribly funny,
71c8706cfe9a3afa,False,False,False,"is truly funny , playing a kind of ghandi gone bad .",
d3ae4bf64d44b608,True,True,True,is sure to raise audience 's spirits and leave them singing long after the credits roll,
c20f8407b7c8209c,True,True,True,love is the great equalizer that can calm us of our daily ills and bring out joys in our lives that we never knew,
b5e26a5e7e91dc74,True,True,True,those decades-spanning historical epics that strives to be intimate and socially encompassing but fails to do justice to either effort in three hours of screen time,
86e452f1d0e7980c,True,True,True,"if you 're as happy listening to movies as you are watching them , and the slow parade of human frailty fascinates you , then you 're at the right film .",
bd48755dc30fb85d,True,True,True,"if the enticing prospect of a lot of nubile young actors in a film about campus depravity did n't fade amid the deliberate , tiresome ugliness",
ed4bde5fefa91b4c,True,True,True,that is more complex and honest than anything represented in a hollywood film,
1fddae21b4e76f98,False,False,True,'ll keep you wide awake and ... very tense .,
a80056ec12331ae6,False,False,True,"of an historical episode that , in the simple telling , proves simultaneously harrowing and uplifting",
5dca1e86efa0ab47,True,True,True,"ford and neeson capably hold our interest , but its just not a thrilling movie",
cf8baba848667701,False,False,False,what it was that made the story relevant in the first place,
5154c563986bab95,True,True,True,is a film tailor-made for those who when they were in high school would choose the cliff-notes over reading a full-length classic,
52bb9d0f4566ef4c,True,True,True,"it 's sweet and fluffy at the time , but it may leave you feeling a little sticky and unsatisfied .",
9166332779630b13,True,True,True,", e.t. is carried less by wow factors than by its funny , moving yarn that holds up well after two decades .",
50e1d06dc02ae445,True,True,True,"sort the bad guys from the good , which is its essential problem",
c4b147def47bcfe6,True,True,True,", we do n't feel much for damon/bourne or his predicament",
f6b2960dda80ca5f,True,True,True,a subject like this should inspire reaction in its audience ; the pianist does not .,
1fdaaf23b26ad5b5,True,False,True,"made to be jaglomized is the cannes film festival , the annual riviera spree of flesh , buzz , blab and money .",
2e4b01bb4a07d6a7,True,True,True,the sheer joy and pride they took in their work -- and in each other -- shines through every frame .,
931517c9b68211e3,True,True,True,the emotional overload of female angst irreparably drags the film down .,
5d354a7be00bc9c5,True,True,True,that should be relegated to a dark video store corner,
3fbbbadca665d4b9,True,True,True,"more busy than exciting , more frantic than involving , more chaotic than entertaining .",
4850cace911b5292,True,True,True,believe that people have lost the ability to think and will forgive any shoddy product as long as there 's a little girl-on-girl action,
336b2247b36bd7fe,True,True,True,"sustains its dreamlike glide through a succession of cheesy coincidences and voluptuous cheap effects , not the least of which is rebecca romijn-stamos .",
c18fa220e30461c1,True,True,True,the work of a filmmaker who has secrets buried at the heart of his story and knows how to take time revealing them .,
d4359966add097ba,True,True,True,"in execution , this clever idea is far less funny than the original , killers from space .",
f6e0c95e2653f767,True,True,True,"belongs to daniel day-lewis as much as it belongs to martin scorsese ; it 's a memorable performance in a big , brassy , disturbing , unusual and highly successful film .",
8106c4aab419e508,True,True,True,"this filmed tosca -- not the first , by the way -- is a pretty good job , if it 's filmed tosca that you want .",
684b381ace3b893f,True,True,True,"see familiar issues , like racism and homophobia , in a fresh way",
d99c513b9e11231d,True,False,True,of new york 's finest and a nicely understated expression of the grief,
863d0a23d369049b,True,True,True,like a milquetoast movie of the week blown up for the big screen,
b4739ade53edf8d5,True,True,True,"a glorified sitcom , and a long , unfunny one at that",
80ba60c2d2df0a0d,False,False,True,"a riveting profile of law enforcement , and a visceral , nasty journey into an urban hades",
878da8c1ff13854a,True,True,True,"this hastily mounted production exists only to capitalize on hopkins ' inclination to play hannibal lecter again , even though harris has no immediate inclination to provide a fourth book .",
2d76528e5d32e250,True,True,True,there are just too many characters saying too many clever things and getting into too many pointless situations .,
01c76769f1ee79eb,True,False,True,"sounds , but strikes a tone that 's alternately melancholic , hopeful and strangely funny",
86a26f78b2e8794c,True,True,True,makes us watch as his character awakens to the notion that to be human is eventually to have to choose,
a763a10e8251094b,True,True,True,we would pay a considerable ransom not to be looking at,
3db23d713265568b,True,True,True,to distance it from the pack of paint-by-number romantic comedies,
c02abf29232520ce,True,True,True,", is pleasant , diverting and modest -- definitely a step in the right direction .",
3acc432bdcec8f76,True,True,True,"much about the film , including some of its casting",
6b3a7021c0fc0448,True,True,False,should have been the be-all-end-all of the modern-office anomie films .,
3fe8bf70fc553fd3,True,True,True,"it 's a film that 's destined to win a wide summer audience through word-of-mouth reviews and , not far down the line , to find a place among the studio 's animated classics .",
b22e95a526790b15,True,True,True,"the actors ' perfect comic timing and sweet , genuine chemistry",
7d651f8ff7c002cf,True,True,True,"demonstrates that werner herzog can still leave us with a sense of wonder at the diverse , marvelously twisted shapes history has taken",
686ddeb2046c5e43,True,True,True,"`` the dangerous lives of altar boys '' has flaws ,",
a20fa83e05f1acf4,False,False,True,", this nervy oddity , like modern art should .",
dd837cc8e96a9ad8,True,True,True,'' loses its overall sense of mystery and becomes a tv episode rather than a documentary that you actually buy into .,
e4d3c073a8d1784b,False,False,True,"derivative , overlong , and bombastic -- yet surprisingly entertaining",
6a913c83f9974df9,True,True,True,"when he is not more lucratively engaged in the shameless self-caricature of ` analyze this ' ( 1999 ) and ` analyze that , ' promised ( or threatened ) for later this year",
50bd2dcd5cb0d993,True,True,True,", steven shainberg 's adaptation of mary gaitskill 's harrowing short story ... is a brilliantly played , deeply unsettling experience .",
73faf359472dc9a0,True,True,True,"gets close to the chimps the same way goodall did , with a serious minded patience , respect and affection .",
88f5ef96e10e1003,True,True,True,tries so hard to be quirky and funny that the strain is all too evident .,
dbed5a27c4ebdae8,True,False,True,weaves both the elements of the plot and a powerfully evocative mood combining heated sexuality with a haunting sense of malaise .,
efbf969e7257cffc,True,True,True,a raunchy and frequently hilarious follow-up to the gifted korean american stand-up 's i 'm the one that i want .,
2c2ded5ef2ce901a,True,True,False,to make up for the ones that do n't come off,
b92a08cb16499291,True,True,True,manages to squeeze by on angelina jolie 's surprising flair for self-deprecating comedy .,
c30fc46e47a75d89,True,True,True,the type of dumbed-down exercise in stereotypes that gives the ( teen comedy ) genre a bad name .,
d9c169e6ad3906ca,True,True,True,are about a half dozen young turks angling to see how many times they can work the words `` radical '' or `` suck '' into a sentence,
3c06a5d05850fabb,True,True,True,a man whose engaging manner and flamboyant style made him a truly larger-than-life character,
665d6482af314e98,True,True,True,"an often watchable , though goofy and lurid , blast of a costume drama set in the late 15th century .",
4c71e371435103f2,True,True,True,a whale of a good time for both children and parents,
d6730c214f4fc95d,True,True,True,goes where you expect and often surprises you with unexpected comedy,
050eaea0fd485330,True,True,False,to imagine that even very small children will be impressed by this tired retread,
3e559cfb1e40a7d5,True,True,True,"the one-liners are snappy , the situations volatile and the comic opportunities richly rewarded",
e78b1e14b9cea84e,True,True,True,"the movie is concocted and carried out by folks worthy of scorn ,",
a5763bffe6c13fe3,True,False,True,a film that is an undeniably worthy and devastating experience,
832895220a5c413d,True,True,True,", director robert j. siegel allows the characters to inhabit their world without cleaving to a narrative arc .",
9d368c439507c7ac,True,True,True,having had all its vital essence scooped out and discarded,
0d3c13377af85887,True,False,True,"being lectured to by tech-geeks , if you 're up for that sort of thing",
9b54b1c2fbc61c38,True,True,True,"does n't really know or care about the characters ,",
401459f47198b1ed,True,False,True,edward burns ' sidewalks of new york look like oscar wilde,
6713cbfd364c322f,True,True,True,"the connected stories of breitbart and hanussen are actually fascinating ,",
9fd07695e4a93ebd,False,False,False,an effective portrait of a life in stasis -- of the power of inertia to arrest development in a dead-end existence,
cf53ae8fab2e1b54,True,False,True,seem as long as the two year affair which is its subject,
b868c84de90ca4f5,True,True,True,"a pretty funny movie , with most of the humor",
10c552ab6fdf8938,True,True,True,"a graceful , moving tribute to the courage of new york 's finest and a nicely understated expression of the grief",
de6b65f796123b8b,True,True,True,the art direction and costumes are gorgeous and finely detailed,
ac20becd6e08ce30,False,False,False,"kids do n't mind crappy movies as much as adults , provided there 's lots of cute animals and clumsy people .",
761bf5cd1da94299,True,True,True,"where uptight , middle class bores like antonia can feel good about themselves",
49c0ce3250918972,False,True,False,"more concerned with overall feelings , broader ideas , and open-ended questions than concrete story and definitive answers",
d6aee96f77da3a02,False,False,False,it 's just a movie that happens to have jackie chan in it .,
bf43f69e390bced6,True,True,True,insightful enough to be fondly remembered in the endlessly challenging maze of moviegoing,
6e5977bcc80edc7b,True,True,True,"nair just does n't have the necessary self-control to guide a loose , poorly structured film through the pitfalls of incoherence and redundancy .",
a5d3f24ca5bcad8d,True,True,True,"a film which presses familiar herzog tropes into the service of a limpid and conventional historical fiction , when really what we demand of the director is to be mesmerised .",
ee56511691bcdcc8,True,True,True,a sad and rote exercise in milking a played-out idea -- a straight guy has to dress up in drag -- that shockingly manages to be even worse than its title would imply .,
e867828e69d7cee0,True,True,True,"fails in making this character understandable , in getting under her skin , in exploring motivation ... well before the end , the film grows as dull as its characters , about whose fate it is hard to care .",
d4ba698d828602fe,True,True,True,"try as i may , i ca n't think of a single good reason to see this movie , even though everyone in my group extemporaneously shouted , ` thank you ! '",
d7685138841af6d8,True,True,True,filmmaker stacy peralta has a flashy editing style that does n't always jell with sean penn 's monotone narration,
11461dc612419957,False,False,False,"mounted , exasperatingly well-behaved film , which ticks off kahlo 's lifetime milestones with the dutiful precision of a tax accountant .",
ad05f7a306f9395d,True,True,True,the movie 's blatant derivativeness is one reason it 's so lackluster .,
0e0d638e9faefbb5,True,True,True,work the words `` radical '' or `` suck '',
4160b56e3c00ee0c,True,True,True,be a good match of the sensibilities of two directors,
2687bc8a5492bf3b,True,True,True,"as a good old-fashioned adventure for kids , spirit : stallion of the cimarron is a winner .",
999f754438a65521,True,True,True,failing to compensate for the paper-thin characterizations and facile situations,
30dfbabba3102815,True,True,True,then pay your $ 8 and get ready for the big shear .,
aac42f871f74ce64,True,True,True,take care is nicely performed by a quintet of actresses,
fff1b9b743bc21d5,True,True,True,the cast and crew did n't sign a pact to burn the negative and the script and pretend the whole thing never existed,
5711be76ef29bb73,True,True,True,"the middle and lurches between not-very-funny comedy , unconvincing dramatics and some last-minute action strongly reminiscent of run lola run",
df418eeeed9dcd4f,True,True,True,photographed and staged by mendes with a series of riveting set pieces the likes of which mainstream audiences have rarely seen .,
9298967f8fdcf3a0,True,True,True,outtakes in which most of the characters forget their lines and,
57183c501ffbf25a,True,True,True,"did no one on the set have a sense of humor , or did they not have the nerve to speak up ?",
e9c162b42ea77dcd,True,True,True,is nothing funny in this every-joke-has - been-told-a - thousand-times - before movie,
3db49ae75d3e2acb,False,False,True,"i liked the movie , but i know i would have liked it more if it had just gone that one step further .",
767f53e3842df84c,True,True,True,( seagal 's ) strenuous attempt at a change in expression,
6e8f54a9a6ad79b1,True,True,True,the only belly laughs come from the selection of outtakes tacked onto the end credits,
ef23b4d7133828a2,True,True,True,", the subject matter is so fascinating that you wo n't care .",
47de5c3f1e523fc7,True,True,True,", this cinderella story does n't have a single surprise up its sleeve .",
823213e9a877c49a,True,True,True,admire the film 's stately nature and call it classicism or be exasperated by a noticeable lack of pace,
12844f8b00f72c60,True,True,True,"a cultural wildcard experience : wacky , different , unusual , even nutty .",
7cc9097ef718019c,True,True,True,"i thought the relationships were wonderful , the comedy was funny , and the love ` real '",
24340577496eca08,True,True,True,"it 's as if allen , at 66 , has stopped challenging himself .",
9a5babca7177f625,True,True,True,a skillful filmmaker can impart a message without bludgeoning the audience over the head,
4b8467c86b7bf716,True,True,True,do n't have the slightest difficulty accepting him in the role .,
52fb087158a0bc2f,True,True,True,"it goes on for at least 90 more minutes and , worse , that you have to pay if you want to see it",
2bd44af04cac4d9c,True,True,True,"the re-release of ron howard 's apollo 13 in the imax format proves absolutely that really , really , really good things can come in enormous packages .",
f3accb0bd90cef26,True,True,True,this romantic/comedy asks the question how much souvlaki can you take before indigestion sets in .,
519666fcc43bd402,True,True,True,so much that he refuses to evaluate his own work,
cd59231b3ed67db2,False,False,False,"delivers a powerful commentary on how governments lie , no matter who runs them",
6596e92da01a024f,True,True,True,one that attempts and often achieves a level of connection and concern,
0268d244f90eb5b3,True,True,True,this is more appetizing than a side dish of asparagus .,
8d3736f75325dbaa,True,True,True,the dv revolution has cheapened the artistry of making a film,
b4afabc05e7a75d4,True,True,True,"that even the most jaded cinema audiences will leave the auditorium feeling dizzy , confused , and totally disorientated",
1c9a2c07783c2461,True,True,True,"a sly female empowerment movie , although not in a way anyone would expect .",
2e9c1200a5533146,True,True,True,"( lawrence bounces ) all over the stage , dancing , running , sweating , mopping his face and generally displaying the wacky talent that brought him fame in the first place .",
5cfbfd00406a3774,True,True,True,", this is a film that takes a stand in favor of tradition and warmth .",
772530b58c25ab85,True,True,True,"it still comes from spielberg , who has never made anything that was n't at least watchable",
7bd81053d70cecd1,True,True,True,"'s a movie that ends with truckzilla , for cryin ' out loud",
4f7c26ee27dd2d1c,True,True,True,"the reason to go see `` blue crush '' is the phenomenal , water-born cinematography by david hennings .",
21f81c61dc2e2b35,True,True,True,", and their personalities undergo radical changes when it suits the script",
32c8a9237d10c2f3,True,True,True,"though , there is a really cool bit -- the movie 's conception of a future-world holographic librarian ( orlando jones ) who knows everything and answers all questions , is visually smart , cleverly written , and nicely realized .",
bc8b4d69a1513b4e,True,True,True,it squanders chan 's uniqueness ; it could even be said to squander jennifer love hewitt !,
41646d709e6874d6,True,False,True,classic moral-condundrum drama : what would you have done to survive ?,
ca6b99933d8f4dac,True,True,True,alan and his fellow survivors are idiosyncratic enough to lift the movie above its playwriting 101 premise .,
21df53a35aa1e801,True,True,True,"still , this flick is fun , and host to some truly excellent sequences .",
b4442a795042580f,True,True,True,brazen enough to attempt to pass this stinker off as a scary movie,
fc9a77ea757f0712,False,False,False,find a scathing portrayal of a powerful entity strangling the life out of the people who want to believe in it the most,
d2bdcb421eef535f,True,True,True,was that movie nothing more than a tepid exercise in,
4473f478edd0170a,True,True,True,disreputable doings and exquisite trappings are dampened by a lackluster script and substandard performances .,
5166344a8ab0f03e,True,True,True,for ordinary louts whose idea of exercise is climbing the steps of a stadium-seat megaplex,
74dfa6074397c381,True,True,True,to believe that a life like this can sound so dull,
cccce436e0b296ce,True,True,True,viewers will need all the luck they can muster just figuring out who 's who in this pretentious mess .,
d7f0b77b6259443f,True,True,True,clockstoppers if you have nothing better to do with 94 minutes .,
c63fb058765cdebf,True,True,True,"contains all the substance of a twinkie -- easy to swallow , but scarcely nourishing",
5f6f049b00b57237,False,True,False,will do so in a way that does n't make you feel like a sucker,
0aebda465c6fd112,True,True,True,is an intelligent flick that examines many different ideas from happiness to guilt in an intriguing bit of storytelling .,
96e1523a2cb9caed,True,True,True,encounter than the original could ever have hoped to be,
7a5b8b4b58722b03,True,True,True,a straight-shooting family film which awards animals the respect they 've rarely been given .,
ac0a6bea0757b1f6,True,True,True,"unfortunately , one hour photo lives down to its title .",
c03ee67371fd5eac,True,False,True,heartwarming and gently comic even as the film breaks your heart,
15d0e3ca257a18ad,True,True,True,'s a bad sign in a thriller when you instantly know whodunit,
3ed9cef744fcfd72,True,True,True,humor to cover up the yawning chasm where the plot should be,
8740b2f7213591f7,True,True,True,yet fails to overcome the film 's manipulative sentimentality and annoying stereotypes .,
fc749dc67f9892a6,True,True,True,"of the most complex , generous and subversive artworks of the last decade",
4195cb024f2e3d3d,True,True,True,"( `` safe conduct '' ) is a long movie at 163 minutes but it fills the time with drama , romance , tragedy , bravery , political intrigue , partisans and sabotage .",
6c7e7ce341ac2cde,True,True,True,hard put to find a movie character more unattractive or odorous ( than leon ),
e8d047562e95a0a0,True,True,True,", circuit is the awkwardly paced soap opera-ish story .",
1e6b0dee31da5d52,True,False,True,ends or just ca n't tear himself away from the characters,
efc61b2bf55db1cd,True,True,True,"no worse a film than breaking out , and breaking out was utterly charming .",
5e9bcfb0df24a687,True,True,True,'s notably better acted -- and far less crass - than some other recent efforts in the burgeoning genre of films about black urban professionals,
993cbc8397fb35b8,True,True,True,"'s painful to watch witherspoon 's talents wasting away inside unnecessary films like legally blonde and sweet home abomination , i mean , alabama .",
10f625a5bb1cdca1,True,True,True,"a lovely film ... elegant , witty and beneath a prim exterior unabashedly romantic",
89286036095b1fc4,True,False,True,close to the level of intelligence and visual splendor that can be seen in other films,
b1b9d012dac2b8bc,True,True,True,"compared to his series of spectacular belly flops both on and off the screen , runteldat is something of a triumph .",
78c0931f45cb4f5a,True,True,True,in watching the resourceful molly stay a step ahead of her pursuers,
97eeddc565a80575,True,True,True,"is populated by whiny , pathetic , starving and untalented artistes",
972517074ada1e75,True,True,True,"it gives poor dana carvey nothing to do that is really funny , and then expects us to laugh because he acts so goofy all the time",
847cd12ce471bf74,True,True,True,a comedian who starts off promisingly but then proceeds to flop,
fe6d958296a8176e,True,True,True,billy crystal and robert de niro sleepwalk through vulgarities in a sequel you can refuse .,
eeb82c9cb5ca2434,True,True,True,it 's the filmmakers ' post-camp comprehension of what made old-time b movies good-bad that makes eight legged freaks a perfectly entertaining summer diversion .,
fb72f131249a049f,False,False,True,"writer/director dover kosashvili takes a slightly dark look at relationships , both sexual and kindred .",
63c7660891a39fe8,True,True,True,"some people march to the beat of a different drum , and if you ever wondered what kind of houses those people live in , this documentary takes a look at 5 alternative housing options",
3d739717446ac022,True,True,True,"attal 's hang-ups surrounding infidelity are so old-fashioned and , dare i say , outdated",
bbc8cc638afbe2a0,True,True,True,is a festival film that would have been better off staying on the festival circuit,
74127607d6abf59a,False,False,False,a chilling tale of one of the great crimes of 20th century france : the murder of two rich women by their servants in 1933 .,
35339a0e5f53efbe,True,True,True,do well to check this one out because it 's straight up twin peaks action,
dc900dbf343401bc,True,True,True,a film with a great premise but only a great premise,
b7f95c99cd57bd34,True,True,True,this is rote drivel aimed at mom and dad 's wallet .,
5189b012270a9ef0,True,True,True,"he comes across as shallow and glib though not mean-spirited , and there 's no indication that he 's been responsible for putting together any movies of particular value or merit",
b751e1bf3c5ff723,True,False,True,you 've seen a movie instead of an endless trailer,
0e0c3c59cf7598ad,True,True,True,the only young people who possibly will enjoy it are infants ... who might be distracted by the movie 's quick movements and sounds .,
1b87a44076e7ea00,True,True,True,blessed with a searing lead performance by ryan gosling ( murder by numbers ),
fd6c14d2a391174d,True,True,False,be excited that it has n't gone straight to video ?,
24c6cee7c453f28d,False,False,False,"a film really has to be exceptional to justify a three hour running time ,",
9b631c6507c07f89,True,True,True,"'s a powerful though flawed movie , guaranteed to put a lump in your throat while reaffirming washington as possibly the best actor working in movies today",
80ce1aaac8934e6f,True,True,True,"offers much to enjoy ... and a lot to mull over in terms of love , loyalty and the nature of staying friends .",
2632e417b3cf80d0,True,True,True,to take this film at face value and enjoy its slightly humorous and tender story,
0b3adcddd028665c,True,True,True,"of absurd plot twists , idiotic court maneuvers and stupid characters",
c7f472e7c70b021f,True,True,True,"to a satisfying complete picture of this particular , anciently demanding métier",
220159760afcd39d,True,True,True,`` ... something appears to have been lost in the translation this time .,
e88630c756727180,True,True,True,a journey that is as difficult for the audience to take as it is for the protagonist -- yet it 's potentially just as rewarding,
a3801aed62748abc,True,True,True,"treats his audience the same way that jim brown treats his women -- as dumb , credulous , unassuming , subordinate subjects .",
47cf5564beacd43c,True,True,True,is more like something from a bad clive barker movie,
0de8165b38da3aa4,True,True,True,"costner 's warm-milk persona is just as ill-fitting as shadyac 's perfunctory directing chops ,",
2eaebcbe2d6ef541,True,True,True,it seems so real because it does not attempt to filter out the complexity,
b18cb7aa965ad61d,True,True,True,she of the impossibly long limbs and sweetly conspiratorial smile,
caffc67324622e7f,True,True,True,"it is ok for a movie to be something of a sitcom apparatus , if the lines work , the humor has point and",
132c2c7b2785eb16,False,True,False,that ( jaglom ) pursued with such enervating determination in venice/venice,
cbc1b1248ed269b9,True,True,True,"is supposed to be , but ca n't really call it a work of art",
a569cc97eb0c4f98,True,True,True,"a zombie movie in every sense of the word -- mindless , lifeless , meandering , loud , painful , obnoxious",
239fb4c96678b837,False,True,False,the mothman prophecies is best when illustrating the demons bedevilling the modern masculine journey .,
7636738cf355bf1c,True,True,True,was able to overcome his personal obstacles and become a good man,
1a8c19d892dddd98,True,True,True,to narrative filmmaking with a visually masterful work of quiet power,
3fc6a19fabf720e7,True,True,True,two men who discover what william james once called ` the gift of tears,
90a06e08a5e24b28,True,True,True,( f ) rom the performances and the cinematography to the outstanding soundtrack and unconventional narrative,
e34b96e0e8dd430c,True,True,True,"is that rare animal known as ' a perfect family film , '",
d759942f0a9f1a3b,True,True,True,out ballsy and stylish but fails to keep it up and settles into clichés .,
918ff081e0fcb37a,True,True,True,", miller eloquently captures the moment when a woman 's life , out of a deep-seated , emotional need , is about to turn onto a different path .",
5936adb65156f8a8,True,True,True,this cross-cultural soap opera is painfully formulaic and stilted .,
14454bd2842104bf,True,True,True,"imagine the cleanflicks version of ` love story , ' with ali macgraw 's profanities replaced by romance-novel platitudes .",
54574b5bdd4636d7,True,True,True,"should n't have been allowed to use the word `` new '' in its title , because there 's not an original character , siuation or joke in the entire movie .",
43e51bbae48afe16,True,True,True,amid the new populist comedies that underscore the importance of family tradition and familial community,
e89e3487fcd62e77,True,True,True,that what we have here is a load of clams left in the broiling sun for a good three days,
a7e0388856123d57,True,True,True,it can be safely recommended as a video/dvd babysitter .,
8ada8e5154a99706,True,True,True,moore 's ) better at fingering problems than finding solutions .,
0200b8dfba1f009d,True,True,True,"miss it altogether , in part because the consciously dumbed-down approach wears thin",
bf2732a1a397e8b2,True,True,True,the audience was put through torture for an hour and a half,
c618da4ce05aa5f6,True,True,True,a perfect family film to take everyone to since there 's no new `` a christmas carol '' out in the theaters this year,
db59d93fd16d6159,True,True,True,"a fitfully amusing romp that , if nothing else , will appeal to fans of malcolm in the middle and its pubescent star , frankie muniz .",
81c8c7152dd9b236,True,True,True,"it sees those relationships , including that between the son and his wife , and the wife and the father , and between the two brothers , with incredible subtlety and acumen .",
56e861c3a53bbf64,True,True,True,full of holes that will be obvious even to those who are n't looking for them,
3cb897fdb0905bf9,True,True,True,an undistinguished attempt to make a classic theater piece cinematic .,
1ccb2e347814bb9b,True,True,True,no real surprises -- but still quite tasty and inviting all the same,
513ad060004d5e2a,True,True,True,"carrying off a spot-on scottish burr , duvall ( also a producer ) peels layers from this character that may well not have existed on paper .",
35587f61a8cb028a,True,True,True,"'s a testament to de niro and director michael caton-jones that by movie 's end , we accept the characters and the film , flaws and all",
af1c311c95edb134,True,True,True,"maybe not a classic , but a movie the kids will want to see over and over again .",
81f8cd89fb2f81a5,True,True,True,recommended -- as visually bland as a dentist 's waiting room,
00fcb1f7ca45c450,True,True,True,comes along to remind us of how very bad a motion picture can truly be .,
86a1c3574b992d6a,False,False,False,that will have viewers guessing just who 's being conned right up to the finale,
fe44993324d9092b,True,True,True,"it 's burns ' visuals , characters and his punchy dialogue , not his plot , that carry waydowntown .",
cf98a88acd32e740,True,True,True,a phenomenal band with such an engrossing story that will capture the minds and hearts of many,
ab1096a301ffe243,True,True,True,"thriller remarkable only for its lack of logic and misuse of two fine actors , morgan freeman and ashley judd",
1d9eeeab1ce35d51,True,True,True,the only thing that distinguishes a randall wallace film from any other is the fact that there is nothing distinguishing in a randall wallace film .,
abb13d8804db72a3,True,True,True,churns up not one but two flagrantly fake thunderstorms to underscore the action,
55152a39ffd6b7a4,True,True,True,is something of a stiff -- an extra-dry office comedy that seems twice as long as its 83 minutes,
8d87be8c14cc276b,True,True,True,"builds to an intense indoor drama about compassion , sacrifice , and christian love in the face of political corruption",
2e7e824838631a16,True,True,True,to be fondly remembered in the endlessly challenging maze of moviegoing,
04595251a8c7ab72,True,False,False,likely to find on the next inevitable incarnation of the love boat,
eab821c34c233626,True,True,True,"is dicaprio 's best performance in anything ever , and easily the most watchable film of the year .",
274253825a571250,True,False,True,"the gifted crudup has the perfect face to play a handsome blank yearning to find himself , and",
fbd73538a3659a84,True,True,True,"carried out by men of marginal intelligence , with reactionary ideas about women and a total lack of empathy",
e63ec219d5ddac40,True,True,True,conrad l. hall 's cinematography will likely be nominated for an oscar next year,
459d0525a80c0a3c,True,True,True,a disappointingly thin slice of lower-class london life ; despite the title,
504291235df144ec,True,True,True,go down in the annals of cinema as one of the great submarine stories,
83fc631fcd3e7674,True,True,True,"dismissed heroes would be a film that is n't this painfully forced , false and fabricated .",
b04e792e37562174,True,True,True,seem to be in a contest to see who can out-bad-act the other,
3c70da38356b7411,True,True,True,a compelling story of musical passion against governmental odds .,
9a312f2cca1feb9e,True,True,True,cheap-looking version of candid camera staged for the marquis de sade set,
a16a8020aa555740,True,True,True,"examines the intimate , unguarded moments of folks who live in unusual homes -- which pop up in nearly every corner of the country",
fc7a8af624284bb7,True,True,True,impressed by the skill of the actors involved in the enterprise,
7d932f4e4d3751f3,False,True,False,thumbs up to paxton for not falling into the hollywood trap and making a vanity project with nothing new to offer,
fcb3444f51c978c7,False,True,True,"is smart writing , skewed characters , and the title performance by kieran culkin .",
fc1921ba2605d4b6,True,True,True,the movie 's relatively simple plot and uncomplicated morality play well with the affable cast .,
44ab29a12a187f89,False,False,False,an engrossing iranian film about two itinerant teachers and some lost and desolate people they encounter in a place where war has savaged the lives and liberties of the poor and the dispossessed .,
e43cdeaf61d2be0a,True,False,False,"ought to pick up the durable best seller smart women , foolish choices for advice",
77922bbe67659291,True,True,True,"for the full 90 minutes , especially with the weak payoff",
a3e6f50a7ea44d35,False,False,False,is an impressive achievement in spite of a river of sadness that pours into every frame .,
0ab822389260c73e,True,True,True,can tell you that there 's no other reason why anyone should bother remembering it,
c4eb0f0bc3949180,True,True,True,"a mediocre exercise in target demographics , unaware that it 's the butt of its own joke .",
6087a63232632444,True,True,True,", mibii is rote work and predictable , but with a philosophical visual coming right at the end that extravagantly redeems it .",
35a8f202018e0f26,True,True,True,to say that this vapid vehicle is downright doltish and uneventful,
dcdd39a8b55232b9,True,True,True,"concentrates on people , a project in which the script and characters hold sway",
615b33ead0f21047,True,True,True,the very definition of what critics have come to term an `` ambitious failure .,
496fbb44c2c32f6d,False,False,False,what might be going on inside each trailer park you drive past -- even if it chiefly inspires you to drive a little faster,
fde57549d983b67e,True,True,True,"while somewhat less than it might have been , the film is a good one ,",
25849fdf8f713d52,True,True,True,traps audiences in a series of relentlessly nasty situations that we would pay a considerable ransom not to be looking at,
f1e905fa1ddb4a29,True,True,True,a sincerely crafted picture that deserves to emerge from the traffic jam of holiday movies,
1348970695a019a7,True,True,True,"as predictable as the outcome of a globetrotters-generals game , juwanna mann is even more ludicrous than you 'd expect from the guy-in-a-dress genre , and",
b978647ed67b751a,False,False,False,a four star performance from kevin kline who unfortunately works with a two star script,
1132802926c21b54,True,True,True,"the direction occasionally rises to the level of marginal competence , but for most of the film it is hard to tell who is chasing who or why",
53a009629de2e61b,True,True,True,"unfortunately , carvey 's rubber-face routine is no match for the insipid script he has crafted with harris goldberg .",
28e034d881e83952,True,False,True,with few moments of joy rising above the stale material,
649e28b096343dac,True,True,True,"does n't really believe in it , and breaks the mood with absurdly inappropriate ` comedy ' scenes .",
e55f3f09a99bf09b,True,True,True,enjoyed as a work of fiction inspired by real-life events,
96a679d96d5f40f1,True,True,True,often awkwardly directed and suffers from the addition of a wholly unnecessary pre-credit sequence designed to give some of the characters a ` back story,
efaa153925f0d735,True,True,True,to kill michael myers for good : stop buying tickets to these movies,
28c1e76e0f9c7812,True,True,True,"an honest , sensitive story from a vietnamese point of view .",
fb8b20cbcc3b41b1,True,True,True,"is not more lucratively engaged in the shameless self-caricature of ` analyze this ' ( 1999 ) and ` analyze that , ' promised ( or threatened ) for later this year",
6071727b3e4c17be,True,True,True,"it 's not a bad premise , just a bad movie .",
971ecee475218541,True,True,True,is too much like a fragment of an underdone potato,
74b16b31707f0262,True,True,False,wants to be a suspenseful horror movie or a weepy melodrama,
157bbcdf7c04ef3a,True,True,True,"in artful , watery tones of blue , green and brown",
d26d82ac4162d0a6,True,True,True,"an action hero with table manners , and one who proves that elegance is more than tattoo deep",
9aca00e946569ca2,True,True,True,the kind of entertainment that parents love to have their kids see .,
e3c114379dfb1829,True,True,True,a giddy and provocative sexual romp that has something to say .,
24c1fece6cd3a69a,True,True,True,a satisfactory overview of the bizarre world of extreme athletes as several daredevils,
2aca4754dd094537,True,True,True,in luminous interviews and amazingly evocative film from three decades ago,
2834d4bde0468815,True,True,True,'s the sweet cinderella story that `` pretty woman '' wanted to be .,
08b7fe30a0c4d731,True,True,True,a movie that defies classification and is as thought-provoking as it,
8508ae4b1eea3a86,True,True,True,is a film that 's about as subtle as a party political broadcast,
df6e6545c80fecc0,True,True,True,a besotted and obvious drama that tells us nothing new,
727c6c23f1cbb9f6,True,True,True,de niro and murphy make showtime the most savory and hilarious guilty pleasure of many a recent movie season .,
12b1611a20ccb874,True,True,True,you can be forgiven for realizing that you 've spent the past 20 minutes looking at your watch and waiting for frida to just die already .,
495856f224d94ed6,True,True,True,"no excuse for following up a delightful , well-crafted family film with a computer-generated cold fish",
b9292de7820272a2,True,True,True,"say the least , not to mention inappropriate and wildly undeserved",
abb69abcbe4d785e,True,True,True,there 's no denying that burns is a filmmaker with a bright future ahead of him .,
705c3608a2676957,True,True,True,the material and the production itself are little more than routine .,
18c618cd49c9e356,True,True,False,"the town has kind of an authentic feel , but",
1d452288d8f2de79,True,True,True,of event movies than a spy thriller like the bourne identity,
db6398492764fb08,True,True,True,which will take longer to heal : the welt on johnny knoxville 's stomach from a riot-control projectile or my own tortured psyche,
4e70ffc7115a71af,True,True,True,little more than a screenful of gamesmanship that 's low on both suspense and payoff,
d82b62bc8c07b1e7,False,False,True,like a change in ( herzog 's ) personal policy,
100f79a16e060c4c,True,True,False,that watching the proverbial paint dry would be a welcome improvement,
1bc6ff49e81a7356,True,True,True,"routine is offensive , puerile and unimaginatively foul-mouthed if it was at least funny",
a2cbe704b5c7af48,True,True,True,"a rather simplistic one : grief drives her , love drives him , and a second chance to find love in the most unlikely place",
9a6a1c48f168a8ba,True,False,True,"the most audacious , outrageous , sexually explicit , psychologically probing , pure libido film of the year has arrived from portugal .",
0d0346cf148a9dc1,True,True,True,why any actor of talent would ever work in a mcculloch production again if they looked at how this movie turned out,
40a8ca2c1961fbce,True,True,True,a lazy exercise in bad filmmaking that asks you to not only suspend your disbelief but your intelligence as well,
f554e82df178a0e0,True,True,True,about the startling transformation of a tradition-bound widow who is drawn into the exotic world of belly dancing,
0f2723b93316b0f0,True,True,True,that serve no other purpose than to call attention to themselves,
e52f52c76ec94f68,True,True,True,"( creates ) the worst kind of mythologizing , the kind that sacrifices real heroism and abject suffering for melodrama .",
20ae57c74a00a68a,True,True,True,"one well-timed explosion in a movie can be a knockout , but a hundred of them can be numbing",
07661ff339e2b805,False,False,False,"of the whole slo-mo , double-pistoled , ballistic-pyrotechnic hong kong action aesthetic",
2346f8daefd29ebb,True,True,True,"the edge of your seat with its shape-shifting perils , political intrigue and brushes",
5b3efcb175b7ae04,True,True,True,"jolt you out of your seat a couple of times , give you a few laughs",
730a710abe2ce359,True,False,True,few films capture so perfectly the hopes and dreams of little boys on baseball fields as well as the grown men who sit in the stands .,
3d70549214fd23bc,False,True,False,"to truly capture the terrifying angst of the modern working man without turning the film into a cheap thriller , a dumb comedy or a sappy",
037b2016d5894333,True,True,True,of this and that -- whatever fills time -- with no unified whole,
5cb54fec2936266e,True,True,True,alienate the mainstream audience while ringing cliched to hardened indie-heads,
44e46cdeab54f9e9,True,True,True,provides an invaluable service by sparking debate and encouraging thought .,
578914d821f22d0d,True,True,True,"sit through , enjoy on a certain level and then",
f395b5ffae7c3cda,True,True,True,"still like moonlight mile , better judgment be damned .",
20a61a1666bd9c1a,True,True,True,"it also will win you over , in a big way",
13be70085947bba9,True,True,True,the movie fails to live up to the sum of its parts .,
ff52f2ef878ac630,True,True,True,triumphantly returns to narrative filmmaking with a visually masterful work of quiet power .,
c5020ced2db115ff,True,True,True,it will guarantee to have you leaving the theater with a smile on your face .,
a83d3c12ecdbbb56,True,True,True,"neither do cliches , no matter how ` inside ' they are .",
2db2c74ff4ff5fce,True,True,True,"holofcener rejects patent solutions to dramatize life 's messiness from inside out , in all its strange quirks .",
0dd1d914e478ee0a,True,True,True,"on this tricky topic , tadpole is very much a step in the right direction , with its blend of frankness , civility and compassion .",
38c941941b863562,True,True,True,forget about one oscar nomination for julianne moore this year - she should get all five,
a86180e6add534ef,True,True,True,fails to convince the audience that these brats will ever be anything more than losers,
0112bb23cb07f2cd,True,True,True,of being a really bad imitation of the really bad blair witch project,
fab9a06dac104fac,True,True,True,", but one whose lessons are well worth revisiting as many times as possible",
808f0126c5007e5d,True,True,True,reality shows -- reality shows for god 's sake !,
caab86bc596b488f,True,True,True,gets added disdain for the fact that it is nearly impossible to look at or understand .,
0356c2f364712341,True,False,False,"takes a surprising , subtle turn at the midway point .",
1cb880b5c90a3e5e,True,True,True,must be said that he is an imaginative filmmaker who can see the forest for the trees,
291cad529b0f37c3,True,True,True,that this film was n't as bad as i thought it was going to be,
1b307b5139109e0f,True,True,True,a captivating and intimate study about dying and loving ...,
d38e2ab63e113537,True,True,True,to remind us of how very bad a motion picture can truly be,
6bd5932283556147,True,True,True,sweet home alabama is n't going to win any academy awards,
8428dfc8e02f113f,True,True,True,a spooky yarn of demonic doings on the high seas that works better the less the brain is engaged,
c01edc858ccb8839,True,True,True,a movie that grips and holds you in rapt attention from,
1e7ae29ed2a8fed2,True,True,True,an occasionally interesting but mostly repetitive look at a slice of counterculture that might be best forgotten .,
722d1a944022e49a,True,True,True,"the percussion rhythm , the brass soul and the sense of fierce competition that helps make great marching bands half the fun of college football games",
f3ac2d4baeb4b1e7,True,True,True,"in more ways that one in clockstoppers , a sci-fi thriller as lazy as it is interminable",
0c16853cdf574d8a,True,True,True,", the movie sinks into an abyss of clichés , depression and bad alternative music .",
2ab86ad67c48f29d,True,True,True,a surprisingly ` solid ' achievement by director malcolm d. lee and writer john ridley,
da85e83598c51bf2,False,False,True,a catalyst for the struggle of black manhood in restrictive and chaotic america ...,
c7ce0b3661bc3089,True,True,True,"here , alas , it collapses like an overcooked soufflé .",
2d9d0c7067008330,True,True,True,"surprisingly , considering that baird is a former film editor , the movie is rather choppy .",
12c7413a418bbe6c,False,False,True,not an objectionable or dull film ; it merely lacks everything except good intentions .,
c51226213a283278,True,True,True,were more repulsive than the first 30 or 40 minutes,
741771d7e3fc805e,True,True,True,"these three films form a remarkably cohesive whole , both visually and thematically , through their consistently sensitive and often exciting treatment of an ignored people .",
bc6bc0f036afff8f,True,False,True,by which time it 's impossible to care who wins,
8e221b779bf05a3f,True,True,True,writer-director danny verete 's three tales comprise a powerful and reasonably fulfilling gestalt .,
140d1fa76193eaee,True,True,True,limited and so embellished by editing that there 's really not much of a sense of action or,
b8a6bab711124938,True,True,True,"chen films the resolutely downbeat smokers only with every indulgent , indie trick in the book .",
22687ec87ea49f3e,True,True,True,"armed with a game supporting cast , from the pitch-perfect forster to the always hilarious meara and levy , like mike shoots and scores , doing its namesake proud",
6e571f75377036e0,True,True,True,"one of the best films of the year with its exquisite acting , inventive screenplay , mesmerizing music , and many inimitable scenes of tenderness , loss , discontent , and yearning .",
75fb58a41d8ec51f,True,True,True,"is an accuracy of observation in the work of the director , frank novak , that keeps the film grounded in an undeniable social realism",
02727228f958f8a2,True,True,True,"is rote work and predictable , but with a philosophical visual coming right at the end that extravagantly redeems it",
d0d257ab341e0bae,True,True,True,redone by someone who ignored it in favor of old ` juvenile delinquent ' paperbacks with titles like leather warriors and switchblade sexpot,
cec1592f5736cd1b,True,True,True,for a sketchy work-in-progress that was inexplicably rushed to the megaplexes before its time,
44abcb8be048e5f3,True,True,True,"tough to tell which is in more abundant supply in this woefully hackneyed movie , directed by scott kalvert , about street gangs and turf wars in 1958 brooklyn -- stale cliches , gratuitous violence , or empty machismo",
4a7ba4d4ab77b477,True,True,True,"polanski is saying what he has long wanted to say , confronting the roots of his own preoccupations and obsessions",
b277a43ecb8c0645,True,True,True,"one of the best films i have ever seen , constantly pulling the rug from underneath us , seeing things from new sides , plunging deeper , getting more intense .",
c136ca86b08e78a6,False,False,True,who has never made anything that was n't at least watchable,
eda4c8a4d55c9049,True,True,True,happy times maintains an appealing veneer without becoming too cute about it .,
8507d7b599844b69,True,True,True,if stupid americans will get a kick out of goofy brits with cute accents performing ages-old slapstick and unfunny tricks,
16d33ff2e6ebc037,False,True,False,"the setting turns out to be more interesting than any of the character dramas , which never reach satisfying conclusions .",
071c8c89d063dbcd,True,True,True,might not give a second look if we passed them on the street,
bc993a0fdbeb8a1c,True,True,True,has tackled a meaty subject and drawn engaging characters while peppering the pages with memorable zingers,
5659344398b82606,False,False,False,"making such a tragedy the backdrop to a love story risks trivializing it , though chouraqui no doubt intended the film to affirm love 's power to help people endure almost unimaginable horror .",
dfe6fae30befb45f,True,True,True,that even its target audience talked all the way through it .,
04443552457e5a5c,True,True,True,"with color and depth , and rather a good time",
731a0e1ca3cff077,False,False,False,"others in its genre in that it is does not rely on dumb gags , anatomical humor , or character cliches",
587e2d76e9fd0f95,True,True,True,you believe the cast and crew thoroughly enjoyed themselves and believed in their small-budget film,
cff7c99c6191bb49,True,True,True,to blandly go where we went 8 movies ago ...,
4f51b708a63d0269,True,True,True,"even if you do n't know the band or the album 's songs by heart , you will enjoy seeing how both evolve , and you will also learn a good deal about the state of the music business in the 21st century .",
1d474907a91e119c,True,True,True,"for proof of that on the cinematic front , look no further than this 20th anniversary edition of the film that spielberg calls , retrospectively , his most personal work yet .",
e244540e7af24bd9,True,True,True,"is enriched by an imaginatively mixed cast of antic spirits , headed by christopher plummer as the subtlest and most complexly evil uncle ralph i 've ever seen in the many film and stage adaptations of the work .",
6d613c33bf48de01,True,False,False,a funny yet dark and seedy clash of cultures and generations .,
8d4dacc2f0bd07b6,True,True,True,a magnificent landscape to create a feature film that is wickedly fun to watch,
f58c903172660585,True,True,True,"newcastle , the first half of gangster no. 1 drips with style",
737f67351bcb20a1,True,True,True,of the quality that keeps dickens evergreen : the exuberant openness with which he expresses our most basic emotions,
8e981d4d6caf35fb,False,False,False,"any way of gripping what its point is , or even its attitude toward its subject",
862719061a623a29,True,True,True,a lame romantic comedy about an unsympathetic character and someone who would not likely be so stupid as to get involved with her .,
01002711db3536bf,True,True,True,"may even find that it goes by quickly , because it has some of the funniest jokes of any movie this year , including those intended for adults .",
2ff67bbff5bd0629,True,True,True,"... a complete shambles of a movie so sloppy , so uneven , so damn unpleasant that i ca n't believe any viewer , young or old , would have a good time here .",
f380afe052b663f8,True,True,True,will wish there had been more of the `` queen '' and less of the `` damned . '',
ddcb7a1cc074685f,True,True,True,devos delivers a perfect performance that captures the innocence and budding demons within a wallflower .,
7a9a4ec1cafd7dc7,False,True,False,a mood that 's sustained through the surprisingly somber conclusion,
c066b6a2b4e9dd8e,True,True,True,"using a stock plot , about a boy injects just enough freshness into the proceedings to provide an enjoyable 100 minutes in a movie theater .",
5bc1001987a236c9,True,True,True,"enriched by an imaginatively mixed cast of antic spirits ,",
46fb62967e1f0f57,True,True,True,the new star wars installment has n't escaped the rut dug by the last one .,
d90f8fd868ec48de,True,True,True,even the filmmakers did n't know what kind of movie they were making,
a9c3ef78c77e6a1a,True,True,True,"it 's a talking head documentary , but a great one .",
8e038a4994204c0b,True,True,True,that made me want to bolt the theater in the first 10 minutes,
e6be14cd122a8b93,False,False,False,"brainless , but enjoyably over-the-top , the retro gang melodrama",
3392359d100d28d0,True,True,True,how well the schmaltz is manufactured -- to assess the quality of the manipulative engineering,
1cd7662e9a61cff2,True,True,False,"unfortunately , that 's precisely what arthur dong 's family fundamentals does .",
86443e7b86a5e66f,True,True,True,should be commended for illustrating the merits of fighting hard for something that really matters,
ca591eea83adfdaa,True,True,True,"maintains a surprisingly buoyant tone throughout , notwithstanding some of the writers ' sporadic dips",
c24e4411187f7dff,True,True,True,a deeply felt and vividly detailed story about newcomers in a strange new world .,
9e32d6b4131f7112,True,True,True,"an awful lot like one of ( spears ' ) music videos in content -- except that it goes on for at least 90 more minutes and , worse , that you have to pay if you want to see it .",
0a921f7f300d252c,True,True,True,a wretched movie that reduces the second world war to one man,
aa77962797e1fe95,True,True,True,"several cliched movie structures : the road movie , the coming-of-age movie ,",
2347e13afd81aee6,False,False,False,where people who have never picked a lock do so easily after a few tries and become expert fighters after a few weeks,
1ae8ef8c69005965,True,True,True,"played game of absurd plot twists , idiotic court maneuvers and stupid characters",
09e4e2b957025d77,False,False,False,makes it possible for the viewer to doze off for a few minutes or make several runs to the concession stand and/or restroom and not feel as if he or she has missed anything,
9ed04f81879b6f7d,True,True,True,"that tells stories that work -- is charming , is moving",
18ff51fbb38273ea,True,True,True,"the directing and story are disjointed , flaws that have to be laid squarely on taylor 's doorstep .",
406967981fa09c44,True,True,True,", the writing is indifferent , and jordan brady 's direction is prosaic .",
b120f73b67204a3c,True,False,True,"in his latest effort , storytelling , solondz has finally made a movie that is n't just offensive -- it also happens to be good .",
bbbbb3f204af81f9,True,True,True,does an impressive job of relating the complicated history of the war and of filling in the background .,
ba69221fd568dc5d,True,True,True,"( davis ) wants to cause his audience an epiphany , yet he refuses to give us real situations and characters .",
70a397ad08df5be9,False,False,False,that the ` true story ' by which all the queen 's men is allegedly `` inspired '' was a lot funnier and more deftly enacted than what 's been cobbled together onscreen,
f972b6acddd33810,False,False,True,when ` science fiction ' takes advantage of the fact that its intended audience has n't yet had much science,
7cd35965eaf06e32,False,False,False,to pump life into overworked elements from eastwood 's dirty harry period,
6ed2ff2ece90bf48,True,True,True,"with an unusual protagonist ( a kilt-wearing jackson ) and subject matter , the improbable `` formula 51 '' is somewhat entertaining",
b1eb3b2c7ef950b8,True,True,True,"yes , i have given this movie a rating of zero .",
d73d4699fd362755,True,True,False,"before long , you 're desperate for the evening to end .",
17325ff81ba8b10c,False,False,False,"some movies were made for the big screen , some for the small screen",
1932fdc669f1c56a,True,True,True,that film buffs will eat up like so much gelati,
3a057e76d3f3938a,True,True,True,be missing a great deal of the acerbic repartee of the play,
17a3b112bb099f4b,True,True,True,", why not invite some genuine spontaneity into the film by having the evil aliens ' laser guns actually hit something for once ?",
a527c1e156547dd9,True,True,True,would have a résumé loaded with credits like `` girl in bar # 3 .,
53242e9dc9171e3d,True,True,True,"maybe you 'll be lucky , and there 'll be a power outage during your screening so you can get your money back",
9d920a7bde2ada8a,False,True,False,"heard a mysterious voice , and felt myself powerfully drawn toward the light -- the light of the exit sign",
8dfeddb4d94c4ab0,True,True,True,", while it may not rival the filmmaker 's period pieces , is still very much worth seeing",
fc189b1ff8e22210,True,True,True,the young stars are too cute ; the story and ensuing complications are too manipulative ; the message is too blatant,
e45fa90b0073f65b,True,True,True,"an energizing , intoxicating documentary charting the rise of hip-hop culture in general and the art of scratching ( or turntablism ) in particular .",
52e373d1b563df8a,True,True,True,the film is a hilarious adventure and i shamelessly enjoyed it,
b276d6466f3ffe40,True,True,True,", ` santa clause 2 ' is wondrously creative .",
a74a6ccead8c4f0a,True,True,True,"itself beautifully to filming the teeming life on the reefs , making this gorgeous film a must for everyone from junior scientists to grown-up fish lovers",
21672ad2b4de1d3a,True,True,True,is undone by anachronistic quick edits and occasional jarring glimpses of a modern theater audience watching the events unfold,
822b311b45e88550,True,True,True,is a phenomenal band with such an engrossing story that will capture the minds and hearts of many,
dcc06469fb0bcba0,False,False,False,fashioning an engrossing entertainment out of an almost sure-fire prescription for a critical and commercial disaster,
8ff9aa0df54b6f12,True,True,True,said the film was better than saving private ryan .,
66a733e4756a58dc,True,True,True,boils down to a transparently hypocritical work that feels as though it 's trying to set the women 's liberation movement back 20 years,
2b07ab80f0e02319,True,True,True,"seagal , who looks more like danny aiello these days , mumbles his way through the movie .",
12e0192fc23e649b,True,True,True,"to figure out that this is a mormon family movie , and a sappy , preachy one at that",
cc9fd93786010e21,True,True,True,it 's a bit disappointing that it only manages to be decent instead of dead brilliant .,
796c7563dec26189,True,True,True,it is interesting to see where one 's imagination will lead when given the opportunity,
d204c4ef1dc8c0a2,True,True,True,"shiri is an action film that delivers on the promise of excitement ,",
684a1d9c527d54b4,True,True,True,is too steeped in fairy tales and other childish things,
724792edc9eef78b,True,True,True,may be surprised at the variety of tones in spielberg 's work,
03b58c00f0348ff3,True,True,True,"manipulation , an exploitation piece doing its usual worst to guilt-trip parents",
4f77a8efd7c43f31,True,True,True,the troubling thing about clockstoppers is that it does n't make any sense .,
9a128ada75e83a56,True,True,True,"nothing special and , until the final act , nothing",
a9487692a4419bad,True,True,True,"most remarkable not because of its epic scope , but because of the startling intimacy",
056c1e46fc60e716,True,True,True,"at times , the suspense is palpable , but by the end there 's a sense that the crux of the mystery hinges on a technicality that strains credulity and leaves the viewer haunted by the waste of potential .",
327e6d241d447285,True,True,True,"it 's a rollicking adventure for you and all your mateys , regardless of their ages .",
51eba27b40c22d09,False,False,False,"will no doubt rally to its cause , trotting out threadbare standbys like ` masterpiece ' and ` triumph ' and all that malarkey ,",
b7e8b440da834741,False,False,True,been 13 months and 295 preview screenings since i last walked out on a movie,
846daaa3de1aca54,True,True,True,knockaround guys plays like a student film by two guys who desperately want to be quentin tarantino when they grow up .,
f49b8ec7e7b9a9e2,True,True,True,"belongs in the too-hot-for-tv direct-to-video/dvd category , and this is why i have given it a one-star rating .",
077aa51083575bbf,True,True,True,"has a lot to do with the casting of juliette binoche as sand , who brings to the role her pale , dark beauty and characteristic warmth .",
69466fa7ea1580bd,True,True,True,does an impressive job of relating the complicated history of the war and,
e5c6743336dc6de2,False,False,False,because you 're sure to get more out of the latter experience,
93838a3f7c01aaa0,True,True,True,an annoying orgy of excess and exploitation that has no point and goes nowhere,
6747e216f571f534,True,True,True,"as a very distinctive sensibility , working to develop her own film language with conspicuous success",
4a685a0d7d6173cc,True,False,True,story for those intolerant of the more common saccharine genre,
6a069e8cc539e9fc,True,True,True,the lousy john q all but spits out denzel washington 's fine performance in the title role .,
c99ca13a405184a8,True,True,True,"once folks started hanging out at the barbershop , they never wanted to leave .",
2fe51b7e95fdb873,True,True,True,"if you come from a family that eats , meddles , argues , laughs , kibbitzes and fights together , then go see this delightful comedy .",
c18822419bda240a,True,True,True,"visually rather stunning , but ultimately a handsome-looking bore , the true creativity would have been to hide treasure planet entirely and completely reimagine it .",
c2a2f752a9f27de8,True,True,True,"( hayek ) throws herself into this dream hispanic role with a teeth-clenching gusto , she strikes a potent chemistry with molina and she gradually makes us believe she is kahlo",
a646653a30717c5f,True,True,True,"it 's difficult to conceive of anyone who has reached puberty actually finding the characters in slackers or their antics amusing , let alone funny .",
459c3b7dd6c50229,True,True,True,"gets the look and the period trappings right , but it otherwise drowns in a sea of visual and verbal clichés .",
f63ad2892e63122b,True,True,True,headed down the toilet with the ferocity of a frozen burrito,
63aaaf26ce8882c4,True,True,True,"... plot holes so large and obvious a marching band might as well be stomping through them in clown clothes , playing a college football fight song on untuned instruments .",
4be45ff92711109f,True,True,True,"as good as the full monty , but a really strong second effort .",
6f000dee1c811184,True,True,True,staggered from the theater and blacked out in the lobby,
11537021df113d9e,True,True,True,effort to share his impressions of life and loss and time and art with us,
308ebaab872d456c,True,True,True,that he 's spiffing up leftovers that are n't so substantial or fresh,
e9d5a12dee7724a1,True,True,True,an original and highly cerebral examination of the psychopathic mind,
67e4afb2ec7b2196,True,True,False,me realize that we really have n't had a good cheesy b-movie playing in theaters since ... well ... since last week 's reign of fire,
0679e2eecebd8397,True,True,True,affirm love 's power to help people endure almost unimaginable horror,
792a55e459000ba7,True,True,True,mired in a shabby script that piles layer upon layer of action man cliché atop wooden dialogue and a shifting tone that falls far short of the peculiarly moral amorality of ( woo 's ) best work,
b3eeb098eaaac6c5,False,False,False,even when he 's not at his most critically insightful,
3324a042f1387ed1,True,True,True,the novel charm that made spy kids a surprising winner with both adults and younger audiences,
1ea20e08fff15bd0,True,True,True,"with an intimate feeling , a saga of the ups and downs of friendships",
e436b8ad73b27468,True,True,True,"like me , think an action film disguised as a war tribute is disgusting to begin with",
82a6295972bf5b42,True,True,True,"all movie long , city by the sea swings from one approach to the other , but in the end , it stays in formula -- which is a waste of de niro , mcdormand and the other good actors in the cast .",
ccb23687a22215fa,True,True,True,split up so that it can do even more damage,
9a99e4dce55a708b,True,True,True,uses humor and a heartfelt conviction to tell a story about discovering your destination in life,
701a507331668ae9,True,True,True,", in praise of love lacks even the most fragmented charms i have found in almost all of his previous works .",
4b36fc9a3df609de,True,True,True,then expects us to laugh because he acts so goofy all the time,
a6c17fec5c398e30,False,True,True,can write and deliver a one liner as well as anybody .,
be2efbbe5d6be61e,True,True,True,"an interesting psychological game of cat-and-mouse , three-dimensional characters and believable performances",
e0c11b79ce641ab2,True,True,True,'ve got to admire ... the intensity with which he 's willing to express his convictions,
ca6e65db75ece02d,True,True,True,"there 's a delightfully quirky movie to be made from curling , but",
7ad566a3a5b8582d,True,True,True,"presents a side of contemporary chinese life that many outsiders will be surprised to know exists , and does so with an artistry that also smacks of revelation .",
99a435f1d3fda003,True,True,True,'m not exactly sure what -- and has all the dramatic weight of a raindrop,
a61da340e5a995bb,True,True,True,it 's hard to imagine another director ever making his wife look so bad in a major movie .,
a33becc1e5f69e66,True,True,True,"designed as a reverie about memory and regret , but the only thing you 'll regret is remembering the experience of sitting through it",
26385bace0a934ad,True,True,True,"to create a very compelling , sensitive , intelligent and almost cohesive piece of film entertainment",
9ef60559bad677e1,True,True,True,to guess the order in which the kids in the house will be gored,
48c9a1ce26340d32,True,True,False,the exclamation point seems to be the only bit of glee,
38fd6e9215c06cfd,True,True,True,"is so slovenly done , so primitive in technique , that it ca n't really be called animation .",
31555b909fac7f92,True,True,True,"comes across as a relic from a bygone era , and its convolutions ... feel silly rather than plausible .",
8ede32ae32fbfb3d,True,True,True,"the marvelous verdu , a sexy slip of an earth mother who mourns her tragedies in private and embraces life in public",
4ed3aa1784f23914,False,True,True,can be gleaned from this three-hour endurance test built around an hour 's worth of actual material,
3db00444d1937c19,True,True,True,"unlike ( scorsese 's mean streets ) , ash wednesday is essentially devoid of interesting characters or even a halfway intriguing plot .",
493d2573df67bb4f,True,True,True,"the film 's crisp , unaffected style and air of gentle longing make it unexpectedly rewarding",
4966c261a762e812,True,False,True,"walked out muttering words like `` horrible '' and `` terrible , '' but had so much fun dissing the film that they did n't mind the ticket cost .",
ca252d5e3c8fe273,True,True,True,"by candidly detailing the politics involved in the creation of an extraordinary piece of music , ( jones ) calls our attention to the inherent conflict between commerce and creativity .",
d3062a98f04129d3,True,True,True,"vibrantly colored and beautifully designed , metropolis is a feast for the eyes .",
54b83dca8570aeb0,True,True,True,"is a welcome lack of pretension about the film , which very simply sets out to entertain and ends up delivering in good measure",
cecff93af729f858,True,True,True,should come with the warning `` for serious film buffs only,
98069c14409330a2,True,False,True,goes on for the 110 minutes of `` panic room '',
da565b71860e788f,True,True,True,"louiso lets the movie dawdle in classic disaffected-indie-film mode ,",
d5a7714bf8fc518c,True,True,True,its digs at modern society are all things we 've seen before .,
65de972e41d25753,True,True,True,comes closer to the failure of the third revenge of the nerds sequel,
30f952b1ebb2ca98,True,True,True,"a beautiful , timeless and universal tale of heated passions",
345592d90be96715,True,True,True,a generic family comedy unlikely to be appreciated by anyone outside the under-10 set .,
58e8f907ad339ff6,True,True,True,"maybe you 'll be lucky , and there 'll be a power outage during your screening so you can get your money back .",
c8a6cab36fba66ad,True,True,True,"is n't nearly as downbeat as it sounds , but strikes a tone that 's alternately melancholic , hopeful and strangely funny",
3dba54988f0942bd,False,False,True,"characters still need to function according to some set of believable and comprehensible impulses , no matter how many drugs they do or how much artistic license avary employs .",
78374f2ad3c70df2,False,False,False,it may be because teens are looking for something to make them laugh .,
2cafe444de9df2f0,True,True,True,"has crafted an engaging fantasy of flavors and emotions , one part romance novel , one part recipe book .",
fc15d89eb3196d27,True,True,True,"too slow for a younger crowd , too shallow for an older one .",
fed0925ed78d683f,True,True,True,"while it has definite weaknesses -- like a rather unbelievable love interest and a meandering ending -- this '60s caper film is a riveting , brisk delight .",
664680b49d909ac1,True,True,True,a great shame that such a talented director as chen kaige has chosen to make his english-language debut with a film,
397b8abbfc3e14ef,True,True,True,"expect the same-old , lame-old slasher nonsense , just with different scenery .",
7763bcf834828dac,True,True,True,"get through this interminable , shapeless documentary about the swinging subculture",
46c8b494b6c5ff8b,True,True,True,"more interesting than the screenplay , which lags badly in the middle and lurches between not-very-funny comedy , unconvincing dramatics and some last-minute action strongly reminiscent of run lola run",
690d63cddc63b5c7,True,True,True,"twohy 's a good yarn-spinner , and ultimately the story compels .",
98fbe1fe16a6f939,True,True,True,"a mixture of deadpan cool , wry humor and just the measure",
bfd2ce197a10fe63,True,True,True,"not only is it a charming , funny and beautifully crafted import , it uses very little dialogue , making it relatively effortless to read and follow the action at the same time .",
ea6e3efa706490ed,True,False,True,interesting both as a historical study and as a tragic love story,
33384b9d4f939fdd,True,True,False,bringing off a superb performance in an admittedly middling film,
fc184c9a7857078b,True,True,True,"will leave you wanting more , not to mention leaving you with some laughs and a smile on your face .",
c16f695b919e5a00,False,True,True,as if it has made its way into your very bloodstream,
1319a09789f49d78,True,True,True,"a dark , quirky road movie that constantly defies expectation",
bc10c3be51f6ad38,True,True,True,comes down to whether you can tolerate leon barlow .,
d87a91bd537dc01e,False,False,False,"they are believable as people -- flawed , assured of the wrong things , and scared to admit how much they may really need the company of others",
463483ffebb485a6,True,True,True,an engrossing portrait of uncompromising artists trying to create something original,
9f5df2e66fe06cd0,True,True,True,"plods along methodically , somehow under the assumption that its `` dead wife communicating from beyond the grave '' framework is even remotely new or interesting .",
bb3f4524579c256f,True,True,True,despite an impressive roster of stars and direction from kathryn bigelow,
e0bbccda5ece7597,True,True,True,it 's too loud to shout insults at the screen,
4d996b0cc94afcca,True,True,True,"is terrific , bringing an unforced , rapid-fire delivery to toback 's heidegger - and nietzsche-referencing dialogue",
c0f313450b422f21,True,True,True,"rises above easy , cynical potshots at morally bankrupt characters ...",
d4e7ad49e3d64e06,True,True,True,you do n't have the slightest difficulty accepting him in the role .,
6c7c19302dcbbfed,True,True,True,should have a stirring time at this beautifully drawn movie .,
ae489ebfe704326a,True,True,True,"even with its $ 50-million us budget , pinocchio never quite achieves the feel of a fanciful motion picture .",
fc9fb1e4d0157ce9,True,True,True,story which fails to rise above its disgusting source material .,
56a9298c3c348bec,True,True,True,deftly sewing together what could have been a confusing and horrifying vision into an intense and engrossing head-trip,
438feaa464fd0e45,False,True,False,the chops of a smart-aleck film school brat and the imagination of a big kid,
db4bfc44cf1c24bd,True,True,True,"that kate is n't very bright , but that she has n't been worth caring about and",
288be4afbf000948,True,True,True,as three of the most multilayered and sympathetic female characters of the year,
dad5fc6d0df1d09f,True,True,True,harks back to a time when movies had more to do with imagination than market research .,
e9f15fe1e748f879,True,True,True,the film itself is about something very interesting and odd that,
855a0ed36ad23c38,True,True,True,the terrific and bewilderingly underrated campbell scott gives a star performance that is nothing short of mesmerizing .,
b0bfef8b447b91c9,True,True,True,"has all of dean 's mannerisms and self-indulgence , but none of his sweetness and vulnerability",
7364856265cdadcc,True,True,True,"if you like an extreme action-packed film with a hint of humor , then triple x marks the spot .",
2da1d8855f573461,True,True,True,"this material could work , especially since the actresses in the lead roles are all more than competent",
6ba7a2e9604765ea,True,True,True,"broomfield is energized by volletta wallace 's maternal fury , her fearlessness , and because of that , his film crackles .",
c77bb84e7c5cc09a,True,True,True,"unlikable , uninteresting , unfunny , and completely , utterly inept .",
bafccf9273a8261b,True,True,True,can write and deliver a one liner as well as anybody,
2cd8e666a7ad4fc0,True,True,True,"on top of a foundering performance , ( madonna 's ) denied her own athleticism by lighting that emphasizes every line and sag .",
674e3fcfbb5943df,True,True,True,there 's a delightfully quirky movie to be made from curling,
b52b1d0e6c97e8ba,True,False,True,"if you 're over 25 , have an iq over 90 , and have a driver 's license , you should be able to find better entertainment .",
69357ce9ea1268f7,True,True,True,exhibits the shallow sensationalism characteristic of soap opera ... more salacious telenovela than serious drama .,
f9e309b079b5ff1b,True,True,True,'s pretentious in a way that verges on the amateurish,
11fe0faae0e6fba6,True,True,True,of him wheedling reluctant witnesses and pointing his camera through the smeared windshield of his rental car,
3141d575258b5635,True,True,True,of demonic doings on the high seas that works better the less the brain is engaged,
853067390bac4837,False,False,True,"been there , done that ... a thousand times already , and better .",
e7bac3d67fe66198,True,True,True,is that her confidence in her material is merited .,
17cc6e61043ced3f,False,False,False,"a curiously stylized , quasi-shakespearean portrait of pure misogynist evil",
dd2a42a43e4aa283,True,True,True,"exactly what its title implies : lusty , boisterous and utterly charming",
8dc9062aa517b98a,True,True,True,there is little else to recommend `` never again . '',
e43b987320e4f588,True,True,True,"( less a movie than ) an appalling , odoriferous thing ... so",
44c4fbfdcc0a386f,True,True,True,"the worst kind of mythologizing , the kind that sacrifices real heroism and abject suffering for melodrama .",
da52753ec1898ec5,True,True,True,"give you a lot of laughs in this simple , sweet and romantic comedy",
84a0bcea3363b91a,True,True,True,of loss and denial and life-at-arm 's - length in the film,
cc199b672eec2f21,False,False,False,it would be like to be smack in the middle of a war zone armed with nothing but a camera,
05cad9f288d05111,True,True,True,"allowing us to find the small , human moments , and",
7920a0be8fd93c14,True,True,True,"return to never land is reliable , standard disney animated fare , with enough creative energy and wit to entertain all ages .",
377a1a4b6b5c2f0b,True,True,True,will have you talking 'til the end of the year !,
c3a740e3e54fa13c,True,True,True,seems like some futile concoction that was developed hastily after oedekerk,
bb5d821656499634,True,True,True,"unfolds with all the mounting tension of an expert thriller ,",
34f1119129ce926f,True,True,True,tackled a meaty subject and drawn engaging characters while peppering the pages with memorable zingers,
5e35f1ea6e5e8633,True,True,True,"a strong first act and absolutely , inescapably gorgeous , skyscraper-trapeze motion of the amazing spider-man",
5671c6cae83ccddb,True,True,True,"that is funny and pithy , while illuminating an era of theatrical comedy that , while past ,",
049c6a346b753f3e,True,True,True,"been discovered , indulged in and rejected as boring before i see this piece of crap again",
57be7e5b5a31e6a0,True,True,True,"the same way goodall did , with a serious minded patience , respect and affection",
c0fc38bcfe4d6b5b,True,True,True,begins to vaporize from your memory minutes after it ends,
e85dfa3826d5ee52,True,True,True,"the filmmakers want nothing else than to show us a good time , and in their cheap , b movie way , they succeed",
b14beb91b5762af1,True,True,True,"return to never land may be another shameless attempt by disney to rake in dough from baby boomer families , but",
9a422ee07c50203f,True,True,True,festers in just such a dungpile that you 'd swear you,
965633aa0b23d376,True,True,True,audience is a sea of constant smiles and frequent laughter,
62495a99f97c7b1c,True,True,True,"measured against practically any like-themed film other than its oscar-sweeping franchise predecessor the silence of the lambs , red dragon rates as an exceptional thriller .",
7e6fa744c23a43a3,True,True,True,"find little of interest in this film , which is often preachy and poorly acted",
5cde4aa36991e171,False,False,False,resist his pleas to spare wildlife and respect their environs,
02c3a3e5caea4f04,True,True,True,"cooks conduct in a low , smoky and inviting sizzle",
5d4aa6ed992a2890,True,True,True,guilty of the worst sin of attributable to a movie like this,
2e944b1e08348070,True,True,True,continues her exploration of the outer limits of raunch with considerable brio .,
c9df29e69b6fd72a,True,True,False,was impressed by how many tit-for-tat retaliatory responses the filmmakers allow before pulling the plug on the conspirators and averting an american-russian armageddon,
48c76a00e9884eda,True,True,True,do n't think that a.c. will help this movie one bit,
657c83150957f416,True,True,True,"it forces you to watch people doing unpleasant things to each other and themselves ,",
9fae4dd33915272b,True,True,True,"it 's a loathsome movie , it really is and it makes absolutely no sense .",
3b5edfb946152440,True,True,True,an edifying glimpse into the wit and revolutionary spirit of these performers and their era .,
d4da5d9275111f35,True,True,True,"there 's some good material in their story about a retail clerk wanting more out of life , but the movie too often spins its wheels with familiar situations and repetitive scenes .",
50396b5427ab0874,False,True,True,the pianist is the film roman polanski may have been born to make .,
e4895ab5d3f7bb4b,True,True,True,"a level of young , black manhood that is funny , touching , smart and complicated",
76bcea9d8ae19df2,True,True,True,are clinically depressed and have abandoned their slim hopes and dreams,
0d08738eb89ba942,True,True,True,"it provides the grand , intelligent entertainment of a superior cast playing smart people amid a compelling plot .",
697e03f232072d55,True,True,True,presents a fascinating glimpse of urban life and the class warfare that embroils two young men,
a11af24ff0dcf2c1,True,True,True,"one of these days hollywood will come up with an original idea for a teen movie , but until then there 's always these rehashes to feed to the younger generations",
1bb87bf263d11818,True,True,False,in which the rest of the cast was outshined by ll cool j.,
d8742c14d3767b85,True,True,True,"a sham construct based on theory , sleight-of-hand , and ill-wrought hypothesis .",
32706e3d3e539312,True,False,True,"despite suffering a sense-of-humour failure , the man who wrote rocky does not deserve to go down with a ship as leaky as this .",
93281bf2c8c67440,True,True,True,"shot in artful , watery tones of blue , green and brown",
11912af379f4fa72,True,True,True,"hugely imaginative and successful casting to its great credit ,",
833856de392d186d,True,False,True,", the worst of tragedies can be fertile sources of humor",
fd767ee909ff5bef,True,True,True,"`` shakes the clown '' , a much funnier film with a similar theme and an equally great robin williams performance",
6aabcc9ad364a564,False,False,False,could possibly be more contemptuous of the single female population .,
a3c28b76c92254af,True,False,True,"is n't painfully bad , something to be ` fully experienced '",
612b11f6274181c8,True,True,True,"i 'm sorry to say that this should seal the deal - arnold is not , nor will he be , back",
cc90e888b1ce9d56,True,True,True,is a dim-witted pairing of teen-speak and animal gibberish .,
b34ea7a1646c5517,True,True,True,"is the performance of gedeck , who makes martha enormously endearing",
6f0b0be3a6d6d00a,True,True,True,the large-format film is well suited to capture these musicians in full regalia,
120a974a03fc7815,True,True,True,"fifty years after the fact , the world 's political situation seems little different , and ( director phillip ) noyce brings out the allegory with remarkable skill .",
e046243692833ba2,True,True,True,report card : does n't live up to the exalted tagline,
722d56f25e104611,False,False,False,an allegory concerning the chronically mixed signals african american professionals get about overachieving,
519a7ce052f6afcd,False,False,False,cut through the layers of soap-opera emotion and you find a scathing portrayal of a powerful entity strangling the life out of the people who want to believe in it the most,
a7efeeaf5aa9c7b5,True,True,True,balzac and the little chinese seamstress that transforms this story about love and culture into a cinematic poem,
1ad29fb64d5eccd4,True,True,True,"the trouble is , its filmmakers run out of clever ideas and visual gags about halfway through .",
9200f028b4fb2ef3,True,True,True,they lack their idol 's energy and passion for detail .,
817e7f5907280df5,True,True,True,'s impossible to claim that it is `` based on a true story '' with a straight face,
f0f99926b41bcae1,True,True,True,insomnia is one of the year 's best films and,
065d81e956bd7f6e,True,True,True,'s almost impossible not to be swept away by the sheer beauty of his images,
b641a68206cfc9e0,True,True,True,"has nothing good to speak about other than the fact that it is relatively short , tries its best to hide the fact that seagal 's overweight and out of shape .",
3baf1dc195db9374,True,True,True,where the most notable observation is how long you 've been sitting still,
d3273ad83d6bf53a,True,True,True,playfully profound ... and crazier than michael jackson on the top floor of a skyscraper,
e531ebe311080522,False,False,True,less an examination of neo-nazism than a probe into the nature of faith,
b83abf09446d8836,True,True,True,to have decades of life as a classic movie franchise,
61b9604b37b1efcc,True,True,True,the beauty of the piece is that it counts heart as important as humor .,
4347cf9aae0084c5,True,True,True,"is genial but never inspired , and little about it will stay with you .",
018ae388333c9a52,True,True,True,is that it 's a crime movie made by someone who obviously knows nothing about crime .,
191855e12f56e2d2,True,True,True,"fans of plympton 's shorts may marginally enjoy the film , but it is doubtful this listless feature will win him any new viewers .",
4de99c998a4286bf,False,False,False,"let 's issue a moratorium , effective immediately , on treacly films about inspirational prep-school professors and the children they so heartwarmingly motivate .",
b08f77a8b8ea64e6,True,True,True,"does n't trust laughs -- and does n't conjure proper respect for followers of the whole dead-undead genre , who deserve more from a vampire pic than a few shrieky special effects .",
3a3fc27dde3c5038,True,True,True,"to treat its characters , weak and strong , as fallible human beings , not caricatures , and to carefully delineate the cost of the inevitable conflicts between human urges and an institution concerned with self-preservation",
573905e81bec1157,True,True,True,so preachy-keen and so tub-thumpingly loud it makes you feel like a chump,
9c40a097e88048e9,True,True,True,a movie where story is almost an afterthought amidst a swirl of colors and inexplicable events .,
0f3c2bb224790c63,True,True,True,"'s something unintentionally comic in the film 's drumbeat about authenticity , given the stale plot and pornographic way the film revels in swank apartments , clothes and parties .",
46327adc0b4a172c,True,True,True,create some episodes that rival vintage looney tunes for the most creative mayhem in a brief amount of time,
b4a6e2ec1170966a,True,True,True,work as a jaunt down memory lane for teens and young adults who grew up on televised scooby-doo shows or reruns,
41aab7c6beda8b91,True,True,True,"it gives poor dana carvey nothing to do that is really funny , and then expects us to laugh because he acts so goofy all the time .",
7536d66c7b359da9,True,False,True,"we got ten little indians meets friday the 13th by way of clean and sober , filmed on the set of carpenter 's the thing and loaded with actors you 're most likely to find on the next inevitable incarnation of the love boat .",
fd649a867d70823d,True,True,True,"is no psychology here , and no real narrative logic -- just a series of carefully choreographed atrocities , which become strangely impersonal and abstract .",
9a0fd9ea9265d56c,True,True,True,to make box office money that makes michael jordan jealous,
38696ec743efffff,True,True,True,nicely mixes in as much humor as pathos to take us on his sentimental journey of the heart .,
e76a23e4928581d0,True,True,True,did they deem it necessary to document all this emotional misery,
e0f593b2a11cf330,True,True,True,nicely combines the enigmatic features of ` memento ' with the hallucinatory drug culture of ` requiem for a dream . ',
1eb64a67f2d5023d,True,True,True,makes an unusual but pleasantly haunting debut behind the camera .,
86d8adae4b8883f5,True,True,True,"reminiscent of alfred hitchcock 's thrillers , most of the scary parts in ` signs '",
e2f51b13a81323b1,True,True,True,stevens ' vibrant creative instincts are the difference between this and countless other flicks about guys and dolls .,
5f05a0e21ab43d13,True,True,True,how will you feel after an 88-minute rip-off of the rock with action confined to slo-mo gun firing and random glass-shattering ? '',
f7096b7ee5ff9980,True,False,True,"each story is built on a potentially interesting idea , but",
26e66a54dda761e8,False,True,True,"you would n't want to live waydowntown , but it is a hilarious place to visit .",
4b01adea691d3da3,True,True,True,"we started to wonder if ... some unpaid intern had just typed ` chris rock , ' ` anthony hopkins ' and ` terrorists ' into some univac-like script machine",
c7e4fe7ff9cf7584,True,True,True,come up with an adequate reason why we should pay money for what we can get on television for free,
3f91fbae12f14eaf,True,True,True,"charles ' entertaining film chronicles seinfeld 's return to stand-up comedy after the wrap of his legendary sitcom , alongside wannabe comic adams ' attempts to get his shot at the big time .",
5cf91066a42cd2bd,True,True,True,is n't as compelling or as believable as it should be .,
9f84e8dd705ae1a1,True,True,True,"despite the 2-d animation , the wild thornberrys movie makes for a surprisingly cinematic experience .",
ecf8388911d6a56d,True,True,True,( carvey 's ) characters are both overplayed and exaggerated,
afd0eca5136a1cb4,True,True,True,"shaky close-ups of turkey-on-rolls , stubbly chins , liver spots , red noses and the filmmakers new bobbed do draw easy chuckles but lead nowhere .",
c942b7e1a8d84aef,True,True,True,"that on the cinematic front , look no further than this 20th anniversary edition of the film that spielberg calls",
13c2d497b8874f5e,True,True,True,"some of their jokes work , but most fail miserably and in the end , pumpkin is far more offensive than it is funny .",
8e36b104d13a9872,True,False,True,labute does manage to make a few points about modern man and his problematic quest for human connection .,
b8ff644aa583b5f6,True,True,True,an unsophisticated sci-fi drama that takes itself all too seriously .,
fe5a1af530001681,True,True,True,"a chilly , remote , emotionally distant piece ... so dull that its tagline should be : `",
f542afb6f6e65878,True,True,True,"does n't contain half the excitement of balto , or quarter the fun of toy story 2",
85d5e708004045d1,True,True,True,"( kline 's ) utterly convincing -- and deeply appealing -- as a noble teacher who embraces a strict moral code , and",
910562a31aed9615,True,True,True,that it 's hardly over before it begins to fade from memory,
e71f4dd8f6e4f493,True,True,True,is too busy hitting all of its assigned marks to take on any life of its own,
f792264bc66d87cf,True,True,True,"as a skillfully assembled , highly polished and professional adaptation ... just about as chilling and unsettling as ` manhunter '",
beb5ce5fe81ab9a8,True,True,True,"a negligible work of manipulation , an exploitation piece doing its usual worst to guilt-trip parents",
5b7d495734a01905,True,True,True,"the last kiss will probably never achieve the popularity of my big fat greek wedding , but its provocative central wedding sequence has far more impact",
7fde981ed8558d3f,True,True,True,it deserves to be seen by anyone with even a passing interest in the events shaping the world beyond their own horizons .,
a072608cbf8142e8,True,False,True,it 's dark but has wonderfully funny moments ; you care about the characters ; and,
91ac3be9e84d92e5,True,True,True,"is a celebration of feminine energy , a tribute to the power of women to heal .",
be8af1f5d453343c,False,True,False,japan 's wildest filmmaker gives us a crime fighter carrying more emotional baggage than batman ...,
c6f16d1c4dbc0d21,True,True,True,"has elements of romance , tragedy and even silent-movie comedy",
c203dd314ffc8f26,True,True,True,a bad run in the market or a costly divorce,
1ebceecf32a944d7,True,True,True,"walked out muttering words like `` horrible '' and `` terrible , '' but",
e1e83c72285cf6cc,True,True,True,"if ever such a dependable concept was botched in execution , this is it .",
cf50191236f18514,True,True,True,"of a romantic crime comedy that turns out to be clever , amusing and unpredictable",
68dd107167cdb716,True,True,True,a classic fairy tale that perfectly captures the wonders and worries of childhood in a way that few movies have ever approached,
e2b63879dfa2a2cb,True,True,True,been lost in the translation ... another routine hollywood frightfest in which the slack execution italicizes the absurdity of the premise,
16b1c00c41c8ffe2,True,True,True,the script by vincent r. nebrida ... tries to cram too many ingredients into one small pot .,
c66eb22d40c21c4c,True,True,True,those films that started with a great premise and then just fell apart,
38e02928b52aa8ee,True,True,False,"we get a stab at soccer hooliganism , a double-barreled rip-off of quentin tarantino 's climactic shootout -- and meat loaf explodes .",
938243d1e3f5406f,True,True,True,"the cast , collectively a successful example of the lovable-loser protagonist , shows deft comic timing .",
cca7e9c623023d88,True,True,True,"we 've seen it all before in one form or another , but director hoffman , with great help from kevin kline , makes us care about this latest reincarnation of the world 's greatest teacher .",
8775a6a1c3e85634,True,True,True,"sodden and glum , even in those moments where it 's supposed to feel funny and light .",
ce62e60447a11313,True,True,True,certainly the big finish was n't something galinsky and hawley could have planned for ... but part of being a good documentarian is being there when the rope snaps .,
e18e84ab34a80ee8,True,True,True,nicholas nickleby '' is a perfect family film to take everyone to since there 's no new `` a christmas carol '' out in the theaters this year .,
a2bf111783bc6ebc,True,True,True,be one of those movies barely registering a blip on the radar screen of 2002 .,
b2dfd622c83a7d46,True,True,True,only now it 's begun to split up so that it can do even more damage,
38bc9ba7f7daf1ae,True,True,True,"a satisfying complete picture of this particular , anciently demanding métier",
be65bbca320a4639,False,False,False,"to include every top-notch british actor who did not appear in gosford park ( as well as one , ms. mirren , who did )",
51a787345f58cf6f,True,True,True,no palpable chemistry between lopez and male lead ralph fiennes,
f6e14cd860f870f3,True,True,True,deliberately and skillfully uses ambiguity to suggest possibilities which imbue the theme with added depth and resonance .,
97cfc74340a4a6b1,True,True,True,if you 're going to subjugate truth to the tear-jerking demands of soap opera,
01fe3301106b7f85,True,False,False,has all the sibling rivalry and general family chaos to which anyone can relate,
f748481dd0585786,True,True,True,"in theory , a middle-aged romance pairing clayburgh and tambor sounds promising , but in practice it 's something else altogether -- clownish and offensive and nothing at all like real life .",
6e3735a8ea32c4df,True,True,True,deftly spins the multiple stories in a vibrant and intoxicating fashion,
7cc632f448c07175,True,True,True,not in order to excuse him but rather to demonstrate that his pathology evolved from human impulses that grew hideously twisted,
98c378c558521fea,True,True,True,"great material for a film -- rowdy , brawny and lyrical in the best irish sense",
9eb5a28f0edea303,True,True,True,time to congratulate himself for having the guts to confront it,
4a114f6be1cbfbd3,False,False,False,"it 'll probably be in video stores by christmas ,",
329bed2a62a47a07,True,True,True,"is as bad as you think , and worse than you can imagine .",
a950a3c8ceee5589,True,True,True,"'s a long way from orwell 's dark , intelligent warning cry ( 1984 ) to the empty stud knockabout of equilibrium",
78a04927e8fbc3e5,True,True,True,"; not the craven of ' a nightmare on elm street ' or ` the hills have eyes , '",
4553d747ac02bb06,True,True,True,the cumulative effect of the movie is repulsive and depressing .,
181ee80aae7451f6,True,True,True,"when green threw medical equipment at a window ; not because it was particularly funny , but because i had a serious urge to grab the old lady at the end of my aisle 's walker and toss it at the screen in frustration",
e14c9bf311de3375,True,True,True,made by people to whom the idea of narrative logic or cohesion is an entirely foreign concept,
daf34fd7ac91105c,True,True,True,"oliver stone 's conspiracy thriller jfk was long , intricate , star-studded and visually flashy",
0c76599240d14964,True,True,True,of those films that started with a great premise and then just fell apart,
0fef728068e8170b,True,True,True,-- as long as you 're wearing the somewhat cumbersome 3d goggles,
2598fc34fac7380b,True,True,True,to perfect use in the breathtakingly beautiful outer-space documentary space station 3d,
853bc20fce14bf42,True,False,True,"hailed as a clever exercise in neo-hitchcockianism , this clever and very satisfying picture is more accurately chabrolian .",
6c0deea422000d7a,True,True,True,"a loose collection of not-so-funny gags , scattered moments of lazy humor",
afd95d0a3dd8e101,True,True,True,"it is amusing , and that 's all it needs to be .",
fb20e6b9bdf29063,True,True,True,it was just a matter of ` eh . ',
f22fb1b21a6009c9,True,True,True,it does a disservice to the audience and to the genre .,
32c43ad6043aa339,True,False,False,"sitting in a downtown café , overhearing a bunch of typical late-twenty-somethings natter on about nothing , and",
96ece34240c91675,True,True,True,"the movie straddles the fence between escapism and social commentary , and on both sides it falls short",
508b170617dd500a,True,True,True,so devoid of pleasure or sensuality that it can not even be dubbed hedonistic .,
40e56883079c5b93,False,False,False,"carry the movie because they are believable as people -- flawed , assured of the wrong things , and scared to admit how much they may really need the company of others .",
a8c07693973a5b3b,True,True,True,"right now , they 're merely signposts marking the slow , lingering death of imagination .",
e1736d20d89dc0c7,True,True,True,"of a surprisingly juvenile lark , a pop-influenced prank whose charms are immediately apparent",
e88925d94df7a6dd,True,True,True,you 're never quite sure where self-promotion ends and the truth begins,
8276d62dd1e4107d,True,True,True,the end result is like cold porridge with only the odd enjoyably chewy lump .,
3bb209b12e820e33,True,True,True,", the lady and the duke represents the filmmaker 's lifelong concern with formalist experimentation in cinematic art .",
105c7aabd5e310fc,True,True,True,an old-fashioned nature film that educates viewers with words and pictures while entertaining them,
c465b14f392ad232,True,True,True,where big stars and high production values are standard procedure,
070a549ad4ac0946,False,True,False,"faint of heart or conservative of spirit , but for the rest of us -- especially san francisco lovers",
200af5bad1f13cbc,True,False,True,"fits into a genre that has been overexposed , redolent of a thousand cliches , and yet remains uniquely itself , vibrant with originality",
c42adc68ea112b9c,True,True,True,"was when green threw medical equipment at a window ; not because it was particularly funny , but because i had a serious urge to grab the old lady at the end of my aisle 's walker and toss it at the screen in frustration .",
1f614825ee4781ef,True,True,True,be awed by the power and grace of one of the greatest natural sportsmen of modern times,
0ceeb47b35c59c11,True,True,True,the characters are never more than sketches ... which leaves any true emotional connection or identification frustratingly out of reach .,
4676bc19f31e526c,True,True,True,uses a magnificent landscape to create a feature film that is wickedly fun to watch,
78de29203ef8cd0d,True,True,True,with all the blanket statements and dime-store ruminations on vanity,
087d978d8ee6b830,True,True,True,"miyazaki 's nonstop images are so stunning , and his imagination so vivid",
20970e0b4eb6871e,True,True,True,"well , it probably wo n't have you swinging from the trees hooting it 's praises",
58d2eb814caf0391,False,False,True,"the plot of the comeback curlers is n't very interesting actually , but what i like about men with brooms and what is kind of special is how the film knows what 's unique and quirky about canadians .",
cea194283cbde6e4,True,True,False,"meets friday the 13th by way of clean and sober , filmed on the set of carpenter 's the thing and loaded with actors you 're most likely to find on the next inevitable incarnation of the love boat",
11626e0eefb62d19,True,True,True,"a summary of the plot does n't quite do justice to the awfulness of the movie , for that comes through all too painfully in the execution .",
966d0310488e3154,False,False,False,"ashamed in admitting that my enjoyment came at the expense of seeing justice served , even if it 's a dish that 's best served cold",
5a96445383e27ac2,True,True,True,while it may not add up to the sum of its parts,
598d60baf327fc2a,True,True,True,recycles every cliché about gays in what is essentially an extended soap opera,
13bb6029426f41ad,True,True,True,you 're burnt out on it 's a wonderful life marathons and bored with a christmas carol,
03fb96e9155ac065,True,True,True,"as a retooling of fahrenheit 451 , and even as a rip-off of the matrix",
2f8d50526cf145e6,True,True,True,as the voice-over hero in columbia pictures ' perverse idea of an animated holiday movie,
21734b744aa3e910,True,True,True,"the production has been made with an enormous amount of affection , so",
1040994c3d9860f8,True,True,True,"it made me feel unclean , and i 'm the guy who liked there 's something about mary and both american pie movies .",
efc96b499847fb5a,True,True,True,the best movie in many a moon about the passions that sometimes fuel our best achievements and other times,
fab4f55583f7b500,True,True,True,"though it 's become almost redundant to say so , major kudos go to leigh for actually casting people who look working-class .",
d86473e22f0313da,True,True,True,smacks of exhibitionism more than it does cathartic truth telling,
972eda2da0ade475,True,True,True,it is that it does n't give a damn .,
ea32480ee98afc6d,True,True,True,enhances the quality of neil burger 's impressive fake documentary .,
3f7bc4817e7c7c6c,True,True,True,"as rude and profane as ever , always hilarious and",
3a6aa5e64cd2395b,True,True,True,this is the stuff that disney movies are made of .,
52f2ea0ff06ac92d,True,False,True,"yes , spirited away is a triumph of imagination , but it 's also a failure of storytelling",
274128c75d009c76,False,False,True,"lets you brush up against the humanity of a psycho , without making him any less psycho .",
556898f63002f30e,False,True,False,"leave it to the french to truly capture the terrifying angst of the modern working man without turning the film into a cheap thriller , a dumb comedy or a sappy melodrama .",
8f6905eef1d46fd9,True,True,True,"all of it works smoothly under the direction of spielberg , who does a convincing impersonation here of a director enjoying himself immensely .",
56603b77b14d99ce,True,True,True,pact to burn the negative and the script and pretend the whole thing never existed,
29a7155c9b59f0c3,True,True,True,"try to create characters out of the obvious cliches , but wind up using them as punching bags .",
8837d61567ad14c0,True,True,True,"does n't conjure proper respect for followers of the whole dead-undead genre , who deserve more from a vampire pic than a few shrieky special effects",
cbd83546b7768448,True,True,True,"an oily arms dealer , squad car pile-ups and the requisite screaming captain",
11a666917c9cd04e,True,True,True,delightful mix of sulky teen drama and overcoming-obstacles sports-movie triumph,
a0c7a5cbb3d39616,False,True,False,", cletis tout might inspire a trip to the video store -- in search of a better movie experience .",
67fb2cc6da203ab9,True,True,True,a dumb movie with dumb characters doing dumb things and you have to be really dumb not to see where this is going .,
853f5a852e6fb74d,True,True,True,"a small fortune in salaries and stunt cars might have been saved if the director , tom dey , had spliced together bits and pieces of midnight run and 48 hours ( and , for that matter , shrek ) .",
e065723e6dd587d6,True,True,True,"the film would have been more enjoyable had the balance shifted in favor of water-bound action over the land-based ` drama , '",
e7f919d9744b3603,True,True,True,report card : does n't live up to the exalted tagline -,
e7102b44a09f0ff1,True,True,True,'s not a comedic moment in this romantic comedy .,
49d8179d0f5b9f6c,True,True,True,"it 's a lot to ask people to sit still for two hours and change watching such a character , especially when rendered in as flat and impassive a manner as phoenix 's .",
371ba9170a751455,True,True,False,relying on the viewer to do most of the work,
e246120c0451df6a,True,True,True,"street gangs and turf wars in 1958 brooklyn -- stale cliches , gratuitous violence ,",
dd85d261e9f5a8b1,True,True,True,"although mainstream american movies tend to exploit the familiar , every once in a while a film arrives from the margin that gives viewers a chance to learn , to grow , to travel .",
c1e3cc7c95e3e773,True,True,True,"be labeled ` hip ' , ` innovative ' and ` realistic '",
5ea271b0aeb88ea3,True,True,True,'ll find yourself remembering this refreshing visit to a sunshine state .,
67f6731c65c568fb,True,True,True,this stylish film that is able to visualize schizophrenia but is still confident enough to step back and look at the sick character with a sane eye,
0a69097307315ccb,True,True,True,piles layer upon layer of action man cliché atop wooden dialogue and a shifting tone that falls far short of the peculiarly moral amorality of ( woo 's ) best work,
c72a37a8b8c483bb,True,True,True,"because there 's not an original character , siuation or joke in the entire movie",
4a26d9f73d5206e6,True,True,True,a tearjerker that does n't and a thriller that wo n't,
5e00897b3b4fc716,True,True,True,idea ( of middle-aged romance ) is not handled well and,
8f178951fbd03d04,True,True,True,is about as humorous as watching your favorite pet get buried alive,
deb3553ff960f612,True,True,True,a must see for all sides of the political spectrum,
d95e8200d003ac69,True,True,True,"is n't blind to the silliness , but also captures moments of spontaneous creativity and authentic co-operative interaction",
e2d39d3dbcce0317,True,True,True,"is nicely shot , well-edited and features a standout performance by diane lane",
ffa229f89f3db2f6,True,True,True,"moviemaking for a larger-than-life figure , an artist who has been awarded mythic status in contemporary culture",
c5164cf9eb405087,True,True,True,"where janice beard falters in its recycled aspects , implausibility , and sags in pace",
a8f51eba0916556d,True,True,True,'s not nearly as fresh or enjoyable as its predecessor,
3b975c5bfd73f77f,True,True,True,the laziness and arrogance of a thing that already knows it 's won,
626d76cc5bade751,False,False,True,owes enormous debts to aliens and every previous dragon drama,
6da557d0d53d07b6,True,True,True,any sexual relationship that does n't hurt anyone and works for its participants,
a4fbddf1de1f1396,True,True,True,the problems and characters it reveals are universal and involving,
546b0c86c15d9114,False,False,True,"sort of loved the people onscreen , even though i could not stand them .",
fa0bd706a2bfe36f,True,True,True,ca n't rescue brown sugar from the curse of blandness,
9d950c20ccc57430,True,True,True,"an honest , sensitive story from a vietnamese point of view",
7d8ea783510a680a,True,True,True,impostor is a step down for director gary fleder .,
dc0970da997a7993,True,True,True,that the new film is a lame kiddie flick and,
7f72e62b8cb3c820,True,True,True,"no better or worse than ` truth or consequences , n.m. ' or any other interchangeable actioner with imbecilic mafia toolbags botching a routine assignment in a western backwater .",
1174e6a40a5a6c60,True,True,True,"ponderous , plodding soap opera disguised as a feature film .",
94d51f39b94e6422,True,True,True,"is cruel , misanthropic stuff with only weak claims to surrealism and black comedy .",
dd1e355372e2f751,True,True,True,"kissing jessica steinis quirky , charming and often hilarious .",
dcabba0f88f3768a,True,True,True,descends into such message-mongering moralism that its good qualities are obscured,
72d8dbc0b5f4b36e,True,True,True,this 100-minute movie only has about 25 minutes of decent material .,
5a3187ee19cda2af,True,True,True,"so insanely stupid , so awful in so many ways",
15fa991250c13aaa,True,False,True,looked like as a low-budget series on a uhf channel,
b5020c7bb598b728,True,True,True,"quite makes it to the boiling point , but manages to sustain a good simmer for most of its running time .",
0eaad333afef9dbb,True,True,True,"a clumsily manufactured exploitation flick , a style-free exercise in manipulation and mayhem",
8dbd6662c6674514,False,False,False,the glorious chicanery and self-delusion of this most american of businesses,
ac5b0aaeae24376f,True,True,True,that are powerful and moving without stooping to base melodrama,
3b2fa6c333aecefd,True,True,True,"lack contrast , are murky and are frequently too dark to be decipherable",
bf32c9351ffd1bb3,True,True,False,presents visceral and dangerously honest revelations about the men and machines behind the curtains of our planet .,
2ab87b1f6c54feee,True,True,True,of one of the greatest natural sportsmen of modern times,
50dfb27763ea2267,True,True,True,blade ii mutates into a gross-out monster movie with effects that are more silly than scary .,
111cd1558b499c5c,True,True,True,should pay money for what we can get on television for free,
63ac79d4ff31812a,True,True,True,"on crossing-over mumbo jumbo , manipulative sentimentality , and sappy dialogue",
d9e30560b058cfbd,True,True,True,is a vh1 behind the music special that has something a little more special behind it : music that did n't sell many records but helped change a nation .,
19f9d55b4d821713,True,True,True,of the film buzz and whir ; very little of it,
7df87c0d6223c1b7,True,True,True,"it 's a familiar story , but one that is presented with great sympathy and intelligence .",
22dea983f8c64c82,True,True,True,"the ensemble cast turns in a collectively stellar performance , and the writing is tight and truthful , full of funny situations and honest observations .",
f038841bd96e7fda,True,True,True,"'s a long way from orwell 's dark , intelligent warning cry ( 1984 )",
252ba045d3334a09,True,True,True,the `` soon-to-be-forgettable '' section of the quirky rip-off prison,
3254762ab9c48c61,True,True,True,the movie too often spins its wheels with familiar situations and repetitive scenes,
140ec0f599351871,True,True,True,"to a mix of the shining , the thing , and any naked teenagers horror flick",
af9d27aa73ee9ce0,False,False,True,are just so weird that i honestly never knew what the hell was coming next .,
03e4d4c09c49ee01,False,False,False,"is uncomfortably timely , relevant , and sickeningly real .",
07f3597737e56577,True,True,True,"has been , pardon the pun , sucked out and replaced by goth goofiness",
8cef048f342d4e0b,True,True,True,the film 's thoroughly recycled plot and tiresome jokes ...,
3adec59cb4162515,True,True,True,"of business notable largely for its overwhelming creepiness , for an eagerness to create images you wish you had n't seen",
2396ac23dab004ee,True,True,True,with a few four letter words thrown in that are generally not heard on television,
65cf660ef49d67ff,False,False,False,"it makes the silly spy vs. spy film the sum of all fears , starring ben affleck , seem downright hitchcockian",
de8dd19ba3930979,False,True,True,by an energy that puts the dutiful efforts of more disciplined grade-grubbers,
3775f7b58bbee327,True,True,True,is one of the best-sustained ideas i have ever seen on the screen .,
a8fa3d386ecb07b9,True,True,True,"like the rugrats movies , the wild thornberrys movie does n't offer much more than the series , but",
1527d99960abdd09,True,True,True,"is meaningless , vapid and devoid of substance , in a movie that is definitely meaningless , vapid and devoid of substance",
64bf2e1fd7c333cc,True,True,True,"the tv movie-esque , affected child acting to the dullest irish pub scenes ever filmed",
f47daf96abe769a0,True,True,True,"normally , rohmer 's talky films fascinate me , but when he moves his setting to the past , and relies on a historical text , he loses the richness of characterization that makes his films so memorable .",
9d0dc7145078f934,True,True,True,"such a wildly uneven hit-and-miss enterprise , you ca n't help suspecting that it was improvised on a day-to-day basis during production .",
f45feb45095ba5e1,True,True,True,working from a surprisingly sensitive script co-written by gianni romoli,
319c23b1e8790d78,True,True,True,"ends with outtakes in which most of the characters forget their lines and just utter ` uhhh , ' which is better than most of the writing in the movie",
b629de059e547ef5,False,False,False,"this is historical filmmaking without the balm of right-thinking ideology , either liberal or conservative .",
c655e2af293f46e1,True,True,True,"of what 's become one of the movies ' creepiest conventions , in which the developmentally disabled",
e76f3dee02ae3a8e,True,True,True,only for the film 's publicists or for people who take as many drugs as the film 's characters,
ab713d7c9314540f,True,True,True,"is a stunning film , a one-of-a-kind tour de force .",
3d4193cc9cac6b60,True,True,True,"inhabit that special annex of hell where adults behave like kids ,",
151c2c67b61c5fd3,False,True,False,"suits the story , wherein our hero must ride roughshod over incompetent cops to get his man",
7287ea5fad899244,True,True,True,by french filmmaker karim dridi that celebrates the hardy spirit of cuban music,
8408126ab24a2776,True,False,False,", it succeeds as a powerful look at a failure of our justice system .",
253dd2a3c56bb4eb,True,True,True,has made a film that is an undeniably worthy and devastating experience .,
40b595e3b812f1d3,True,True,True,rooting for the film to hurry up and get to its subjects ' deaths just so the documentary will be over,
fba84bf0f9f599fd,True,True,True,'s remarkable procession of sweeping pictures that have reinvigorated the romance genre,
f755345ab13efdc4,True,False,True,"the story line may be 127 years old , but el crimen del padre amaro ... could n't be more timely in its despairing vision of corruption within the catholic establishment .",
3c11e780d77a8563,True,True,True,rife with nutty cliches and far too much dialogue .,
a996f04a185badbb,False,False,False,"strip it of all its excess debris , and you 'd have a 90-minute , four-star movie .",
e31ce6664e6b9ba1,True,True,True,felt and vividly detailed story about newcomers in a strange new world,
afc652ba47297447,True,True,True,"explore its principal characters with honesty , insight and humor",
1f73cbc4167b5268,True,True,True,"is a movie that tells stories that work -- is charming , is moving",
689aec04164963cf,True,True,True,god is great addresses interesting matters of identity and heritage,
d68c584ee4ab09b3,True,True,True,create a feature film that is wickedly fun to watch,
c984d8a12fe5d454,False,False,False,might try paying less attention to the miniseries and more attention to the film it is about .,
6defa26760806d9c,True,True,True,the leads we are given here are simply too bland to be interesting .,
1b2e1e553f1d999b,True,True,True,fuses the events of her life with the imagery in her paintings so vividly that the artist 's work may take on a striking new significance for anyone who sees the film,
acd6631f07c2ff15,True,True,True,comes across as lame and sophomoric in this debut indie feature .,
b7e17a62b3d22519,True,True,True,to the failure of the third revenge of the nerds sequel,
df5177b1d18500a0,True,False,True,"leave the same way you came -- a few tasty morsels under your belt , but no new friends .",
ac4db83d572b6d1f,True,True,True,"all the more disquieting for its relatively gore-free allusions to the serial murders ,",
90fc2d7356b6cf8d,True,True,True,"is , in a word , brilliant as the conflicted daniel",
916d1cc4a9f2094f,True,True,True,that this film asks the right questions at the right time in the history of our country,
ae8b1314d4ddbd2d,True,True,True,"those who are only mildly curious , i fear , will be put to sleep or bewildered by the artsy and often pointless visuals .",
c44850585f8a74e3,True,True,True,"though ford and neeson capably hold our interest , but its just not a thrilling movie",
84546caa055dc335,True,True,True,"more of a creaky `` pretty woman '' retread , with the emphasis on self-empowering schmaltz and big-wave surfing that gives pic its title an afterthought",
e40a03226f61b54e,True,True,True,"require the patience of job to get through this interminable , shapeless documentary about the swinging subculture",
ee64a2eddfa9c478,True,True,True,"even with a green mohawk and a sheet of fire-red flame tattoos covering his shoulder , however , kilmer seems to be posing , rather than acting .",
cc0efdd826dd2cdb,True,False,True,make up its mind whether it wants to be a gangster flick or an art film,
1410813e3f698bd6,True,True,True,the performances and the cinematography to the outstanding soundtrack and unconventional narrative,
793000cd2cfa6d8b,True,True,True,engaging enough to keep you from shifting in your chair too often,
a427658c7db164b1,True,True,True,have dumped a whole lot of plot in favor of ... outrageous gags,
9ee7231faf7f020e,True,True,True,"he showcases davies as a young woman of great charm , generosity and diplomacy",
d6238c44d4ee1379,True,True,True,to suggest possibilities which imbue the theme with added depth and resonance,
b7d8fc81951626d2,True,True,True,the most ingenious film comedy since being john malkovich .,
436e75da2c7f8175,True,True,True,"into a mostly magnificent directorial career , clint eastwood 's efficiently minimalist style",
6c4fa003752d0e87,True,True,True,going to feel like you were n't invited to the party,
5f74eb716ae60f92,True,True,True,'s unlikely to become a household name on the basis of his first starring vehicle .,
2f684e41a2a98e45,True,True,True,"an emotionally and spiritually compelling journey seen through the right eyes , with the right actors and with the kind of visual flair that shows what great cinema can really do .",
0ffd1b891b5471b9,True,True,True,but it also has many of the things that made the first one charming .,
844a762c45963ac5,True,True,True,roman polanski 's autobiographical gesture at redemption is better than ` shindler 's list ' -,
7c25f31006c9c8be,True,True,True,"... a low rate annie featuring some kid who ca n't act , only echoes of jordan , and weirdo actor crispin glover screwing things up old school .",
e5ebab650754cd4f,True,True,True,there 's something fishy about a seasonal holiday kids ' movie ... that derives its moment of most convincing emotional gravity from a scene where santa gives gifts to grownups .,
4cec541f66751530,True,True,True,i ca n't say it 's on par with the first one,
1c0e17e7be65bb8f,True,True,True,makes oliver far more interesting than the character 's lines would suggest,
f0ba3f304dd88362,True,True,True,this frozen tundra soap opera that breathes extraordinary life into the private existence of the inuit people,
74a700ac26499942,True,True,True,anchor the film in a very real and amusing give-and-take,
f654a9f2ef88204c,True,True,True,"play well in european markets , where mr. besson is a brand name , and in asia , where ms. shu is an institution",
a4fbe2d3536ecf40,True,True,True,about every cliche in the war movie compendium across its indulgent two-hour-and-fifteen-minute length,
08aa07b21e6ba562,True,True,True,"staged like `` rosemary 's baby , '' but is not as well-conceived as either of those films .",
88f31f4c4b98a522,True,True,True,"the film has a laundry list of minor shortcomings ,",
eab6e4e5a36e75a8,True,True,True,"nothing overly original , mind you , but solidly entertaining",
c757fec139c997c7,True,True,True,"her appear foolish and shallow rather than , as was more likely ,",
f9c7d27985864f46,True,True,True,"of this bittersweet , uncommonly sincere movie that portrays the frank humanity of ... emotional recovery",
5965395dff3b3d91,True,True,True,are too many bona fide groaners among too few laughs,
95c139e8f0797e87,True,True,True,"audrey tatou has a knack for picking roles that magnify her outrageous charm , and in this literate french comedy , she 's as morning-glory exuberant as she was in amélie .",
486eeb4d3b1b177d,True,True,True,"soderbergh 's best films , `` erin brockovich , ''",
099123d30707893d,True,True,True,"is not that it 's offensive , but that it 's boring",
6734782b84b611f9,True,True,True,"the unexpected thing is that its dying , in this shower of black-and-white psychedelia , is quite beautiful .",
a095e6993b703ddb,True,True,True,"a really cool bit -- the movie 's conception of a future-world holographic librarian ( orlando jones ) who knows everything and answers all questions , is visually smart , cleverly written , and nicely realized",
183da4bafd3ca325,True,True,True,"there must be an audience that enjoys the friday series , but",
b46aad9f5713ce13,False,True,False,engages less for its story of actorly existential despair than for its boundary-hopping formal innovations and glimpse into another kind of chinese ` cultural revolution .,
3de6deaff9587fbb,False,False,False,inspire a trip to the video store -- in search of a better movie experience,
94b782f899fe5187,True,True,True,", the experience of actually watching the movie is less compelling than the circumstances of its making .",
9d86519d02de325e,True,True,True,is simply not enough of interest onscreen to sustain its seventy-minute running time,
b42550d356eb512f,True,True,True,awfully hard to buy the impetus for the complicated love triangle that develops between the three central characters,
3812562477c4f5fe,True,True,True,"diesel , with his brawny frame and cool , composed delivery , fits the bill perfectly",
5c0e97b1edd569ca,True,True,True,be utterly entranced by its subject and still show virtually no understanding of it,
21222ba74837adbf,True,True,True,it asks nothing of the audience other than to sit back and enjoy a couple of great actors hamming it up .,
353eddf2ec1d8a03,True,True,True,"with outtakes in which most of the characters forget their lines and just utter ` uhhh , ' which is better than most of the writing in the movie",
6f5c4fa39ef24606,True,True,True,", soderbergh is n't afraid to try any genre and to do it his own way .",
65e439707f05193d,True,True,True,is so deadly dull that watching the proverbial paint dry would be a welcome improvement,
054afdc8e7953725,True,True,True,"can just follow the same blueprint from hundreds of other films , sell it to the highest bidder and walk away without anyone truly knowing your identity",
564081b28c5f9194,True,True,True,"tells stories that work -- is charming , is moving",
3a733688ae41c9cb,True,True,True,even more reassuring is how its makers actually seem to understand what made allen 's romantic comedies so pertinent and enduring,
0d27810b9025298c,True,True,True,it is doubtful this listless feature will win him any new viewers,
8c190899957781d5,True,True,True,"is one of those crazy , mixed-up films that does n't know what it wants to be when it grows up .",
0208e7f0ebbb03bc,False,True,True,"this film for its harsh objectivity and refusal to seek our tears , our sympathies",
ccdc0b96bd6deb86,True,True,False,translation : ` we do n't need to try very hard,
314a66ba9a52b169,True,True,True,is a film that takes a stand in favor of tradition and warmth .,
08afa9a439b034a6,True,True,True,"badly edited , often awkwardly directed and suffers from the addition of a wholly unnecessary pre-credit sequence designed to give some of the characters a ` back story",
914c727c15270bd6,True,True,True,populates his movie with a wonderful ensemble cast of characters that bring the routine day to day struggles of the working class to life,
fb4fef9b4ab0b08a,True,True,True,a deserved co-winner of the audience award for documentaries at the sundance film festival,
bf9cd9c8bd6c7eda,True,True,True,'m not sure which will take longer to heal : the welt on johnny knoxville 's stomach from a riot-control projectile or my own tortured psyche .,
0a9d98228965b7e0,True,True,True,"let crocodile hunter steve irwin do what he does best ,",
f9f95280a57c444f,True,True,True,"( or worth rooting against , for that matter )",
b5aeb572c3414d00,True,True,True,"although it starts off so bad that you feel like running out screaming , it eventually works its way up to merely bad rather than painfully awful .",
eb8df58efccc3bd7,True,True,True,"... the first 2/3 of the film are incredibly captivating and insanely funny , thanks in part to interesting cinematic devices ( cool visual backmasking ) , a solid cast , and some wickedly sick and twisted humor ...",
daed1d8b31c8c5c9,True,True,True,the dignity of an action hero motivated by something more than franchise possibilities,
b91ca07e130f2d27,False,True,False,"seemingly eternal running time to pique your interest , your imagination , your empathy or anything , really , save your disgust and your indifference",
2caad33388770a0f,True,True,True,"is to ponder how a whole segment of pop-music history has been allowed to get wet , fuzzy and sticky .",
1632f441a2c1a368,True,True,True,this 90-minute postmodern voyage was more diverting and thought-provoking than i 'd expected it to be .,
898f68d0e5597989,False,False,False,recite some of this laughable dialogue with a straight face,
0a1e90a8c8a84d4b,True,True,True,"little action , almost no suspense or believable tension ,",
4d35e06e047212d8,True,True,True,'s a great deal of corny dialogue and preposterous moments,
6a3ce988a49124a8,True,True,True,", after only three films , director/co-writer jacques audiard , though little known in this country , belongs in the very top rank of french filmmakers",
70d800d91d5e4794,True,True,True,"gone , replaced by the forced funniness found in the dullest kiddie flicks",
fdbdad55be0ee907,True,True,True,"so much of the movie -- again , as in the animal -- is a slapdash mess",
17f2338b50df15df,True,True,True,you come to believe that nachtwey hates the wars he shows and empathizes with the victims he reveals .,
74171dae4a119c56,True,True,True,"the cultural and economic subtext , bringing richer meaning to the story 's morals",
5086d1e4a10c6716,True,True,True,"it 's of the quality of a lesser harrison ford movie - six days , seven nights , maybe , or that dreadful sabrina remake .",
ff9ac5c3700b9126,True,True,True,the movie 's wildly careening tone and an extremely flat lead performance do little to salvage this filmmaker 's flailing reputation .,
6360f02726af2974,True,True,True,"trouble every day is a success in some sense , but it 's hard to like a film so cold and dead .",
11743879c758bc5d,True,True,True,"ends up more of a creaky `` pretty woman '' retread , with the emphasis on self-empowering schmaltz and big-wave surfing that gives pic its title an afterthought",
9854edc776227f63,True,True,True,provides a window into a subculture hell-bent on expressing itself in every way imaginable,
5e945b3a289a2830,True,True,True,demonic doings on the high seas that works better the less the brain is engaged,
09c43488c28f45a7,True,True,True,"the artwork is spectacular and unlike most animaton from japan , the characters move with grace and panache .",
cdab6a1838bcf2c1,True,True,True,it 's hard to believe these jokers are supposed to have pulled off four similar kidnappings before .,
d01b12085e3bdc18,True,True,True,does the trick of making us care about its protagonist and celebrate his victories,
4671431313744db9,True,True,True,"reyes ' directorial debut has good things to offer , but ultimately it 's undone by a sloppy script",
5da032b54d777ef3,True,True,True,"is a movie filled with unlikable , spiteful idiots ;",
68d452a89554c9de,True,True,True,have a résumé loaded with credits like `` girl in bar # 3,
4144965000ab420c,False,False,True,"the hype , the celebrity , the high life , the conspiracies and the mystery",
f209e7e13d26df84,False,True,True,"s1m0ne 's satire is not subtle , but it is effective .",
eebc47e398d2bf7b,True,True,True,miller has crafted an intriguing story of maternal instincts and misguided acts of affection .,
1ec71b82788c5739,True,True,True,works on the whodunit level as its larger themes get lost in the murk of its own making,
40e277ba5be2d043,True,True,True,is ultimately scuttled by a plot that 's just too boring and obvious,
b8719ded36973995,True,True,True,"both a revealing look at the collaborative process and a timely , tongue-in-cheek profile of the corporate circus that is the recording industry in the current climate of mergers and downsizing",
da99e3bd8968fc33,True,True,True,"jagged , as if filmed directly from a television monitor ,",
d027049816d6d84e,True,True,True,wasted a lot of their time ( including mine ) on something very inconsequential,
54ca0c402f12cc1f,True,True,True,"exploitative for the art houses and too cynical , small and",
512bea499cc1ea42,True,True,True,might go down as one of the all-time great apocalypse movies .,
4de1c03d1ec1f239,True,True,True,believability was n't one of the film 's virtues .,
a64765e0c2ffb394,True,True,True,just might go down as one of the all-time great apocalypse movies .,
22003a360e628a70,True,True,True,"as an entertainment destination for the general public , kung pow sets a new benchmark for lameness .",
bad37a35263056b5,True,True,True,"'s the element of condescension , as the filmmakers look down on their working-class subjects from their lofty perch , that finally makes sex with strangers , which opens today in the new york metropolitan area , so distasteful .",
57adf0a0d643409b,True,True,True,mira nair 's film is an absolute delight for all audiences,
03393c57c6f8a9a4,False,False,True,", the most restless young audience deserves the dignity of an action hero motivated by something more than franchise possibilities .",
ec5be95305641e83,True,True,True,"though jones and snipes are enthralling , the movie bogs down in rhetoric and cliché .",
e5937ae0e3fcf728,True,True,True,"a sexy , peculiar and always entertaining costume drama set in renaissance spain , and the fact that it 's based on true events",
96fd919f343fd38b,True,True,True,is so clumsily sentimental and ineptly directed it may leave you speaking in tongues .,
53797e8094894429,True,True,True,nothing funny in this every-joke-has - been-told-a - thousand-times - before movie,
ff759e96c054057c,True,True,True,... broad streaks of common sense emerge with unimpeachable clarity .,
8d13a89f8d66c01c,True,True,True,-- but it makes for one of the most purely enjoyable and satisfying evenings at the movies i 've had in a while .,
842238f944117a78,True,True,True,manages to show the gentle and humane side of middle eastern world politics,
3a2adaec659b1d29,True,True,True,"formulaic , its plot and pacing typical hollywood war-movie stuff ,",
e75e6c6d23cf1546,True,True,True,turns a blind eye to the very history it pretends to teach .,
5525f4a295eb145f,True,True,True,that the debate it joins is a necessary and timely one,
8c39adabce3f31d6,True,True,True,an inexpressible and drab wannabe looking for that exact niche,
4177e9659c054f9c,True,True,True,"the color sense of stuart little 2 is its most immediate and most obvious pleasure ,",
e2351b1906b21585,True,True,True,"the movie 's ultimate point -- that everyone should be themselves -- is trite ,",
adad7cb5348d0101,True,True,True,"immensely ambitious , different than anything that 's been done before and",
53dc6f686a16240c,True,True,True,"lynne ramsay as an important , original talent in international cinema",
360cbe4880302a78,True,True,True,300 hundred years of russian cultural identity and a stunning technical achievement,
4fe237a5619511b6,True,True,True,", unlike those in moulin rouge , are crisp and purposeful without overdoing it",
df3b1447c28719a9,False,False,False,implicitly acknowledges and celebrates the glorious chicanery and self-delusion of this most american of businesses,
918bea6031bcf565,True,True,True,"the master of disguise may have made a great saturday night live sketch , but a great movie it is not .",
a1078fe5d48aed97,True,True,True,enables shafer to navigate spaces both large ... and small ... with considerable aplomb,
05589e83c4409a14,True,True,True,that a movie as artificial and soulless as the country bears owes its genesis to an animatronic display at disneyland,
9783f8e72523d9c7,True,True,True,encounter in a place where war has savaged the lives and liberties of the poor and the dispossessed .,
84dc7d7aa915cf99,True,True,False,"a lovely trifle that , unfortunately , is a little too in love with its own cuteness",
856e1c322ca33a1c,True,True,True,the debate it joins is a necessary and timely one,
f7cdb3398e6dba14,False,False,False,comprehend the chasm of knowledge that 's opened between them,
b0202b6936cbbca4,True,True,True,"as the two leads , lathan and diggs are charming and have chemistry both as friends and lovers .",
dc5c295fb51e9e6b,True,True,True,"( the film ) tackles the topic of relationships in such a straightforward , emotionally honest manner that by the end",
d01e2f174ae90406,True,True,True,a by-the-numbers effort that wo n't do much to enhance the franchise .,
b2ee4948ecc30076,True,True,True,"the answer is clear : not easily and , in the end , not well enough .",
96fb5ab043a14946,False,True,False,could n't be more timely in its despairing vision of corruption within the catholic establishment,
c95688b39d16a417,False,True,False,'s refreshing after the phoniness of female-bonding pictures like divine secrets of the ya-ya sisterhood,
fc02538ce2147784,True,True,True,an enthusiastic charm in fire that makes the formula fresh again,
553fd183a4f08cc9,True,True,True,"as it stands , crocodile hunter has the hurried , badly cobbled look of the 1959 godzilla , which combined scenes of a japanese monster flick with canned shots of raymond burr commenting on the monster 's path of destruction .",
f59e2399a39cfd74,True,True,True,me wonder if lawrence hates criticism so much that he refuses to evaluate his own work,
6ada9d1a9423abec,True,True,True,"obvious , preposterous , the movie will likely set the cause of woman warriors back decades .",
276c18417f36d95b,True,True,True,"high crimes carries almost no organic intrigue as a government / marine/legal mystery , and",
db858f25792f5f63,True,True,True,is one of those rare docs that paints a grand picture of an era and makes the journey feel like a party,
6d2ef6c108681b1f,True,True,True,comes across as stick figures reading lines from a teleprompter,
81deb66cd59fb9de,True,True,True,have managed to pack it with enough action to satisfy the boom-bam crowd without a huge sacrifice of character and mood,
0c40d26edff6f3a0,True,True,True,"which is in more abundant supply in this woefully hackneyed movie , directed by scott kalvert , about street gangs and turf wars in 1958 brooklyn -- stale cliches , gratuitous violence , or empty machismo",
7ac3197063e33984,True,True,True,you 'll leave the theater wondering why these people mattered,
4764052cc602d49f,True,True,True,"the picture uses humor and a heartfelt conviction to tell a story about discovering your destination in life , but",
e664282cf0539aaf,False,True,True,the film above anything sandler 's been attached to before,
fe1d4aef5507d7ff,False,False,False,something serious to say about the ways in which extravagant chance can distort our perspective and throw us off the path of good sense,
8ca67a0351cf48bc,True,True,False,", mr. murray , a prolific director of music videos , stuffs his debut with more plot than it can comfortably hold .",
7b45d7d772518948,True,True,True,is a bit like getting all excited about a chocolate eclair and then biting into it and finding the filling missing,
d3eb3ce04938b532,True,True,True,at once overly old-fashioned in its sudsy plotting and heavy-handed in its effort to modernize it with encomia to diversity and tolerance,
8cd431d529c2da86,True,True,True,"see an artist , still committed to growth in his ninth decade , change while remaining true to his principles",
0f33ecc7a9fcf0ee,True,True,True,"one well-timed explosion in a movie can be a knockout ,",
5f7b0243e0945fd3,False,False,False,structured less as a documentary and more as a found relic,
02896bfd325e30e9,True,True,True,"'s a tribute to the actress , and to her inventive director ,",
ba0e1919087671ae,True,True,True,"though the aboriginal aspect lends the ending an extraordinary poignancy , and the story",
e53fc50bc5618fbe,True,True,True,"feels contrived , as if the filmmakers were worried the story would n't work without all those gimmicks",
8ba2c890db170f55,True,True,True,is to be viewed and treasured for its extraordinary intelligence and originality as well as its lyrical variations on the game of love,
c4fafe2b6dc14ea5,True,True,True,stumbles over every cheap trick in the book trying to make the outrage,
1a8c22207c99b7c9,True,True,True,"had just typed ` chris rock , ' ` anthony hopkins ' and ` terrorists ' into some univac-like script machine",
a8911606bb208b7a,True,True,True,a fudged opportunity of gigantic proportions -- a lunar mission with no signs of life,
2f526359bf9cafd5,True,True,True,"fascinating ... an often intense character study about fathers and sons , loyalty and duty .",
542f74aa17d31e4a,False,False,False,a sobering and powerful documentary about the most severe kind of personal loss : rejection by one 's mother .,
eab9af393a040b4a,True,True,True,"exciting and direct , with ghost imagery that shows just enough to keep us on our toes .",
cef846a3e93fa335,True,True,True,barney throws away the goodwill the first half of his movie generates by orchestrating a finale that is impenetrable and dull .,
8ae6ae0dac4c062d,True,True,True,that sometimes it 's difficult to tell who the other actors in the movie are,
5835621212dc5103,True,True,True,trying to make head or tail of the story in the hip-hop indie snipes is enough to give you brain strain,
776b4ecffda3adc5,True,True,True,the world needs more filmmakers with passionate enthusiasms like martin scorsese .,
0129545d0ff10fa6,True,True,True,has made a film so unabashedly hopeful that it actually makes the heart soar,
00df692e7464a5a6,True,True,True,"tsai has a well-deserved reputation as one of the cinema world 's great visual stylists , and in this film , every shot enhances the excellent performances",
ecfa97f0d66e1677,True,True,True,halfway mark it takes an abrupt turn into glucose sentimentality and laughable contrivance .,
b26e5306edaee7e7,True,True,True,be the worst film a man has made about women since valley of the dolls,
54254d70d97dfb7c,True,True,True,"if disney 's cinderella proved that ' a dream is a wish your heart makes , ' then cinderella ii proves that a nightmare is a wish a studio 's wallet makes .",
c7da13b6f5db55dd,True,True,True,"as a kind of colorful , dramatized pbs program , frida gets the job done .",
1d7085f12f76cc82,True,True,True,"do with the casting of juliette binoche as sand , who brings to the role her pale , dark beauty and characteristic warmth",
e2a595581a8e3215,False,False,False,try paying less attention to the miniseries and more attention to the film it is about,
8611bafab092afa2,True,True,True,", proves it 's never too late to learn .",
f7db914f68a5be83,True,True,True,hindered by a central plot that 's peppered with false starts and populated by characters who are nearly impossible to care about,
74c171d3e034f91f,True,True,True,is paced at a speed that is slow to those of us in middle age and deathly slow to any teen,
510e9bee51539f8b,True,True,True,"features nonsensical and laughable plotting , wooden performances , ineptly directed action sequences and some of the worst dialogue in recent memory .",
7b2796e0871b9e85,False,True,True,"enough may pander to our basest desires for payback , but unlike many revenge fantasies , it ultimately delivers",
bef6b764b384c426,True,True,True,as big-screen remakes of the avengers and the wild wild west,
c8e44f3ea07fca73,False,False,False,place most of the psychological and philosophical material in italics,
5849d1ba65128af7,True,False,True,"has a certain ghoulish fascination , and generates a fair amount of b-movie excitement .",
1f9c9fd12efeb8d2,True,True,True,content with a clever pseudo-bio that manages to have a good time as it doles out pieces of the famous director 's life,
a5e06ba117d7604d,True,True,True,"to ponder how a whole segment of pop-music history has been allowed to get wet , fuzzy and sticky",
9d464263fb6c3374,True,True,True,as if we 're seeing something purer than the real thing,
e981c8970f9a2a6b,True,True,True,i walked away from this new version of e.t. just as i hoped i would -- with moist eyes .,
8b4b6cc886f792af,True,True,False,"mr. murray , a prolific director of music videos , stuffs his debut with more plot than it can comfortably hold .",
45ad7ded2024703b,True,True,True,"'s simply stupid , irrelevant and deeply , truly , bottomlessly cynical .",
bf23b19efc4a0c27,True,True,True,which gives you an idea just how bad it was,
81a4173e8c19aa49,True,True,True,ransacked every old world war ii movie for overly familiar material,
f0a570b48f378a00,True,True,True,"should be doing a lot of things , but does n't .",
67307957f31f7f67,True,True,True,what a pity ... that the material is so second-rate .,
1db422221a1da885,True,True,True,that 's packed with just as much intelligence as action,
299dd8f610e4523d,True,True,True,this movie is about the worst thing chan has done in the united states .,
3643ac13d756699c,True,True,True,might be wishing for a watch that makes time go faster rather than the other way around .,
d854f18d99c3c353,True,True,True,it 's definitely a step in the right direction .,
fe2ab7e6e006bef2,True,True,True,a film that suffers because of its many excesses .,
8fbbff6846e75593,True,True,True,that spends a bit too much time on its fairly ludicrous plot .,
c4e4cd8f751ad107,True,True,True,"thanks to the château 's balance of whimsicality , narrative discipline and serious improvisation",
2187aba0d95debf1,True,True,True,"freedom the iranian people already possess , with or without access to the ballot box",
44f0040236c14f84,True,True,True,"an engaging fantasy of flavors and emotions , one part romance novel , one part recipe book",
44495f6b7b6459e8,True,True,False,need to adhere more closely to the laws of laughter,
1a28292096e8f718,True,True,True,so muddled and derivative that few will bother thinking it all through,
206ee0bfd63f8837,True,True,True,"accept the characters and the film , flaws and all",
852f7639d3de8cd7,True,True,True,watch with kids and use to introduce video as art,
cb150d6da5dc7bfd,True,True,True,all of the filmmakers ' calculations ca n't rescue brown sugar from the curse of blandness .,
87ba155cd8d24b00,True,True,True,"funny in a way that 's too loud , too goofy and too short of an attention span",
56554b04cd724f2b,True,True,True,were n't as beautifully shaped and as delicately calibrated in tone,
5bda0ded9b2d9824,True,True,True,"( gosling 's ) combination of explosive physical energy and convincing intelligence helps create a complex , unpredictable character .",
005098f5d8b569b5,True,True,False,that will strike a chord with anyone who 's ever,
9bf956e3f348adf4,True,True,True,"rifkin no doubt fancies himself something of a hubert selby jr. , but there is n't an ounce of honest poetry in his entire script ;",
b7ef9080e17afc30,True,True,True,given relatively dry material from nijinsky 's writings to perform,
4e3c21e68b111546,True,True,True,"all the substance of a twinkie -- easy to swallow , but scarcely nourishing",
860475480acff459,True,True,True,"faithful without being forceful , sad without being shrill , `` a walk to remember '' succeeds through sincerity .",
e7b49cfb637c0ff4,True,True,True,'s the gift of the magi relocated to the scuzzy underbelly of nyc 's drug scene,
78abf88d4729eec6,True,True,True,"decided to let crocodile hunter steve irwin do what he does best , and fashion a story around him .",
91d8bd9a63d2fb2c,True,True,True,several times here and reveals how bad an actress she is .,
59884797119a8647,False,True,False,"does n't have much panache , but with material this rich it does n't need it",
be55f2687bd9d512,True,True,True,is so earnest that it 's hard to resist his pleas to spare wildlife and respect their environs .,
34868be0e548b58e,True,True,True,has stepped into the mainstream of filmmaking with an assurance worthy of international acclaim and with every cinematic tool well under his control,
673aaaca08222ef8,True,True,True,with flashbulb editing as cover for the absence of narrative continuity,
6bdd46d6c6564b75,True,True,True,"than a movie , which normally is expected to have characters and a storyline",
8ef39bb34dae88ea,True,True,True,"occasionally loud and offensive , but more often , it simply lulls you into a gentle waking coma .",
25da7172aa8a63f7,True,True,True,easy to swallow thanks to remarkable performances by ferrera and ontiveros,
47b467864e2af1c5,True,True,True,'ve had the misfortune to watch in quite some time .,
111db507a51a659b,True,True,True,"a depraved , incoherent , instantly disposable piece of hackery .",
a327ceed7d4c4ff0,True,True,True,managed to pack it with enough action to satisfy the boom-bam crowd without a huge sacrifice of character and mood,
5da0a55f690ade2d,True,True,True,"watching this film , what we feel is n't mainly suspense or excitement .",
085a3c1b4115b3f3,True,True,True,"seems to want to be a character study , but apparently",
23dbc10794739f13,False,True,False,comes alive when poor hermocrates and leontine pathetically compare notes about their budding amours,
e776e6fb836275e9,True,True,True,"brings together some of the biggest names in japanese anime , with impressive results .",
82e61a839a691c2a,True,True,True,"the heart of the film is a touching reflection on aging , suffering and the prospect of death .",
9e6496e4352ecdfc,True,True,True,"the biggest problem i have ( other than the very sluggish pace ) is we never really see her esther blossom as an actress , even though her talent is supposed to be growing .",
786f3c93fc099e05,True,True,True,"but unless you 're an absolute raving star wars junkie , it is n't much fun .",
fd7164cbeedc5523,True,True,True,"the movie , directed by mick jackson , leaves no cliche unturned , from the predictable plot to the characters straight out of central casting .",
63fc795b9326b122,True,True,True,what elevates the movie above the run-of-the-mill singles blender is its surreal sense of humor and technological finish .,
b92761ef19d4d12b,True,True,True,it classicism or be exasperated by a noticeable lack of pace,
5de995ed9f0a7779,True,True,True,an engrossing portrait of a man whose engaging manner and flamboyant style made him a truly larger-than-life character,
8d68d9ca0a311238,True,True,True,it may leave you feeling a little sticky and unsatisfied,
4553d4301f82dfaa,True,True,True,the master of disguise represents adam sandler 's latest attempt to dumb down the universe .,
1b0b1a240b1baf06,True,True,True,"low-grade dreck that usually goes straight to video -- with a lousy script , inept direction , pathetic acting , poorly dubbed dialogue and murky cinematography ,",
920f98e354ac3402,True,True,True,through the mire of this alleged psychological thriller in search of purpose or even a plot,
4c0afdb2cdb60972,False,True,False,"allowed to use the word `` new '' in its title , because there 's not an original character , siuation or joke in the entire movie",
ef998cd75997dd47,True,True,True,"is all about a wild-and-woolly , wall-to-wall good time .",
56769f35ddf3fd1a,True,True,True,reveals how we all need a playful respite from the grind to refresh our souls .,
9f5d53d41bc9e3b9,True,True,True,"taymor , the avant garde director of broadway 's the lion king and the film titus , brings",
a728aabd1ccd0d60,True,True,True,filmmaking that is plainly dull and visually ugly when it is n't incomprehensible .,
44caa768c31a2a1e,True,True,True,the film to affirm love 's power to help people endure almost unimaginable horror,
d59dabbb792ce20f,True,True,True,a shame the marvelous first 101 minutes have to be combined with the misconceived final 5,
fd648c92ed3ba138,True,True,True,who has n't lost a bit of the dry humor that first made audiences on both sides of the atlantic love him,
a761adfe2c395eff,True,True,True,"the chateau has one very funny joke and a few other decent ones , but all it amounts to is a mildly funny , sometimes tedious , ultimately insignificant film .",
341740b9a528b330,True,True,True,eddie murphy and owen wilson have a cute partnership in i spy,
13de70e00ef85394,True,True,True,i 'll settle for a nice cool glass of iced tea and a jerry bruckheimer flick any day of the week,
c15f637fb4f1d772,True,True,False,'s ) better at fingering problems than finding solutions .,
9d1ef5e7a404a631,True,True,True,to sit through about 90 minutes of a so-called ` comedy ' and not laugh once,
558b11ce3cb6b1ce,True,True,True,", pointless meditation on losers in a gone-to-seed hotel .",
dd922772b0d9cd22,True,True,True,the pleasures that it does afford may be enough to keep many moviegoers occupied amidst some of the more serious-minded concerns of other year-end movies .,
279d3efa6b2387c3,True,True,True,"it 's not particularly well made , but since i found myself howling more than cringing , i 'd say the film works .",
9c572216866b3083,True,True,True,"to keep upping the ante on each other , just as their characters do in the film",
739d778cedbefeb5,True,True,True,"what 's so fun about this silly , outrageous , ingenious thriller",
00307d6fd8ea80fa,True,True,True,"only need to watch for about thirty seconds before you say to yourself , ` ah , yes",
747279029c853d48,True,True,True,"thoughtful dialogue elbowed aside by one-liners , and a visual style that incorporates rotoscope animation for no apparent reason except",
a624e88ff530369e,True,True,True,mariah carey gives us another peek at some of the magic we saw in glitter here in wisegirls .,
277f386f4dc51cde,False,False,False,"with the visceral sensation of longing , lasting traces of charlotte 's web of desire and desperation",
7d4262563b75bb8b,True,True,True,"decidedly flimsier with its many out-sized , out of character and logically porous action set",
6073eabf999cc463,True,True,True,sonny needs to overcome gaps in character development and story logic,
ad83ba27fc6ef7a0,True,True,True,expect more from director michael apted ( enigma ) and screenwriter nicholas kazan ( reversal of fortune ) than this cliche pileup,
8726baf7bf11cdea,True,True,True,remember that life 's ultimately a gamble and last orders are to be embraced,
519e1f26a4cf539a,True,True,True,has a bracing truth that 's refreshing after the phoniness of female-bonding pictures like divine secrets of the ya-ya sisterhood,
c01be0f75baf404e,True,True,False,it was only a matter of time before some savvy producer saw the potential success inherent in the mixture of bullock bubble and hugh goo .,
f13389b9e9fd2757,True,True,True,bring fresh good looks and an ease in front of the camera to the work .,
5b5715b82d1e409b,False,False,False,meyjes ' provocative film might be called an example of the haphazardness of evil .,
b40bb5a9cea802fe,True,True,True,"is whether these ambitions , laudable in themselves , justify a theatrical simulation of the death camp of auschwitz ii-birkenau .",
d255b205340a881b,True,True,True,"asks its audience -- in a heartwarming , nonjudgmental kind of way -- to consider what we value in our daily lives",
08536aadd3efa4e3,True,True,True,"diesel is that rare creature -- an action hero with table manners , and one who proves that elegance is more than tattoo deep .",
b86cc73b38172b73,True,True,True,has many of the things that made the first one charming .,
13aa2a8bc1861c88,True,True,True,"'s all stitched together with energy , intelligence and verve , enhanced by a surplus of vintage archive footage",
a239555f40058861,True,False,True,anything approaching even a vague reason to sit through it all,
7c81464c7d313eda,True,True,True,the beauty and power of the opera reside primarily in the music itself,
0595525ac23de2ae,True,True,True,"it takes a certain kind of horror movie to qualify as ` worse than expected , ' but ghost ship somehow manages to do exactly that .",
53d08f1ddb61f377,True,True,True,these were more repulsive than the first 30 or 40 minutes,
5160e11a0d27a75e,True,True,True,"the movie is so contrived , nonsensical and formulaic that , come to think of it , the day-old shelf would be a more appropriate location to store it .",
ed92236ca9f93a8d,True,True,True,"an undeniably gorgeous , terminally smitten document of a troubadour , his acolytes , and the triumph of his band .",
79e80d9286811b0f,False,True,False,"the little nuances that perhaps had to escape from director mark romanek 's self-conscious scrutiny to happen ,",
e83d3c267b2a2c0e,False,False,False,succeeds where its recent predecessor miserably fails because it demands that you suffer the dreadfulness of war from both sides .,
aece0efd16a41677,True,True,True,"like any good romance , son of the bride , proves it 's never too late to learn .",
74a13abac4a92ea2,True,True,True,"for something as splendid-looking as this particular film , the viewer expects something special but instead gets ( sci-fi ) rehash .",
c01e9ae2e0873471,True,True,True,spend $ 9 on the same stuff you can get for a buck or so in that greasy little vidgame pit in the theater lobby ?,
4f663c41c8f93756,False,False,False,a bittersweet drama about the limbo of grief and how truth-telling,
4d5f6658d084ac37,True,True,True,is so insanely dysfunctional that the rampantly designed equilibrium becomes a concept doofus .,
54ab1e462f3886b7,True,True,True,", storytelling fails to provide much more insight than the inside column of a torn book jacket .",
7533758222638109,True,True,True,should please fans of chris fuhrman 's posthumously published cult novel .,
2f4e72aef2ea6604,True,True,True,"the redeeming feature of chan 's films has always been the action , but the stunts in the tuxedo seem tired and , what 's worse , routine .",
ec463853e56e64c9,True,True,True,begun to split up so that it can do even more damage,
e74097fa5af88e05,False,False,True,powerfully drawn toward the light -- the light of the exit sign,
2637153cd061f787,True,True,True,the film 's messages of tolerance and diversity are n't particularly original,
80d6cdfe99264ada,True,True,True,"than on petter næss ' delicate , clever direction ... and a wonderful , imaginative script",
0e83b1ad819c759a,True,True,True,at least a few good ideas and features some decent performances,
75d4c8953180534c,True,True,True,is that van wilder does little that is actually funny with the material .,
048fec8af055444b,False,False,False,"my enjoyment came at the expense of seeing justice served , even if it 's a dish that 's best served cold",
147c5d969252c620,True,True,True,"a dim-witted and lazy spin-off of the animal planet documentary series , crocodile hunter",
58b9effdfc48f706,True,True,True,", the trip there is a great deal of fun .",
7e3cb642af9df569,True,True,True,why it fails is a riddle wrapped in a mystery inside an enigma .,
ea12a329c9f03743,False,True,False,a valiant attempt to tell a story about the vietnam war before the pathology set in,
1c85871d72c36239,True,True,True,"a very compelling , sensitive , intelligent and almost cohesive piece",
42ca132b8c7fb7af,True,True,False,succeeds as a powerful look at a failure of our justice system .,
8e7886b26ab83611,True,True,True,"( kline 's ) utterly convincing -- and deeply appealing -- as a noble teacher who embraces a strict moral code ,",
92db93f86a8555a6,True,True,True,"seldahl 's barbara is a precise and moving portrait of someone whose world is turned upside down , first by passion and then by illness .",
5c9c5e68d7b31a36,True,True,True,"the movie barely makes sense , with its unbelievable naïveté and arbitrary flashbacks .",
0162d843ba949093,True,True,True,targeted to the tiniest segment of an already obscure demographic .,
acd5f405ae944b39,False,False,True,applies more detail to the film 's music than to the story line,
5890600a4e5621c0,True,True,True,"it is does not rely on dumb gags , anatomical humor , or character cliches",
44dca8e3ed4093e8,True,True,True,'s pretentious in a way that verges on the amateurish .,
4708db1b16b7265e,True,True,True,high crimes carries almost no organic intrigue as a government / marine/legal mystery,
4bd55ce42e8832e9,True,True,True,"tends to speculation , conspiracy theories or , at best , circumstantial evidence",
cb51682f61a02592,True,True,True,why anyone who is not a character in this movie should care is beyond me .,
0733a0eaaf8326bf,True,True,True,"by the time it 's done with us , mira nair 's new movie has its audience giddy with the delight of discovery ,",
f821dac4c04aeb94,True,False,True,a satisfactory overview of the bizarre world of extreme athletes as several daredevils express their own views .,
5fbcda517e79b187,True,True,True,had a serious urge to grab the old lady at the end of my aisle 's walker and toss it at the screen in frustration,
b185133c033f47a6,True,True,True,"the recording sessions are intriguing , and -- on the way to striking a blow for artistic integrity -- this quality band may pick up new admirers",
01dcc09e8718e3b9,True,True,True,perhaps even the slc high command found writer-director mitch davis 's wall of kitsch hard going .,
c5e9964cfe4b597b,False,False,False,", it may be because teens are looking for something to make them laugh .",
a884306cf642ddaf,True,True,True,up not one but two flagrantly fake thunderstorms to underscore the action,
a3ba068fa02ce603,True,True,True,"acted and directed , it 's clear that washington most certainly has a new career ahead of him if he so chooses",
8444d21f10139047,True,True,True,"with ` bowling for columbine , ' michael moore gives us the perfect starting point for a national conversation about guns , violence , and fear .",
c0a1740731489d2b,True,True,True,"energy and geniality to please not only the fanatical adherents on either side , but also people who know nothing about the subject and think they",
203dc07fa1119ed0,False,False,False,"surely would have resulted in a smoother , more focused narrative without sacrificing any of the cultural intrigue",
1ea406cc70bb3fbd,True,True,True,i like about men with brooms and what is kind of special,
a7dc5e377607e5d4,True,True,True,a very funny romantic comedy about two skittish new york middle-agers who stumble into a relationship and then,
b97e9693f8d79740,True,True,True,"this makes it not only a detailed historical document , but an engaging and moving portrait of a subculture",
8d6243db5b4d9af2,False,False,False,of spontaneity in its execution and a dearth of real poignancy,
082a36ccae2c3b27,True,True,True,made spy kids a surprising winner with both adults and younger audiences,
aa84913b817d2504,True,True,True,of the condescending stereotypes that so often plague films dealing with the mentally ill,
3d82ab019f3e829e,True,False,True,"` anyone with a passion for cinema , and indeed sex , should see it as soon as possible . '",
9827f6fece43ca5c,True,True,True,saw the potential success inherent in the mixture of bullock bubble and hugh goo,
fdeed5f8116f4ac1,True,True,True,"a majestic achievement , an epic of astonishing grandeur and",
00eb8db90b7bfd18,True,True,True,pleasure to have a film like the hours as an alternative,
234580243bafc184,True,True,True,"a lovely film ... elegant , witty and beneath a prim exterior unabashedly romantic ...",
91be2a9d7d1c6c11,True,False,False,"that 's critic-proof , simply because it aims so low",
a7e0e9d75abac1cc,True,True,True,marks him as one of the most interesting writer/directors working today .,
ef12f65aec4910e8,True,True,True,"it could have been something special , but two things drag it down to mediocrity -- director clare peploe 's misunderstanding of marivaux 's rhythms , and mira sorvino 's limitations as a classical actress .",
3b6805166aa48f3f,True,True,True,"to be revealed by the dispassionate gantz brothers as ordinary , pasty lumpen",
3b5f9298a5b0e2b1,True,True,True,"has some cute moments , funny scenes , and hits the target audience ( young bow wow fans ) - with nothing but net",
7f888209a17772e3,True,True,True,is one of the biggest disappointments of the year .,
c93a5d463e8d4e83,True,True,True,the movie 's accumulated force still feels like an ugly knot tightening in your stomach .,
c2e50f3b1fcf09c3,True,True,True,"`` based on true events , '' a convolution of language that suggests it 's impossible to claim that it is `` based on a true story '' with a straight face .",
7719d36dd7c73fdc,True,True,True,the new film of anton chekhov 's the cherry orchard puts the ` ick ' in ` classic . ',
69c40cdc779c1881,True,True,True,"who do everything humanly possible to create characters who are sweet and believable , and are defeated by a screenplay that forces them into bizarre , implausible behavior",
18f7daabd6c74694,True,True,True,fails because it demands that you suffer the dreadfulness of war from both sides .,
47032dcaafefa1b3,True,True,True,"on tediously about their lives , loves and the art",
601c7efc410ad47e,True,True,True,"if you enjoy being rewarded by a script that assumes you are n't very bright , then blood work is for you .",
9ee861277c3052b2,True,True,True,has none of the charm and little of the intrigue from the tv series .,
c10ca5802e75ef70,True,True,False,"muccino seems to be exploring the idea of why human beings long for what they do n't have , and how this gets us in trouble .",
bc118a7b2695de84,True,True,True,spielberg 's realization of a near-future america is masterful .,
360f89287ee8029c,True,True,True,is an imaginative teacher of emotional intelligence in this engaging film about two men who discover what william james once called ` the gift of tears .,
add0f5d09f3ea6f4,True,True,True,"even if you 've seen `` stomp '' ( the stage show ) , you still have to see this !",
2833b26b2cacb9e4,True,False,True,"takes a surprising , subtle turn at the midway point",
8d4a62e0eb8bfa21,True,True,True,"decidedly flimsier with its many out-sized , out of character and logically porous action set pieces",
8b0bf2825cfac67d,True,False,True,"is life affirming and heartbreaking , sweet without the decay factor , funny and sad .",
32200967aa7073f3,True,True,True,disappointed in the relative modesty of a movie that sports a ` topless tutorial service,
db4363f7d8438b71,True,True,True,that the film opens with maggots crawling on a dead dog,
2cf6d92b5df05448,True,True,True,"one of those rare films that come by once in a while with flawless amounts of acting , direction , story and pace .",
14327c1f76f42290,True,True,True,"in retelling a historically significant , and personal , episode detailing how one international city welcomed tens of thousands of german jewish refugees while the world 's democracie",
d171fdd155146242,True,True,True,", first-class , natural acting and a look at `` the real americans '' make this a charmer .",
fee725e45a71cb74,True,True,True,"the screenwriters eventually shoot themselves in the feet with cop flick cliches like an oily arms dealer , squad car pile-ups and the requisite screaming captain",
095307b60cd18ee5,True,True,True,leaves little doubt that kidman has become one of our best actors .,
6a8bb108ec8177c2,True,True,True,"on digital video , whose tiny camera enables shafer to navigate spaces both large ... and small ... with considerable aplomb",
8aa2245fa4580b60,True,True,True,'s a pity that ( nelson 's ) achievement does n't match his ambition,
7fbc5e114e3ec404,True,True,True,"'s a frightful vanity film that , no doubt , pays off what debt miramax felt they owed to benigni",
c11ea3ccb10c5bd2,True,True,True,"is unusual , food-for-thought cinema that 's as entertaining as it is instructive .",
f35fb0e51aa23515,True,True,True,"the storylines are woven together skilfully , the magnificent swooping aerial shots are breathtaking ,",
35aab9381f874e2d,True,True,True,atom egoyan has conjured up a multilayered work that tackles any number of fascinating issues,
c74e98b56d81d35a,True,True,True,are rendered with such clarity that it 's as if it all happened only yesterday,
1c5f349836731358,True,True,True,"world traveler might not go anywhere new , or arrive anyplace special , but it 's certainly an honest attempt to get at something",
18444ef6543ca8cd,True,True,True,it 's a well-written and occasionally challenging social drama that actually has something interesting to say,
fd10daf32243985a,True,True,True,"like the english patient and the unbearable lightness of being , the hours is one of those reputedly `` unfilmable '' novels that has bucked the odds to emerge as an exquisite motion picture in its own right .",
36730d5ad324a5d6,True,True,False,that anyone in his right mind would want to see the it,
5f49a27990f3ca91,True,True,True,... although this idea is `` new '' the results are tired .,
6de271d9fe952040,True,True,True,a film centering on a traditional indian wedding in contemporary new delhi may not sound like specialized fare,
20f96f4c047abf7d,True,True,True,sees it as a chance to revitalize what is and always has been remarkable about clung-to traditions .,
056b263475f005ed,True,True,True,is hard to tell who is chasing who or why,
5b7fc3a84a4fd65e,True,True,True,how a skillful filmmaker can impart a message without bludgeoning the audience over the head,
f01c1769dfc3fdd7,True,True,True,provides an accessible introduction as well as some intelligent observations on the success of bollywood,
cf23219da1ea9f72,True,True,True,", there is little else to recommend `` never again . ''",
9d46e087d787040c,True,True,True,is painfully foolish in trying to hold onto what 's left of his passe ' chopsocky glory,
ac1e20f90865bfe1,True,False,False,"/ but daphne , you 're too buff / fred thinks he 's tough / and velma - wow , you 've lost weight !",
c9dac7d6fd8ffe8d,False,False,False,a sobering and powerful documentary about the most severe kind of personal loss : rejection by one 's mother,
c97b5644cf8c6ca6,True,True,True,"though it 's not very well shot or composed or edited , the score is too insistent and",
f3a95e9fca805832,True,True,True,of sympathizing with terrorist motivations by presenting the `` other side of the story,
9de08ab9198effab,False,True,True,have you leaving the theater with a smile on your face,
b0827213447a474b,True,True,True,episode ii -- attack of the clones is a technological exercise that lacks juice and delight .,
290cc457bdb76577,False,False,False,does n't mean you have to check your brain at the door,
764c04c000c0a60b,False,False,False,of a witty expose on the banality and hypocrisy of too much kid-vid,
0ac1cb828376c8ff,True,True,True,of a chafing inner loneliness and desperate grandiosity that tend to characterize puberty,
816e55fb6a00c54f,True,True,True,"been replaced with morph , a cute alien creature who mimics everyone and everything around",
df6128de7f68aada,True,True,True,while adding a bit of heart and unsettling subject matter,
e1c8f3555a3e6d2b,True,True,False,"an old-fashioned scary movie , one that relies on lingering terror punctuated by sudden shocks and not constant bloodshed",
5f75c936ed7fdda6,True,True,True,"ultimately too repellent to fully endear itself to american art house audiences , but it is notable for its stylistic austerity and forcefulness .",
bca2b993f4337faa,False,True,True,"miller digs into their very minds to find an unblinking , flawed humanity .",
58a07d6f5a897a81,True,True,True,fans of sandler 's comic taste may find it uninteresting,
e643f15655407319,True,True,True,"the redeeming feature of chan 's films has always been the action ,",
a8bcf29157275995,True,True,True,takes a potentially trite and overused concept ( aliens come to earth ) and,
1aa54a8920757b58,True,True,True,a hollywood satire but winds up as the kind of film that should be the target of something,
a52e8e265e9cec79,False,False,False,a well-intentioned effort that 's still too burdened by the actor,
